{"visualise": [2577.3018340474505, 2519.7541317096207, 2450.1975095109447, 2642.6385771002165, 2659.744881417418, 2541.839185170244, 2382.801649323094, 2405.587076634544, 2635.8135931358543, 2549.617919333194], "editone": [2259.8408004339967, 2136.7712725343854, 2207.6903007055353, 2188.5069908770747, 2184.311029186383, 2225.213189006269, 2169.032778158374, 2218.081184915301, 2172.895584614907, 2189.0916263313807], "editall": [1607.991506194967, 1630.814249397017, 1583.3501379621582, 1506.9863688463786, 1547.3567210060494, 1613.899261149693, 1504.0702075535737, 1581.1264560990992, 1541.0572802144998, 1602.3435050260873], "queryall": [2386.4118022185266, 2213.5045382711114, 2301.3565622139076, 2367.539120387752, 2277.560260762677, 2372.938027755504, 2336.159302561039, 2202.486172772539, 2360.527244929354, 2302.247477816284], "queryone": [1210.9331150610667, 1139.8680466076958, 1194.7110492100203, 1164.0383212691165, 1163.7982002359151, 1216.9490448637682, 1144.6480830646958, 1171.4563563051922, 1119.1055380678613, 1126.9152332579145], "editgeomone": [2008.0111961974112, 2036.5763655062435, 2234.1382366500097, 1981.987543409206, 2177.8198937210727, 2145.7088819436326, 1972.0609129060006, 1906.3987904490757, 1983.3215532717138, 2039.8294889093122], "bufferone": [1082.2070433094207, 1166.1434873395206, 1052.3952772009452, 1115.5002986293428, 1041.4534090524337, 1115.0334270647675, 1053.1760451987232, 1106.4003283373613, 1029.427019161933, 1131.8668661400682], "editgeomall": [2149.1114472126974, 2047.7991300816134, 2154.8329594706843, 2115.127321209544, 2166.269152792144, 2059.858501805233, 2148.3278920753273, 2042.0988902539589, 2079.557753964659, 2038.2118197805573], "bufferall": [5308.373350049823, 5270.864746290847, 5349.615018744456, 5300.802279218458, 5191.722045592902, 5588.772439073235, 5150.397854657112, 5244.315503406845, 5424.176410662029, 5191.160073044869], "decode": [145, 130, 127, 137, 126]}