{"visualise": [50573.240544627006, 45949.421557454654, 51349.75491583942, 47057.362319861655, 48835.81361036277, 47451.52642392739, 46496.317916528875, 49419.86681356453, 45909.69000196655, 48696.25887280645], "editone": [34294.716932294024, 32510.810670068033, 34364.69699683681, 32569.71075905307, 31624.579753591686, 33334.518920590024, 34537.566919080324, 34675.042916975995, 32690.285560073517, 33806.40288890058], "editall": [16205.901746437492, 15130.379751013046, 16628.413841228838, 15989.795333963284, 14570.649918463172, 15133.78157475112, 15444.010238784964, 15905.876095772985, 15506.680354147335, 15538.844693646242], "queryall": [45047.75538372893, 45818.983180516414, 47478.1406718038, 44942.228180405276, 47517.25938638394, 43375.90198940052, 48597.91735467442, 45535.59153474002, 44764.20019263154, 47191.73125394846], "queryone": [4157.944440894654, 4225.815798867061, 4054.115391235944, 4264.2380780378135, 3955.021075924475, 4342.182877252832, 4097.62932163885, 3993.712809636776, 4063.8380410257037, 4156.13992158695], "editgeomone": [33010.11869510292, 34000.51748816663, 34559.63790379584, 31370.677033295276, 33719.90798573519, 30457.244497931053, 31796.21554892289, 31824.354836615967, 31769.256694229527, 33471.973311708716], "bufferone": [1326.7487187964184, 1317.5879067914261, 1252.1591259312975, 1291.0105622806543, 1303.9329066274493, 1270.7624947301165, 1334.1837114272441, 1300.32983321794, 1287.100606497129, 1261.9546189842652], "editgeomall": [32605.4044416896, 34264.00869920718, 34155.5871265591, 32455.497420123967, 32686.671300374375, 32704.837646666085, 32799.707276312605, 34139.970250430844, 34817.727988368, 35305.63308522168], "bufferall": [43999.52042201499, 43878.672344139566, 44857.47081754054, 40743.814812031844, 46069.33296727349, 42782.37151031741, 44757.51176964383, 45311.79468363621, 42562.90800002079, 46142.2247032458], "decode": [1593377136869, 1936, 1593377206742, 1880, 1979]}