{"visualise": [2348.2938090308876, 2247.522907868778, 2348.160970454745, 2286.920173683833, 2163.5927799980423, 2392.926313658051, 2264.739424234769, 2277.853979866872, 2201.8672328779485, 2253.9491681419145], "editone": [2108.651980448715, 1918.8550220603545, 2034.97793421772, 1910.352749498404, 1994.4257618662273, 1946.1237214070154, 1996.48381359858, 2123.358781380947, 1996.045950206584, 2096.129469209121], "editall": [1576.5388717147937, 1693.578802542804, 1587.4329038317721, 1512.820392178345, 1633.2638192919244, 1570.4413114082986, 1599.712326273949, 1590.7673155041468, 1620.0688129757102, 1557.8514057687084], "queryall": [2154.1425684438104, 2374.806431066102, 2160.233831577306, 2161.866067767502, 2229.330183592234, 2264.1654250523916, 2153.56138700483, 2186.180383144722, 2140.960092197051, 2317.5655933906655], "queryone": [1154.729417260574, 1151.0480017545576, 1239.1305375035358, 1173.4373448951417, 1176.8489599520822, 1220.4965514583478, 1188.967467912458, 1174.5571576880798, 1157.5246398565278, 1149.0215669085828], "editgeomone": [1984.0377774621422, 1946.5477697167976, 2104.586674395009, 1966.8809271493328, 2059.7226310830843, 2066.1662891878377, 2110.5344081183816, 1939.7772429729685, 1965.312243922631, 2098.5992523420946], "bufferone": [1109.873274495416, 1076.7743604380955, 1094.1665923180665, 1144.7376386877302, 1052.1914401580552, 1111.6827347880105, 1075.9490758988925, 1101.6702123235234, 1076.5285128249043, 1091.804456253961], "editgeomall": [1970.9882460443118, 2082.3410546712994, 2062.739287395678, 2069.4974969615932, 2174.976174139859, 1902.7998288822503, 1982.7504825542244, 1920.8551470035798, 2047.353138608216, 2056.6191735895886], "bufferall": [2727.264536713343, 2701.4104538465554, 2621.255363378103, 2843.242900966422, 2641.846879998145, 2737.060389685906, 2811.5673214902477, 2737.5082587827555, 2726.9466352171507, 2641.7456550092734], "decode": [135, 141, 141, 129, 145]}