{"visualise": [2253.7080477116765, 2194.461166074946, 2210.8510648893725, 2322.332202811129, 2200.6057229101607, 2177.0311286104547, 2243.795740776032, 2231.431784960295, 2285.5819613709964, 2280.8295953159845], "editone": [2053.7365387070136, 1991.14896273229, 1943.682109811563, 1956.3352631005773, 1966.337710271855, 1856.028152200476, 1996.717977485507, 1963.6473922327536, 1901.5629958189022, 1888.0087491156098], "editall": [1603.5112072168022, 1579.9332406489052, 1461.1201868449614, 1623.900352643602, 1539.3611123418052, 1596.0668947810711, 1475.729519356656, 1478.8442480018855, 1543.6827962358338, 1478.6595214595725], "queryall": [2179.3047266487183, 2254.6356523496547, 2198.996334558664, 2116.209180756565, 2110.553211257503, 2214.600664461621, 2149.79116399731, 2226.647817788372, 2230.39133606814, 2230.0299924940587], "queryone": [1169.9675829293287, 1235.3753900098548, 1161.4543316330453, 1226.3471107542614, 1198.3461577125354, 1195.1780210151373, 1198.1290345306377, 1184.430079940613, 1239.2222754480056, 1114.3691541849255], "editgeomone": [2013.9167864944177, 2025.2702160476472, 1933.699913025371, 1879.5598506993265, 1945.2973358261277, 1979.090539670401, 2119.763474738706, 2020.6592185544857, 1984.7483433450418, 1958.6815801357184], "bufferone": [1051.6619333385959, 1090.8753927474856, 1085.68827797405, 1114.4713105924318, 1041.6457138530398, 1088.4721080350291, 1024.0534136145823, 1075.2813508125298, 1073.2871990702452, 1105.3087653249831], "editgeomall": [2145.969543537585, 2004.0684533116687, 1979.5246327795396, 2061.566711755005, 1963.2681568182948, 2038.808262603445, 1960.719548296406, 1912.16320863799, 1985.783797069343, 1959.4863386352959], "bufferall": [2792.11852509556, 2664.008729433536, 2703.143965601041, 2812.090851055882, 2768.8968481967295, 2807.067086897232, 2823.5439997158282, 2638.435080614323, 2681.2915324303963, 2723.9307191279922]}