{"visualise": [2523.721926077689, 2410.876668859698, 2351.5251125470127, 2497.2689747338036, 2446.705576942864, 2393.098823680115, 2485.181374142894, 2409.7526046864145, 2384.222509648052, 2456.1535086467143], "editone": [1961.0938096334303, 2111.1404906915363, 2019.5309380578856, 2076.92339060623, 2175.5281322793153, 2209.5964244130964, 2172.8361907776666, 2069.226867179799, 2088.783136178777, 2164.7415997098674], "editall": [1626.4318424261887, 1492.8355446776502, 1636.327631192388, 1605.8659930696176, 1601.7329329913698, 1584.759526960848, 1568.1238988385837, 1513.4103473293376, 1595.6697423151236, 1605.4885401960996], "queryall": [2344.255213919253, 2362.064771100604, 2254.9909509223385, 2479.1201251228026, 2504.1948092592024, 2493.4789713791047, 2527.199926328312, 2525.842118067546, 2428.2604002556504, 2414.664604057169], "queryone": [1215.9172636953685, 1223.0877257389395, 1127.5012673993926, 1141.606425551568, 1184.5234159418678, 1168.3655910801267, 1229.8142606684128, 1226.7478922369482, 1202.833036444664, 1216.6776930688795], "editgeomone": [2014.4888756026853, 2062.678249977419, 2093.030566511167, 2189.200469460667, 2124.675223234806, 2129.3439276907907, 2118.524188507732, 2123.9790494532913, 2064.853132238003, 2128.8480688142236], "bufferone": [1091.939266465478, 1036.2461772564272, 1078.6449289231955, 1096.6290874788615, 1089.2030086553839, 1130.8094325779512, 1081.5272931998154, 1062.6852304634083, 1026.1709371163038, 1115.7913905359571], "editgeomall": [1989.6103863079945, 2096.7634660948834, 2048.72461150856, 2213.081944430187, 2265.4904934372917, 2230.5925073903363, 2105.593093880555, 2100.5573576316533, 2087.4847412150434, 2239.1295067115675], "bufferall": [5138.622309907737, 5132.546196482503, 5082.219522621146, 5340.773999621927, 5083.893207958619, 5301.409873101127, 5127.402209894257, 5398.776167518716, 5589.187721757275, 5398.820153841318]}