{"visualise": [23699.605617327463, 21911.3284792438, 22204.827668410475, 22483.940960760094, 22309.424610486472, 23529.453079676932, 22015.588000711767, 22103.8030296386, 22900.914203839773, 22491.83064479999], "editone": [20161.487925296784, 20176.776905610957, 20006.664790838746, 20624.3389552816, 20103.716821476348, 19373.462340022026, 21170.600643261667, 20349.193599669066, 18459.61599811577, 20493.004257095352], "editall": [9814.512757105158, 9514.578640163032, 9144.489641962891, 9524.703000123538, 9308.882302931574, 9030.155563518336, 9821.014060994125, 9458.342826849339, 9239.03629345822, 9628.114688732625], "queryall": [27203.521565248542, 27770.101069536642, 26448.686062369365, 26188.483774513406, 26642.393161023287, 27006.623734513494, 26711.707382225086, 27257.276357480983, 27084.727901756185, 26603.067124275956], "queryone": [2375.1103225116553, 2435.9319319618553, 2270.762766325381, 2387.528420492745, 2283.920625070627, 2180.3841582179766, 2361.8965999411375, 2330.782874149392, 2392.3673336472134, 2461.3099649411547], "editgeomone": [19354.45619509456, 19677.631003350383, 20231.137171354978, 19640.147274961866, 20384.8235936048, 19143.106897120742, 20302.743213744467, 19528.765627974608, 19588.492791260975, 20113.478560435236], "bufferone": [1221.0046199754518, 1168.2163742746563, 1164.6343581157837, 1195.1415544053316, 1234.4800350861974, 1189.3062487370728, 1170.6633408914017, 1130.369995942458, 1192.6257590789119, 1183.0226180142515], "editgeomall": [21013.085538937634, 21175.884236520487, 20710.405950460645, 20072.495381527326, 21148.46761083059, 20659.692684145448, 19038.33425962595, 20618.96892217574, 20927.054776090128, 20726.78578830591], "bufferall": [32237.04647658754, 31572.61295100814, 31389.336077312662, 31945.32522776427, 30882.353965168735, 29621.764086289404, 32868.92411438352, 31257.816380645938, 32712.55099060519, 30962.200593119276]}