{"visualise": [1661.7074448340227, 1696.5676623729967, 1627.5368698194957, 1679.306772439536, 1688.3764302259278, 1672.7024680554139, 1739.8327375222611, 1682.677648559422, 1663.1152632298285, 1674.6624010121482], "editone": [1764.713086868026, 1698.8268445600636, 1646.6332844478588, 1727.7861034561552, 1736.3051511509404, 1642.6620625220314, 1589.7557855746352, 1772.6042340480942, 1716.3427393600837, 1703.7948097948565], "editall": [1308.7275770420968, 1215.4851912111553, 1249.090036742386, 1303.3675999112927, 1234.1202692468014, 1244.3037057662293, 1249.756130004031, 1227.1882708944063, 1263.4415824908062, 1289.7000164587012], "queryall": [1802.4088017869562, 1814.6404441628063, 1961.6882122238, 1854.7944312006116, 1747.129880278877, 1864.4584327401778, 1886.180622255288, 1888.250686859397, 1839.3921824713823, 1865.6031982642362], "queryone": [1248.24028488104, 1222.1628833320544, 1248.20998565448, 1156.826756659376, 1287.705136101737, 1216.060622585627, 1240.3439437667137, 1125.1406541426475, 1167.438285588185, 1141.4287003144743], "editgeomone": [1925.231775267816, 1976.1790461170956, 1907.4430708898133, 1909.418923360636, 1943.6888434163973, 1788.1648524545446, 1916.1097499198336, 1923.512748390156, 1803.0590118826271, 1854.6043512877366], "bufferone": [1139.7621875067957, 1102.472781564193, 1093.2203667060476, 1112.1378466575852, 1068.6038982069622, 1081.4870401641692, 1131.5203159235562, 1091.626090318018, 1173.5574545919278, 1136.3869241027676], "editgeomall": [1683.5090812493386, 1721.9340441723425, 1711.6967160112795, 1720.5632602822718, 1753.4072173909667, 1695.4445742995404, 1688.5747677011939, 1728.6934027766663, 1765.7207113557704, 1738.449177071901], "bufferall": [2989.595627168417, 2889.3634632192693, 3102.505588515942, 2844.017437058862, 3164.4555696715493, 2909.242862145064, 2932.3618578717274, 2965.561208719451, 2808.6420232036203, 3138.2035329917057]}