{"visualise": [37521.96727092133, 39675.35340139928, 37883.098568987865, 39109.39534384152, 39746.08306293143, 38723.43784888945, 41166.84109212065, 38433.44124438058, 38801.21603555916, 39540.030967646075], "editone": [32941.21000326338, 34357.76399814021, 33749.28482940566, 34817.77038741731, 33062.13046739416, 33895.83335218696, 34076.66016597256, 31954.757039078522, 33507.87157062584, 33164.88635801901], "editall": [19094.73400636683, 20275.901998078032, 20184.911462691307, 19638.056944356053, 19771.21196906791, 20000.729594109896, 20337.634160194997, 21506.015587281454, 20301.670293109204, 21413.782628484525], "queryall": [51173.394508918864, 48274.47733625937, 48398.470851323174, 48069.27014452813, 52514.50429957642, 48880.063492804744, 50409.06189061498, 46169.80523280102, 50539.97514414261, 46361.377286076466], "queryone": [4504.347762025093, 4648.251931010903, 4368.081601589562, 4617.806195408107, 4406.349597187004, 4273.084046771502, 4653.098336336826, 4408.29421460729, 4199.049563601842, 4329.05278211626], "editgeomone": [50006.31363709127, 48822.7884400231, 48341.24702218988, 46328.366692374366, 52212.97826229021, 51909.99455582341, 50025.086655936946, 49899.836200646096, 50937.910922945826, 49888.172532992656], "bufferone": [1372.2631919910807, 1355.5959464331204, 1446.5890837648685, 1321.6070888050335, 1321.3758826442106, 1455.3535497501628, 1350.294959621846, 1323.9965317731276, 1373.9302870789754, 1315.4489482502486], "editgeomall": [31142.411365291802, 34007.61440697995, 33799.58144125009, 33174.24311078242, 31995.74095064884, 32106.080474192593, 34263.93608734055, 33999.00505828583, 32191.974996493635, 33805.51902849127], "bufferall": [56485.36788415677, 52885.96285940948, 52768.63816220196, 51638.7342740849, 53457.21438257841, 54120.24235031354, 54807.31353278695, 52181.24286908898, 53407.43262566004, 54532.45322644397]}