{"visualise": [15737.598470445375, 15610.187106129013, 16019.063162455397, 14693.40854009346, 15131.125886201437, 15784.556901581316, 14635.794207274908, 15682.48303671657, 15646.94378578712, 15377.330095085606], "editone": [13789.379244139582, 13245.867492006291, 13165.53781119267, 13289.626135656652, 13208.301044692735, 14002.441783292448, 13694.479568511357, 13403.026377705995, 13842.220491976763, 13592.968759313628], "editall": [9934.778238308832, 9137.771472183986, 9532.54498478078, 9816.972021556367, 9350.71273269242, 9370.631656962809, 9652.325258428498, 9577.296868232756, 10328.542391816009, 10147.919350753094], "queryall": [17974.373717082104, 18720.624197477304, 18519.13394669754, 18667.018865735856, 18903.845656614667, 17742.708096235077, 18615.58444649942, 18303.148385322806, 19430.98687528135, 19243.442830268592], "queryone": [1941.9685049734085, 1895.655142961007, 1959.878157292706, 1912.1760094082988, 2004.0507452592103, 1925.9387837821466, 1958.428259590331, 2008.2219849479693, 1877.21714726914, 2015.4763673158038], "editgeomone": [13536.387473150162, 13597.624782946144, 13703.072246535421, 13332.63180880211, 13765.643452432863, 12919.460726072943, 13397.644291317254, 13703.547877458102, 13532.9836161137, 13793.147148137406], "bufferone": [1125.6519607664757, 1067.6224906462855, 1111.5684223828266, 1074.9251687422834, 1169.6696940476027, 1130.2602883387679, 1177.7567767134449, 1236.139085274348, 1144.9147794996807, 1159.6231428358392], "editgeomall": [13333.947693096441, 14167.906869525757, 13561.889087745163, 14034.797805616974, 13807.354980275202, 13692.8688467009, 12779.290010498315, 12997.903133097176, 13345.720800738, 12446.680469595141], "bufferall": [22640.053190231505, 23480.633941755685, 22840.462352413553, 24174.525139203175, 23241.85249090955, 24470.24177199929, 24048.89716218024, 25602.369895760738, 24427.06789656058, 21835.857246340678], "decode": [1282, 1323, 1593376764249, 1344, 1309]}