{"visualise": [49227.890788105804, 49189.54838892147, 50723.36951346988, 49500.62203825917, 49815.93854318357, 50990.451875359904, 50531.69743946862, 48548.775223151715, 48061.28187060462, 51417.71398009574], "editone": [37696.14741052991, 36010.978431570584, 37201.617575478784, 36351.387602663766, 34179.231732838576, 35800.4751734029, 34385.999202177765, 37161.23113205398, 36062.521759438256, 37345.18940030836], "editall": [15487.853536662571, 14887.959964467269, 15948.69390757108, 15750.90559904002, 15045.365195929517, 15316.010120429088, 16424.453626559905, 15465.116242854458, 15691.024121626571, 15628.934585853543], "queryall": [14208.220103921563, 13698.937463516246, 13571.060176713938, 13503.301059665042, 13452.320786040693, 13912.424264289011, 14729.071105523959, 14617.701946374746, 13534.569069891233, 13961.247042072528], "queryone": [4152.477691081564, 4017.1450501998042, 4157.3593609377, 3998.634243079722, 4229.087426149993, 3933.2593023066497, 4249.524505932516, 4291.480510366909, 4097.396806685067, 4014.1369133331573], "editgeomone": [37055.487969973845, 34328.82006824128, 36943.46086888227, 34080.28762804303, 34209.5724980683, 35044.02707989624, 35710.25690594868, 35138.49254872074, 34496.23206065659, 34445.92931649176], "bufferone": [1338.8098296321768, 1326.946917859128, 1294.2508861896983, 1241.5967053882566, 1367.8489145442336, 1338.392951480144, 1349.653887118034, 1315.2911521292847, 1270.5579799233765, 1354.3428901717339], "editgeomall": [35930.646984953746, 36447.48596109675, 32872.04085165064, 37082.60216366856, 37391.72847815905, 34365.53415998558, 34293.753232418334, 36123.250167473234, 35281.676443584125, 34448.93506786177], "bufferall": [45251.47454992296, 48345.36367861054, 44273.1351294486, 44518.6901837412, 43891.41536168751, 42493.227658055876, 46057.24225201586, 45582.11208784742, 44061.8429306375, 46444.81312820425]}