{"visualise": [2021.4543808266087, 2086.2971654264, 1889.4129182194333, 1997.7126206700693, 2090.0145634715027, 1969.2088705323156, 1944.6248289937566, 2119.531421442167, 2007.1085731345322, 1903.93624506768], "editone": [1700.1700647070004, 1709.7592799855179, 1588.4714931801989, 1704.8436162506684, 1660.5363457173196, 1715.9875617289617, 1824.6025027752821, 1854.452489386439, 1692.7346263717334, 1597.7149912447387], "editall": [1487.341764999755, 1510.7274329987035, 1541.7177749862803, 1490.8499831478318, 1478.715104262636, 1521.5631473346336, 1528.1188131346566, 1485.0831721975062, 1471.2763265987453, 1536.0689622467596], "queryall": [1832.4015927292437, 1759.136241270426, 1814.456830905729, 1878.5082071202626, 1744.4603127692867, 1762.5141723769816, 1746.0761757869643, 1756.4659253010523, 1800.2507537182987, 1823.8854669912357], "queryone": [1306.968522150532, 1237.6363611898482, 1255.887795615931, 1255.8133641488603, 1252.50100812009, 1301.8692028990433, 1264.0177954499095, 1271.6113656789432, 1225.6605922391605, 1301.3322851573078], "editgeomone": [1617.8060993264503, 1810.8348641861733, 1706.6767098585701, 1724.781710672393, 1777.650770147027, 1784.780732871394, 1683.2007723909355, 1746.4182244220256, 1742.8333447241105, 1695.8703925232435], "bufferone": [1206.0470717447017, 1133.1218421835745, 1173.1868843863563, 1182.5497639253563, 1119.4332042401147, 1127.2372123463713, 1176.2360137075382, 1169.1021701088405, 1213.4486106479271, 1136.8888562496713], "editgeomall": [1682.2184822284303, 1717.0418216702055, 1689.1164747581051, 1719.592171299358, 1669.1908391307895, 1688.655156600147, 1805.443642589598, 1813.8352138208188, 1696.659183324702, 1717.987986671076], "bufferall": [2411.070942118638, 2558.27542928143, 2490.1453176690784, 2490.509591468906, 2317.3439619380924, 2508.9270927164, 2493.154693551535, 2335.8263994691233, 2319.0494514490406, 2470.215381771552], "decode": [47, 46, 45, 49, 47]}