{"visualise": [38519.92240956606, 38823.59800250252, 36749.805578593994, 36335.86216736028, 38973.26677870025, 35212.757691952764, 39066.93765668039, 38796.12801332164, 37440.59505402832, 38364.257692696025], "editone": [31700.055519041136, 31891.819727209826, 32822.095108438116, 32240.125029022984, 31190.603001117426, 33437.449892623656, 31913.01316630924, 33518.308317366806, 33449.38822938628, 34088.683865785584], "editall": [19954.415617443745, 20066.598511523836, 20626.89669793214, 20050.77591586388, 19753.396003931637, 19741.589490994196, 19613.70220013678, 19741.210879980277, 20883.655006199995, 19535.389703380908], "queryall": [47195.26231493591, 48185.1248452365, 46871.04284601742, 49491.86202098377, 48113.32965899329, 47105.68552451064, 50626.96050774473, 49578.88101060423, 47541.67365794117, 48054.86547520739], "queryone": [4596.013144581811, 4270.0395399112695, 4475.753963018134, 4380.393805703541, 4438.643031718721, 4529.600224111384, 4449.190859514159, 4540.934251240708, 4673.103858728901, 4301.985385805335], "editgeomone": [34157.0801679379, 33189.65357779338, 32741.21519193218, 33017.79647568775, 31481.767449743787, 30806.083105174024, 32345.54486444504, 32538.141808535813, 34442.79516914541, 32736.06103507095], "bufferone": [1410.6753197811074, 1322.1492393091119, 1316.7049282598805, 1382.829400008271, 1363.7035710088633, 1271.6041123397956, 1306.8128262700882, 1299.6801565694823, 1334.0050623838194, 1272.9672057985056], "editgeomall": [34633.84357176246, 31428.59212948473, 33684.65233992606, 34188.2434025717, 34289.08637059561, 33194.72659132031, 33975.048382490415, 34639.62973387965, 34344.47561958892, 35666.201624805304], "bufferall": [53288.00537970212, 54427.845186283455, 51158.214916126126, 54909.57568833122, 55703.93337072405, 50372.858313624056, 51517.96489843448, 56025.715419250046, 54401.1780434931, 49466.938636504165], "decode": [2068, 2070, 2009, 2237, 2042]}