{"visualise": [2868.5307006389835, 2672.96403299195, 2902.371033479056, 2761.000090949003, 2685.0704182358086, 2805.687395909921, 2803.3442327806047, 2677.194301113726, 2783.4665467133063, 2909.421919907853], "editone": [2377.054708247985, 2286.009306165958, 2373.2220857679463, 2257.355955694817, 2288.0692259087077, 2449.336271010271, 2284.481373547342, 2223.1264027855286, 2344.3013187517613, 2313.288748065241], "editall": [1698.3043037526961, 1702.5363190153746, 1731.019724643316, 1762.8399570547022, 1821.8454029080692, 1683.422740523671, 1696.529142620182, 1632.6355779130897, 1780.8164781419478, 1681.4908962700815], "queryall": [2993.795302668297, 3130.3258436183232, 2835.8310167114905, 3099.412788716569, 3130.1739933737235, 3183.4372938459123, 3098.734546923294, 3063.7634683755423, 3144.548294414834, 3032.34615490592], "queryone": [1265.7418075390322, 1413.0361308828055, 1340.8766987068957, 1334.0657618079538, 1397.6531863524685, 1421.4322395613804, 1446.9402831077737, 1374.5350142307075, 1383.364755532696, 1362.1932143523538], "editgeomone": [2442.149165010219, 2519.6559498126853, 2417.420197587922, 2372.892410130185, 2388.078560994627, 2412.996763981388, 2389.0991132537692, 2497.966545932422, 2403.9283888511713, 2276.0583449922797], "bufferone": [1119.7529000846025, 1049.8879220117165, 1116.171271971788, 1158.9403140578652, 1101.1334410891575, 1115.1740791178424, 1093.2332363543221, 1065.4835899945547, 1056.0382109686157, 1049.4168906770458], "editgeomall": [2191.780099483413, 2174.672867949536, 2189.508336655111, 2327.168775182413, 2190.955045717708, 2373.602311287256, 2274.936294769074, 2303.342381556495, 2243.356017167603, 2294.022419091503], "bufferall": [1715.399143541444, 1825.049615235345, 1871.3714774723176, 1781.2620747677813, 1924.6667616053182, 1756.1503976509525, 1832.7198917396415, 1846.3044841709373, 1865.054086862211, 1860.3583138967285]}