{"visualise": [2921.5072219473564, 3012.37271462392, 2764.967709338644, 2886.615214665698, 3173.890354432082, 2920.366639705673, 2948.260738995565, 2872.1874555848335, 2875.2100727442994, 2972.134085751868], "editone": [2526.495865325187, 2392.530796674307, 2535.3764721211496, 2313.630477602718, 2512.84507726321, 2382.9881943029045, 2342.893547452744, 2321.6565881317765, 2431.3213116426055, 2569.664081109854], "editall": [1789.1805508476857, 1638.2380670894945, 1755.1152745119334, 1805.0960043601578, 1785.2090557017907, 1713.4432710973213, 1783.934055817206, 1656.22417829303, 1735.9051560390983, 1630.6008171383394], "queryall": [3050.405913696749, 3026.810845835805, 2974.0854580768378, 3086.674388877855, 3049.826163638379, 3177.960202235201, 2934.047555605313, 3140.7995644001403, 2985.162247612651, 2983.3438749811294], "queryone": [1532.9811759158158, 1375.994876497652, 1390.1985292369473, 1383.2627908430297, 1444.5446392157394, 1444.6783389247055, 1452.1213559839075, 1382.047442008596, 1395.7640458685808, 1438.3598083809732], "editgeomone": [2461.9362144703127, 2452.205763901231, 2388.3071121144167, 2200.5426783715952, 2315.858623364615, 2329.2791655186265, 2357.4885989898476, 2356.330884647143, 2281.653192735846, 2427.955310703914], "bufferone": [1068.832906961827, 1112.8356179906357, 1066.2992133292946, 1055.890019055445, 1013.0513062972084, 1124.6559286992813, 1077.037657354661, 1071.260514591805, 1092.8843684815236, 1131.2721129338465], "editgeomall": [2293.6144991570736, 2411.239833391978, 2356.0664401861914, 2335.0855190178913, 2470.418841616378, 2335.6271298551937, 2289.0729017697786, 2387.824950552978, 2339.4806998519766, 2343.183787307145], "bufferall": [1975.3031324082451, 1995.57122534821, 2147.4940720802247, 2056.693653054682, 2097.6242888270676, 2036.0586742801795, 2142.339633119983, 2039.0112679932836, 1922.7764343290394, 1997.2102884971237], "decode": [82, 90, 84, 81, 80]}