{"visualise": [855776.4806687109, 873766.2526539593, 830383.1824881384, 816764.8997408402, 823784.0366917017, 854966.578102876, 822008.3757357065, 824526.1634956336, 836717.6996172047, 863570.5432272622], "editall": [803843.7291165653, 805970.7938689982, 786463.0598705118, 787068.2623938612, 782687.6323979736, 828014.138352499, 770762.035032242, 817970.8791779275, 792098.6578391922, 775998.3341972154], "queryall": [2085828.2652324657, 2017725.7743864923, 2145218.9566425416, 2043476.0277847569, 1910646.6205558002, 2036891.6717116944, 2047624.724253294, 2206111.2518081074, 2031565.871605528, 2003120.0544798775], "editgeomone": [-1], "decode": [6622, 6989, 6663, 6669, 6566]}