{"visualise": [4320.412096257322, 4634.490183786045, 4374.14447804348, 4310.521767537152, 4496.066399358968, 4456.248181697979, 4320.926280654748, 4397.4323170513535, 4450.693058980115, 4416.648329992995], "editone": [3609.301558280721, 3427.461358122822, 3331.9185497149597, 3439.274183736675, 3442.586681187939, 3469.765051552793, 3376.1270620129976, 3479.9089072021357, 3383.3821794713886, 3444.750861282326], "editall": [2412.318806622719, 2419.320408905534, 2463.0697846784037, 2477.138955155875, 2371.068520428704, 2366.7314648410643, 2480.118311340799, 2538.8314172401906, 2520.334718848009, 2418.2836751032487], "queryall": [4035.7791127412233, 4095.237007804206, 3890.503598408693, 3932.0950030882677, 3879.181924700993, 4139.471753341758, 3755.040429582938, 4095.8727405002805, 3994.6915135325653, 3674.053611436467], "queryone": [1925.5373980414486, 1781.7340474480218, 1859.7083121291375, 1918.3969639094098, 1837.637954495894, 1843.500029838489, 1906.1918086265503, 1927.3016578376162, 1859.9904317699197, 1815.4918288375159], "editgeomone": [3403.68152172687, 3302.6421367382964, 3376.635002707848, 3406.809549278269, 3243.955783075359, 3406.6367207705, 3086.402374409828, 3471.002086764659, 3255.6599647605904, 3223.09494303653], "bufferone": [1680.8785723574688, 1487.7819581066203, 1601.4320148141996, 1634.1971553873025, 1476.0084587918125, 1523.8463393182901, 1532.964019695231, 1617.6015056748538, 1608.9512312838424, 1506.7784885268304], "editgeomall": [3344.403544437192, 3193.95687054518, 3399.9177238362163, 3441.4026614793393, 3365.6066304424376, 3374.3587819780173, 3219.090551009521, 3229.5179164542765, 3355.3108477058277, 3410.782951268409], "bufferall": [5348.037728530955, 5255.615127566027, 4882.060617615356, 4978.7837079452365, 5017.141038001413, 5386.181155868108, 4725.1609256057, 5019.795156982647, 4979.389322723375, 5158.296928710608], "decode": [521, 628, 516, 555, 556]}