{"visualise": [14649.198985830404, 14310.880528365258, 14142.667101431833, 14715.257434606601, 13135.995693177536, 14380.15731052166, 13958.102023195102, 13911.160771451703, 14152.792743638194, 13942.297930554478], "editone": [13787.832128312964, 13316.680874066766, 13717.296173279252, 14329.452026061144, 13783.007620397635, 13971.000574773965, 13765.205486288363, 13751.162312664097, 13297.303178130596, 13616.5078114971], "editall": [1802.7825333410606, 1744.7683949168368, 1801.1755552335, 1783.4741879907424, 1711.7607763553863, 1816.663694506899, 1785.5844530724364, 1830.3084529200457, 1830.6644312690792, 1643.7036148678494], "queryall": [13018.451068643504, 12992.15494467735, 13572.665424240733, 12408.993342858288, 12822.733154035423, 13291.051505970318, 13229.620525491866, 12662.286185558385, 13481.266266496861, 12836.072131566887], "queryone": [1635.5598488800258, 1652.5883255148422, 1642.2792560189396, 1596.4194910712072, 1652.109236445274, 1771.6447905087082, 1648.2986978861295, 1629.5754474450296, 1646.1586491530613, 1577.8463869669913], "editgeomone": [13483.337034326834, 14136.010755264957, 13161.703750846762, 13298.419027448595, 12527.978986412278, 12390.251572858595, 13026.210921933674, 12832.80356873402, 14177.369380785289, 14167.440303173007], "bufferone": [1570.7157005653983, 1652.604566492549, 1551.7066367266639, 1561.7762377727754, 1666.7745343641534, 1550.9487513981405, 1587.5602964547818, 1606.269865697195, 1572.678933636921, 1518.7261581820467], "editgeomall": [13303.13928665754, 12865.979533232103, 13173.901286782486, 14116.210516587382, 13214.058784013054, 13121.088358843037, 12948.037864565898, 13590.620153721782, 12883.832926815297, 13619.395902025572], "bufferall": [8981.414756410575, 9139.3853188261, 8980.70373775252, 9531.331707584532, 8599.031918290104, 9144.467893977351, 9111.801160768015, 9204.151521573162, 9152.811603692982, 9149.18704281688]}