{"editone": [293530.1926792193, 291365.36302326916, 290238.04435097217, 295850.60130309814, 313936.7526404457, 319191.50613975676, 298265.5422569158, 295373.13195010676, 284219.3831843992, 298339.58201347035], "queryone": [5511.518522129507, 5727.046080504961, 5980.152036712552, 5455.340535509517, 5471.033518064458, 5467.731482086508, 5608.679458576179, 5352.684564446209, 5427.52306430813, 5487.47204245861], "editgeomone": [360308.5594209322, 349289.8499869399, 344563.40640224045, 362989.27219370595, 364934.8114724824, 340918.1871675183, 354147.4894988048, 365066.5782017239, 364600.6762677592, 355464.26576204615], "bufferone": [1986.6644082834239, 1874.5516600453063, 2036.547468727769, 2028.440871736302, 2004.2286854402462, 1940.5405939596187, 1924.8042423079828, 1927.2306400260102, 1997.6394504337582, 2017.9460685855847], "visualise": [367221.5822827316, 343117.7704761683, 354420.5038161602, 369573.44790524984, 375084.61776212446, 374692.230503296, 374621.48069392313, 371761.6902616152, 353929.03892103414, 359102.38129963947], "editall": [353031.1716555821, 356037.7158927416, 349031.09657905006, 346314.0956573033, 358479.39206352044, 337134.6036357327, 351900.03968465346, 371948.77121190645, 359491.3967289148, 344340.3149450992], "queryall": [372695.07179577235, 348581.6468787319, 383630.2076078138, 364778.0566236588, 350130.3342279806, 363994.28744085174, 381251.38397904043, 355348.82826110435, 359394.39928054105, 371562.0812100864], "bufferall": [155755.97348636604, 156366.8591014162, 162952.90005871287, 160765.0615522981, 153198.36285398822, 162184.0665883701, 150805.8129366889, 162229.8741000917, 152330.66389606643, 160717.0532430026], "decode": [3320, 3355, 3566, 3345, 3270]}