{"editone": [291735.1572985151, 314249.10014653363, 286311.2715618672, 308971.73107668234, 305458.8072367429, 300213.7256896788, 282070.8387063071, 296780.8906452813, 305837.7175052497, 306103.4272462191], "queryone": [4853.152067461907, 5443.767350849073, 5443.889194436197, 4884.283060306138, 5192.95799784559, 5139.157216365641, 5078.1834582971205, 5162.140700703689, 5184.188440600197, 5030.522235599486], "editgeomone": [465358.048921093, 472874.01956725866, 476985.05264629424, 467600.2149935994, 466880.95380447747, 461945.2957396554, 472402.9587865466, 473176.0546224472, 461505.39358898165, 482916.0945133444], "bufferone": [1852.7496940391097, 1996.3488812913429, 1925.4162818099987, 1998.1041554163114, 2015.8747833103562, 1931.4806560074544, 2018.3421996018537, 1883.0210176186215, 1992.934345957896, 2034.580090130466], "visualise": [481056.1096869433, 468403.94681032613, 495837.90713533014, 496144.82699475525, 473097.43957902206, 496944.23528427654, 453856.92563635105, 501507.0233350573, 502385.17407106946, 474499.5642264207], "editall": [487737.24804758467, 476470.1842859989, 427948.9624153914, 489815.7632031807, 473419.31964169134, 467264.23694167746, 468736.2888375974, 468860.3294451519, 506588.2375470062, 431191.93803038076], "queryall": [480992.24887871585, 481351.27555940894, 477719.4240260378, 469660.06655466, 476746.61487335473, 487441.6290372375, 481437.82990787824, 487859.68125344726, 492954.5631440748, 499645.04758217226], "bufferall": [154566.5870140859, 156420.6233593378, 155711.35810467732, 155025.11530546047, 159695.5298240219, 163248.21602028355, 163897.28885601537, 158092.8790844848, 162513.32400206165, 155856.51624381766]}