{"visualise": [1763358.05563992, 1903533.3758645514, 1852531.6889292514, 1834973.639330827, 1797639.0263808186, 1807575.9642779017, 1851362.3759025668, 1619911.2794798403, 1773452.901639923, 1790517.7147875503], "editall": [1801833.5347695688, 1817210.5346144065, 1800457.720342146, 1837180.4708740013, 1789079.5845508985, 1861451.7679560154, 1874849.4101551091, 1764736.8193340867, 1888484.646737044, 1750452.6742295576], "queryall": [2924963.6676183646, 2862367.3123487444, 2961348.1698147384, 3080694.752703894, 2989815.2543006428, 3032624.5035634534, 3098474.239017165, 2985284.918821077, 3081925.6333214813, 2991148.004095327], "editgeomone": [-1]}