{"visualise": [8647.39339301258, 8439.447327407972, 8015.266916204042, 8013.062342335885, 8206.588881493179, 8340.99716128886, 8220.699488256812, 8212.799182249424, 8266.447751526444, 8490.210762363093], "editone": [7257.391772647668, 8168.670807435729, 7515.259693130742, 7460.899839219882, 7667.280462931303, 8034.027958766705, 7007.807386007064, 7433.000727221661, 7061.87611479897, 7214.622863529904], "editall": [1922.3674074292453, 1765.8937389593395, 1849.879915850654, 1873.1813318119669, 1831.6605318139568, 1838.7171034015157, 1845.0738472164746, 1834.9568690586652, 1930.448782816747, 1880.938423763845], "queryall": [8111.069300257991, 8156.593008611495, 8361.412879865697, 8125.1757021384, 8006.376442419859, 8009.821158720293, 7877.95157583982, 7920.025162870404, 7757.231469113919, 7686.057375997108], "queryone": [1620.977239574293, 1735.3684303204477, 1769.329776847911, 1750.624987318391, 1664.0998261931918, 1637.7977959962432, 1642.842888544562, 1730.8102245478328, 1753.326503959051, 1616.142787508214], "editgeomone": [7372.41172044316, 8008.748795536849, 7392.163476514139, 7526.751028994364, 7542.096432988615, 7845.214001561357, 7857.932469969545, 7524.64774283526, 7319.769779691667, 7328.770204900829], "bufferone": [1545.8513839528443, 1480.690959628797, 1589.0278198108992, 1597.8867215926284, 1495.2439937743302, 1612.348818507655, 1574.2904912195675, 1483.0822040546607, 1427.6774531896604, 1629.8223813424147], "editgeomall": [7693.786004015552, 7509.937902005782, 7557.953401165189, 7118.407352252233, 7112.648314615973, 7865.5875698574, 7287.146415140974, 7393.883136545283, 7544.685715665158, 7657.416628539687], "bufferall": [13271.689372042694, 13374.226715748518, 14142.151934082933, 13526.205895185525, 13691.813647349098, 13307.538806003651, 13451.372893753936, 13666.531724029734, 13757.167431423872, 12737.068463769097], "decode": [837, 1055, 523, 713, 505]}