{"visualise": [2473.876777129055, 2446.4269165699698, 2395.1178457535166, 2379.66924140872, 2497.2253084025033, 2435.9238175780333, 2386.9991954009915, 2378.3047546584953, 2445.0817466131825, 2458.917548962985], "editone": [1783.5211680749997, 1762.1159882847421, 1781.583321725908, 1697.4003754937185, 1761.977853322877, 1752.3665022191678, 1743.6094935466704, 1776.104307294522, 1808.2174378230582, 1798.0998442882835], "editall": [1651.0995542183662, 1701.1896293840857, 1701.3823116111143, 1630.333503201716, 1613.8170621319134, 1636.010757645487, 1716.7651533754024, 1704.8724559950576, 1654.937412469146, 1631.9894093657006], "queryall": [1828.74520917212, 1812.3078919673983, 1750.7923970539491, 1862.3421668746355, 1904.4253770644211, 1823.0957568036902, 1913.9956633208851, 1757.3136979468727, 1854.1378327944108, 1811.0119943829113], "queryone": [1620.0703056577797, 1688.4315461069114, 1641.9982128091601, 1679.7632688609942, 1716.3199514747557, 1609.336310901713, 1676.050128861766, 1578.0193877735944, 1586.6978682336226, 1571.183297393773], "editgeomone": [1813.9339151361191, 1708.0231607899439, 1778.6415917245738, 1788.4479473547105, 1862.1684898057542, 1865.6524096000962, 1800.5058399220618, 1815.5494273091924, 1773.6478093472704, 1680.269488339439], "bufferone": [1548.225316052265, 1556.7507474781778, 1431.1774426492623, 1501.497580444461, 1411.3434542094606, 1442.261556349131, 1572.7818558309923, 1626.7795882883843, 1567.28920732752, 1533.3804404189261], "editgeomall": [1731.3592261451752, 1781.7085355794509, 1821.5269958256183, 1865.6764974513992, 1844.439882486229, 1811.7295629163225, 1763.183515960859, 1682.7944425806509, 1898.8759897948378, 1663.2555668188725], "bufferall": [5491.32309664195, 5454.73424759773, 5303.173839853018, 5153.263217575902, 5354.162012213027, 5088.263016751436, 5537.6336456302015, 5553.3356987309035, 5433.631721109631, 5181.735664838405]}