,delft,denhaag,hdb,montreal,newyork,RotterdamLoD1Lod2,tudnl3d,Zurich,delft_noattr,denhaag_noattr,hdb_noattr,montreal_noattr,newyork_noattr,RotterdamLoD1Lod2_noattr,tudnl3d_noattr,Zurich_noattr

,744.6,15315.2,181566.6,2558.2,469525.4,27641,30056,1748925,39.333333333333336,378.3333333333333,1233,1188.6666666666667,11389,629.6666666666666,3958.6666666666665,37611.333333333336
