{"visualise": [13764.25798453128, 14336.29474067325, 14220.560871292357, 14082.001289388767, 13738.337454889492, 14391.271736736488, 14113.25733568647, 14498.224583796136, 14883.457673697358, 14982.204646559116], "editone": [12921.709476554468, 13898.79814481148, 13647.997709748874, 13330.089934501262, 13366.141480564525, 12422.650371621983, 12947.439686503754, 13700.364039274338, 13825.340298742834, 13828.360081465276], "editall": [1787.8156705452286, 1565.2994519332478, 1696.0751372510158, 1662.7380178204312, 1769.7221136214503, 1677.6100083477809, 1682.808568677821, 1817.2274052666662, 1779.3015901007384, 1757.208728637198], "queryall": [12067.250941814898, 13213.09297408192, 12618.505186610038, 13875.837474819962, 12568.163711884363, 12960.882475442464, 13437.189185214342, 13724.059411851782, 13619.35751785796, 13128.801078211764], "queryone": [1656.7403601223937, 1704.9154340388084, 1722.6214276328885, 1701.113586700525, 1752.0953069975494, 1623.609319963391, 1711.0949336356869, 1624.5950656494, 1661.6469459514558, 1679.4924513046362], "editgeomone": [13458.900828752592, 13022.589732837001, 13372.534579670099, 13550.436140479394, 13309.010850718243, 13688.229117998822, 13625.908820491515, 13224.200627731505, 14104.613293145372, 13204.633190722354], "bufferone": [1547.858014477848, 1559.289526379903, 1594.430453646158, 1494.7876309945107, 1482.6139827474235, 1611.7965808150157, 1561.41340176496, 1574.2147364906498, 1538.0380490568562, 1556.0815812395952], "editgeomall": [11967.503373502157, 12942.837185012626, 13404.724824342704, 13423.461647084634, 12539.851875017446, 13348.77241004939, 13270.480633130932, 13427.49765883506, 13315.851508111207, 13510.375405318804], "bufferall": [9168.57894671079, 9476.227682050083, 9594.625635535956, 8925.823826007512, 9320.502288232847, 9514.383190155404, 9198.338449309227, 9393.264127531917, 9532.362525858925, 9068.490794845575], "decode": [615, 599, 645, 595, 638]}