{"editone": [117629.69933796847, 115454.2404409027, 117981.46519728517, 120088.24716534402, 117562.38361193462, 114239.11556522115, 114321.33636235574, 125602.74651254574, 117051.8437709336, 117460.47535027046], "queryone": [3085.1736963953795, 2875.068128187588, 2914.368349551771, 2966.6292909560852, 2934.9576742070617, 2888.271531002853, 2864.164020720216, 2911.9870681380344, 2696.3334393371524, 3136.722167241242], "editgeomone": [199997.2228849482, 179766.68140414858, 185698.09968928187, 188266.95616707517, 179276.8510457482, 197400.1875180749, 184512.09307034253, 195063.81533684162, 196452.3067699172, 193117.71876481062], "bufferone": [1810.593669203139, 1709.7121355883557, 1733.531999970534, 1742.4440356294724, 1874.4305518403723, 1792.7739529062287, 1701.4386115163597, 1592.0413609876382, 1786.9508244314436, 1701.2631155636889], "visualise": [201996.64028380904, 200196.32638818037, 181770.1247954271, 184637.79871212255, 189732.24202789873, 192233.27754530267, 194253.95802823332, 197117.8662088373, 185000.5751248946, 191119.87151299178], "editall": [194169.6258954489, 179771.84400474903, 191910.4926140643, 182694.96491761107, 183157.05357943225, 190455.62141492427, 181928.70394357436, 179400.88320472863, 187634.63761583465, 180673.84456141715], "queryall": [194940.46182381525, 184275.97448922033, 194545.47612162944, 195362.31008742037, 198183.1910927912, 186726.99560811257, 192022.84797033895, 195251.5686524839, 184140.12098654627, 194047.35219503308], "bufferall": [73097.97351862717, 79033.83271555802, 73173.61679890282, 72143.82812341275, 68582.10888436945, 71877.95308947779, 73236.54518217623, 71524.99825148217, 71139.983483824, 73320.62517115429]}