{"visualise": [2358.606754657002, 2612.4606149899905, 2585.1093644436, 2543.8953354337505, 2486.7788472958428, 2517.2574726369057, 2401.6958353189366, 2346.594712050905, 2442.6221826015044, 2355.8647086214], "editone": [1796.5371693359493, 1740.8829041233148, 1655.2435745646148, 1713.6251046852574, 1618.8339007304955, 1762.0605532806, 1752.8293069019808, 1758.336386429926, 1758.071211466086, 1614.2062174783916], "editall": [1676.276019018336, 1599.5601019103763, 1651.7913042066132, 1634.0880409225786, 1670.6493852165688, 1591.1594643655685, 1673.1345657160464, 1652.857419648665, 1593.2766845668386, 1631.1823491628109], "queryall": [1843.8165718340547, 1874.6007797028878, 1781.137605066748, 1792.0331103891444, 1851.5058582686488, 1826.677037850732, 1761.0265622376346, 1782.8010235247057, 1832.9053657174663, 1857.244216044308], "queryone": [1622.247667783682, 1695.8438505541405, 1581.4632641811106, 1589.6800484462246, 1619.4813129638, 1616.974508815286, 1721.741227904725, 1596.3642984618925, 1575.2273496951361, 1595.898432097299], "editgeomone": [1817.858374685295, 1752.2040018274852, 1765.472447014991, 1749.4260241564011, 1834.1322224625153, 1763.3108215554728, 1753.3794492108063, 1760.8763247854858, 1738.5192964232451, 1711.6407989657241], "bufferone": [1594.8342725018547, 1487.9959335414078, 1543.9903555476408, 1566.9478245237842, 1575.4335963967883, 1493.8008561044053, 1531.4269020462893, 1631.8159258105434, 1607.2015324365814, 1561.4704626410587], "editgeomall": [1753.5656696317199, 1696.2058754914553, 1709.5466461378323, 1753.4754154980108, 1689.739929962381, 1769.95144690138, 1709.0606702135362, 1771.8516519900074, 1703.2910550410193, 1703.8110933968733], "bufferall": [5339.75326006159, 5341.406661072522, 5138.3821530484565, 5233.813917887478, 5059.028392527881, 5272.701962650746, 5369.038191097023, 5361.307284585395, 5439.221039455839, 5074.226551912067], "decode": [418, 437, 495, 716, 660]}