{"editone": [14906.242073121959, 14346.855707492296, 15275.50901711595, 15155.479013287075, 14886.379821549026, 15378.82292069349, 15226.93967850448, 14120.280575903631, 15202.315286730627, 15334.451912284083], "queryone": [5382.302664489251, 5350.651156069744, 5529.512822756962, 5298.264831724185, 5687.421886216244, 5614.850031387817, 5597.192017792695, 5094.646278576052, 5261.8605329488455, 5578.285508801346], "editgeomone": [32502.50729409079, 35161.79864958845, 33294.887029522935, 32934.13454896214, 33237.28875283573, 33635.500302739376, 34349.312238517705, 33345.220857215325, 32846.93988610291, 33749.6263587759], "bufferone": [1971.2762056943654, 1966.595793068715, 1987.9596359543543, 1975.3013420185166, 1856.822068790869, 1916.6061847433732, 1975.4847751061122, 1911.4919187077317, 1898.8922697445712, 1921.698062167896], "visualise": [40265.395283346355, 42078.649716902226, 40246.430480540184, 41152.39875365127, 43821.8387249417, 41873.892781349234, 40938.46654971168, 41162.831975211455, 42005.558728981734, 41702.35674256448], "editall": [32226.36905375826, 31919.052818260232, 35396.096823314816, 35596.74115079593, 34119.02746452416, 34258.32157006414, 32529.970698462297, 35568.18665651973, 34499.02974635907, 33655.491969148636], "queryall": [39373.916001778096, 38882.81592605221, 41218.78074171521, 39664.431964658936, 39188.93009141527, 39692.54347230144, 41108.811281994575, 43094.515307942, 41904.57553525161, 38821.342887254184], "bufferall": [115213.97684429125, 115179.42735294378, 118091.40491512418, 115291.29390141602, 116365.8846919323, 116179.39326585966, 114005.23864346188, 117085.42252814464, 111346.75458387344, 111938.47897549311]}