{"visualise": [8706.202637661692, 9006.228825858403, 8395.187236294321, 8402.743257514057, 8469.183645270865, 8454.378302587356, 8859.752901888018, 8493.253367833366, 8535.98928483656, 8755.32488568745], "editone": [7637.976117640199, 7861.140775380047, 7920.350106791175, 7605.935912467872, 6953.84317143951, 7568.808712159991, 8014.378299495976, 8064.582534212626, 7808.956558519824, 7386.905705224471], "editall": [1856.5031165701407, 1875.3682065105686, 1871.9826217439604, 1869.5646358745787, 1903.2775705368126, 1962.468650127222, 1883.8196133690321, 1786.60104867515, 1910.0750345822073, 1943.8545028606445], "queryall": [8143.2543886328485, 7712.632776063876, 7731.608799696765, 7430.275982819039, 7875.823005072268, 8156.735846144339, 8055.47346771814, 8005.833730743512, 8001.75625317544, 8237.052758197991], "queryone": [1657.0464413353905, 1589.028996237881, 1670.7891298572852, 1685.757638143878, 1649.209222512039, 1560.473698182075, 1744.7053599017001, 1557.8560764164624, 1622.7644525001133, 1687.6046599795955], "editgeomone": [7566.00797490768, 7703.851920375474, 6766.286953943736, 7357.022652824267, 7492.487701011032, 7318.3298663400465, 7726.094762703013, 7541.040456484712, 7497.24383576422, 7416.635153217665], "bufferone": [1613.898951949129, 1483.5902997439769, 1683.5704574007657, 1583.726544735295, 1604.1219542492822, 1540.3590735504988, 1617.2607193303074, 1546.7122470878626, 1507.101895320287, 1577.3494796119073], "editgeomall": [7563.5616248340675, 7032.532117350238, 7702.959866355788, 7298.40794265777, 6954.025698965958, 7042.678570832468, 7890.946086160982, 7188.779378317515, 7585.789174138182, 7345.347064399087], "bufferall": [14145.211405254162, 12706.526950312444, 13959.246357552669, 12906.938280969052, 12944.740133426549, 14594.188773124437, 13715.700564482198, 14294.13084142974, 14118.59244836867, 14022.32397616707]}