{"editone": [111898.90046357781, 106293.39158851039, 113014.82322927447, 115141.68390402886, 110200.47272439254, 107662.2894025698, 109093.03124843417, 104540.68485045053, 107985.78294588643, 100743.89936950043], "queryone": [2701.3842168362166, 2595.430816258951, 2706.343506326077, 2671.2676731135516, 2648.858629888274, 2774.2875595066207, 2724.4301552461206, 2660.7023827646017, 2685.702446718631, 2749.811933454611], "editgeomone": [99650.78262096882, 105156.38149427182, 100962.03213723798, 102140.7205508745, 97717.51536959804, 103887.81610195867, 103085.64329650457, 97867.14546632132, 98716.26986831414, 102982.16409049011], "bufferone": [1806.9292968826799, 1797.912271192741, 1813.9487242940852, 1791.1353930027672, 1852.3007850381587, 1717.7889237729805, 1714.808166656845, 1825.7018078030937, 1754.8783391614725, 1879.583619661901], "visualise": [101624.18769618626, 106133.10193227386, 104145.39782911565, 107590.40726523071, 106070.89404558495, 105954.7191150153, 111290.39940897247, 110156.97130547318, 106426.82863299912, 101681.35578497539], "editall": [103392.48068754996, 99041.83728884012, 100481.18096675868, 108620.22215829385, 99554.04170544643, 100447.72349137807, 103348.37162597224, 107835.52010429326, 109695.10340702279, 104594.41049588202], "queryall": [105989.52222982234, 102649.94879238808, 110990.47789995359, 110270.71178893071, 103681.90547216064, 107657.52577035058, 109621.5226017628, 103235.65209156745, 109113.3891751233, 112102.00723652699], "bufferall": [74085.57397453142, 67425.7537225324, 68458.20866532391, 64844.325672063256, 68686.69663285726, 69830.06017657227, 71191.08653574184, 70206.12178045246, 65537.92319119547, 68532.18913951458], "decode": [1398, 1528, 1361, 1375, 1284]}