{"editone": [15129.572423757376, 15527.45459599705, 16198.78757461929, 15398.409656020825, 15704.478945077632, 15861.141549492937, 15174.5833211592, 14921.416036053472, 16365.53629738294, 15551.88237790311], "queryone": [4877.648576431908, 4934.052300064454, 4733.4250092689235, 4939.271250211319, 4982.5651704628, 5039.649849081701, 4910.995454630072, 5288.106803724848, 5152.672598026315, 5066.13845125717], "editgeomone": [17367.881642588505, 17864.743940346085, 17944.861221674535, 19145.595958056063, 17990.840551362922, 18838.307599339736, 17386.776424704407, 17872.042120647646, 17760.428846027546, 17153.663364879892], "bufferone": [1859.3690827236799, 1803.5754080617178, 1860.1091356693598, 1768.633236402203, 1771.9410149324945, 1865.935265733285, 1890.1072754687204, 2003.0599975254768, 1855.4364519929743, 1745.7612590243643], "visualise": [25002.89779582828, 25225.158694743965, 25869.472897399744, 24739.79502726785, 25534.919212928522, 23315.587978179345, 25749.21249680222, 25534.256130629394, 25874.5149074263, 23771.431863476162], "editall": [-1], "queryall": [29929.62738585788, 27929.571146590755, 29798.662265119714, 29433.83954950638, 29156.27189309274, 29449.789297873107, 28863.723719247457, 29622.691165840875, 29959.37782683625, 28911.08135551127], "bufferall": [120127.72904621044, 113764.00704295462, 126260.18756860493, 121903.40013322684, 113421.02436814537, 120946.37803567428, 117551.28300250781, 117439.28677346633, 120057.70873334957, 120505.75118637279], "decode": [1851, 1770, 1805, 1833, 1800]}