{"visualise": [4539.760341125831, 4250.971236283152, 4462.190611361561, 4443.025533943685, 4124.891531364898, 4470.618345966001, 4087.7383599400246, 4180.3581496956385, 4334.723667258701, 4223.96281767376], "editone": [3517.8237169180443, 3404.331853705573, 3551.342354792659, 3492.50900559527, 3323.5520374635685, 3461.5818209366066, 3351.9905765813137, 3564.5858201081733, 3241.4591210782196, 3324.9231952979735], "editall": [2608.8702513120093, 2545.5148039047426, 2501.782305275472, 2496.2094581655433, 2459.119389095184, 2389.4761342468546, 2392.767484986958, 2405.3581981876328, 2529.763858377306, 2388.0401855701334], "queryall": [3842.401210477898, 4123.511147788931, 3877.9606041282354, 4049.7966627576434, 4107.240778926222, 4203.375454270871, 3905.454978140947, 4058.2571740844164, 4072.3836391220916, 4054.805198398779], "queryone": [1897.3205513108887, 1873.6068054198279, 1876.223820828455, 1823.5092079919805, 1914.1746183706282, 1857.6494968458476, 1915.985135467976, 1878.3487382698088, 1861.9131965159158, 1811.308463333892], "editgeomone": [3453.8138850943483, 3154.1671573984545, 3312.201968849797, 3121.821404030657, 3235.5019599076163, 3309.871691688181, 3401.0585987977693, 3362.7327739344023, 3424.201518530977, 3280.1239295181995], "bufferone": [1589.801901324491, 1545.1466380114778, 1553.1454510073422, 1612.865270003978, 1553.5157622081817, 1638.4711126487439, 1630.0981789063756, 1554.1837463867862, 1671.1865310054466, 1604.4058142306799], "editgeomall": [3099.8929378894636, 3179.920897905877, 3327.2436566119727, 3181.680141528018, 3170.533605279005, 3212.683333337281, 3095.123934329071, 3451.4736125451136, 3339.049329468876, 3482.4036512099083], "bufferall": [4644.9446465369865, 5008.206327176356, 5180.5137018036385, 4650.2332069843405, 4775.89082007481, 4855.728137408385, 4957.938252766108, 4660.101119080212, 5244.492246557301, 5228.102005965867]}