{"visualise": [8403, 8448, 26424, 8703, 8040, 8324, 8618, 8493], "editone": [2118, 2126, 2117, 20472, 2111, 2161, 2108, 2112], "editall": [2151, 2142, 2170, 2145, 2196, 2148, 2145, 2136], "queryall": [2118, 2138, 2110, 2155, 2140, 20477, 2128, 2141], "queryone": [7925, 8187, 25924, 7927, 7769, 7763, 25898, 7868], "editgeomone": [7960, 26239, 26131, 8382, 8321, 8052, 8066, 8395], "editgeomall": [10839, 10848, 11092, 10471, 11195, 11127, 10417, 10762], "bufferall": [5606.931012007304, 6020.8829617573065, 5836.913538782439, 5736.930436805924, 5856.895364240542, 6343.330099219202, 5714.877140843915, 5691.0620182805715, 5383.689570997789, 6107.7689449502295], "bufferone": [10963.303170122037, 10822.107583660438, 11237.765178773416, 10773.66141746467, 10680.593762737382, 11414.927290408685, 11013.19447927538, 11224.658770457898, 11266.456514221032, 11076.19335483561]}