{"visualise": [3217, 3193, 3259, 3247, 3223, 3247, 3409, 3356], "editone": [2381, 2394, 20746, 20766, 2398, 2401, 2416, 2383], "editall": [2408, 2424, 2381, 2422, 2373, 2405, 2411, 2382], "queryall": [2388, 20739, 2386, 2378, 2375, 2386, 2380, 2405], "queryone": [3115, 3136, 3128, 21478, 3140, 21049, 3204, 21509], "editgeomone": [40805, 3392, 3447, 3341, 3335, 3324, 3330, 3409], "editgeomall": [4377, 4266, 4217, 4203, 4180, 4066, 4019, 4428], "bufferall": [6566.932140509032, 6823.438718684566, 6153.783010919567, 6454.369667720729, 6745.804843038099, 6956.805657516372, 6525.2814019561, 6361.059274662238, 6942.543170145271, 6883.0658350990525], "bufferone": [2883.801999556847, 2940.162679934049, 2825.8348019259597, 3104.750743355698, 3071.0177462335673, 3124.6357339976366, 2953.337234472956, 3052.1720611377077, 3046.1944523212624, 3162.7818272799905]}