{"visualise": [51624, 51399, 51806, 51428, 51277, 51634, 51393, 51412], "editone": [28073, 28060, 28041, 28020, 27907, 27867, 27957, 27917], "editall": [28156, 28185, 28230, 46619, 28183, 46617, 28268, 28212], "queryall": [27942, 27901, 28284, 46214, 27976, 27902, 27927, 27957], "queryone": [49134, 49592, 49247, 48847, 49087, 48898, 49203, 49183], "editgeomone": [49650, 49802, 49596, 49874, 50252, 49415, 49621, 49481], "editgeomall": [61735, 62288, 62171, 61941, 61819, 63039, 62166, 28111], "bufferall": [39236.17006425508, 38321.69363122906, 38301.06891395035, 36189.98520812877, 38228.88022475811, 38366.4394127794, 38786.30968850946, 39592.46991288439, 38155.56679271193, 38395.24608974533], "bufferone": [57595.899477516745, 56571.3208759144, 57019.21010626849, 56836.5480927574, 54708.55160986211, 57840.70536609134, 54831.469361968404, 54931.19579659131, 58869.89635037323, 51685.52293707332]}