{"visualise": [3081, 3170, 3212, 3402, 3081, 3170, 3179, 3070], "editone": [20482, 2129, 2143, 2127, 2159, 20490, 2133, 2138], "editall": [2146, 2141, 2134, 2124, 2147, 2115, 2161, 2180], "queryall": [2134, 20475, 2119, 2146, 2157, 2123, 2121, 20477], "queryone": [2979, 3352, 3027, 3038, 3247, 3014, 3205, 3089], "editgeomone": [3261, 3228, 3350, 3284, 3462, 3380, 3351, 3388], "editgeomall": [4184, 4178, 4208, 4197, 41562, 4251, 4534, 4053], "bufferall": [8199.841544556577, 8467.29918824755, 7789.882167719021, 8104.620590543753, 7669.213137932939, 8128.492503747674, 8018.492126214111, 8025.5929891003, 7866.9296475783285, 8094.863657452892], "bufferone": [2928.940641526611, 2682.0722535396744, 2890.259866388413, 2643.2179194121454, 2901.082707166461, 2790.267882630078, 2825.8445628783134, 2906.9634762425135, 2955.538757626673, 2829.8260489354802]}