{"visualise": [3110, 2549, 2614, 2390, 2390, 2623, 2347, 2380], "editone": [1554, 1585, 4001, 1575, 1595, 1589, 1604, 1690], "editall": [1721, 1665, 1711, 1617, 1702, 1643, 1728, 1654], "queryall": [1688, 1778, 1601, 1591732315259, 1608, 1550, 1515, 1536, 1526], "queryone": [2250, 2357, 2295, 2266, 2168, 39667, 2287, 2237], "editgeomone": [20995, 2645, 2408, 2475, 2412, 2486, 2412, 2388], "editgeomall": [3316, 3225, 3243, 3248, 3252, 3404, 3423, 3273], "bufferall": [4442.81811691158, 4231.621967515359, 4067.7794369758776, 4193.538895170836, 4297.880472269317, 4455.357788420187, 4719.255249432205, 4323.2290572423835, 4367.509631250532, 4379.415864249126], "bufferone": [2343.855115776656, 2359.950906694902, 2470.7595690653384, 2388.051899781316, 2243.378802379774, 2487.668057993934, 2303.0216453433973, 2363.435337455375, 2399.848973706374, 2278.534412065644]}