{"visualise": [24892, 43034, 24349, 24414, 24198, 24340, 24286, 24511], "editone": [14737, 14736, 14777, 14763, 14856, 33065, 14728, 14789], "editall": [14810, 14775, 14769, 14773, 14848, 14776, 14783, 14772], "queryall": [14798, 14752, 14762, 33096, 14792, 14795, 14749, 14766], "queryone": [23806, 23687, 23633, 23613, 23655, 24231, 23715, 42084], "editgeomone": [23961, 24063, 24046, 24084, 24330, 24450, 24487, 24032], "editgeomall": [29701, 29129, 29614, 29089, 29569, 29168, 29367, 29221], "bufferall": [17103.28918000211, 17161.839698394564, 15957.067185453408, 16979.51916778306, 16062.856594162566, 16066.407298799835, 18393.876419596247, 16980.157004116023, 17638.243289027956, 16725.84595630536], "bufferone": [26520.040955641853, 24958.487412557628, 24809.580266952682, 25285.597924635036, 25083.076638912244, 25483.389028882655, 24341.339327594684, 24368.907722346055, 23920.115427171844, 24667.266721269993]}