{"visualise": [2829, 2772, 2812, 2784, 2749, 2745, 2910, 2855], "editone": [1929, 1920, 1929, 1920, 1911, 1912, 1952, 1929], "editall": [1935, 1917, 1936, 20275, 1944, 1909, 1920, 1913], "queryall": [1908, 1909, 1914, 1945, 1931, 1949, 1926, 20271], "queryone": [2757, 2773, 2696, 2796, 2705, 2884, 2701, 2741], "editgeomone": [3230, 2958, 3279, 2948, 2915, 3005, 2927, 3086], "editgeomall": [3556, 3610, 3873, 3789, 3804, 3613, 3800, 3807], "bufferall": [6770.557096074561, 7052.1052150531405, 6936.756229651103, 7012.394774956045, 7260.809811093705, 6751.85316730221, 7086.0881682892095, 7191.732027345291, 7134.91854521648, 7321.1867000360235], "bufferone": [2669.5137005799234, 2757.391493226767, 2720.9737801249094, 2635.4205622469863, 2709.864300248613, 2687.9423671340032, 2773.935766049189, 2506.14024780208, 2528.2627457683225, 2750.45756072379]}