{"visualise": [5705, 5563, 5729, 5760, 5813, 5972, 5791, 5749], "editone": [1803, 1766, 1810, 1785, 1782, 20123, 1762, 1795], "editall": [1804, 1786, 1803, 1821, 1795, 39294, 1785, 1789], "queryall": [1763, 1749, 1751, 1774, 1819, 1791, 1777, 1801], "queryone": [5568, 5366, 5772, 5381, 5641, 23772, 5633, 5740], "editgeomone": [24414, 6007, 5923, 6185, 5949, 5700, 5721, 5664], "editgeomall": [8021, 8507, 7938, 7766, 8686, 7595, 8110, 7571], "bufferall": [9214.953552325218, 8233.657457704474, 8994.347421420232, 8917.1668536526, 8968.251636043902, 9392.31478167325, 8996.317299436745, 8580.67713728462, 9476.395214456415, 8835.047469171943], "bufferone": [12857.042487634679, 12111.425412909543, 12613.534864961293, 11990.769039992414, 12227.461254805161, 12275.519195204455, 12876.731727935225, 11758.675325479715, 12797.100466139935, 13203.6050029543]}