{"visualise": [-1], "editone": [1640.686290907914, 1581.7284235320571, 1684.8756458870394, 1689.1333880537304, 1644.8580185602586, 1749.4420097213192, 1658.949535793136, 1725.098575969765, 1715.5533875879269, 1614.8256013786086], "editall": [1574.402392526223, 1646.1459265957028, 1584.7904506301113, 1605.5763103601644, 1632.392650231133, 1565.9211394817628, 1606.5121710167414, 1590.6909608809867, 1664.622978480808, 1507.3367781451082], "queryall": [1841.2538839424667, 1758.8920192035025, 1705.9196850470175, 1695.4668552458327, 1696.610683994087, 1714.7423915428162, 1827.458437410758, 1774.9343695251507, 1815.1646943734104, 1764.7769152865549], "queryone": [1517.876342456495, 1572.6065112794977, 1594.228714050849, 1646.7724298344478, 1547.530264189678, 1530.9402260815257, 1586.9231573697987, 1649.142167279849, 1539.2569999396312, 1606.2763829235992], "editgeomone": [1637.6111014845435, 1708.894625663715, 1632.748990430545, 1679.2153422806998, 1696.7375701788153, 1631.0401978346454, 1652.531807592389, 1673.560111008842, 1638.1186134663849, 1697.4633356643565], "bufferone": [1565.963357065345, 1581.930972014259, 1516.3611169698343, 1519.7939042860526, 1524.8245231673855, 1482.0283587583851, 1602.0172988220456, 1533.081739054795, 1516.003420317976, 1577.9816565369417], "editgeomall": [1642.8959942673152, 1616.0556938978386, 1808.741255961725, 1717.3455374132736, 1748.2460427698131, 1712.545109301557, 1665.135910373197, 1657.2345392869004, 1678.2799922338609, 1716.4046880164049], "bufferall": [5245.035982577434, 4976.733440312933, 5343.402079646229, 5691.921771768034, 5222.484495528041, 5296.768158922743, 5215.034405663644, 5340.928024414944, 5014.922002967873, 5320.5938173051445], "decode": [373, 488, 371, 358, 357]}