{"visualise": [-1], "editone": [2968.779766776461, 2615.1027635800583, 3001.9641751122003, 3001.762478831859, 2757.70948216289, 2821.886238012819, 2957.9024546559453, 2833.19171560446, 2955.544933337894, 2837.615526808765], "editall": [2353.1575213032115, 2201.2112373201744, 2305.276114223562, 2257.5540650685634, 2061.045514769027, 2145.943213151918, 2215.308493615609, 2269.39626002199, 2323.9358278417008, 2236.226456218413], "queryall": [3380.5879658107756, 3370.184338244871, 3471.2684887974015, 3478.5069760799624, 3481.5384777415293, 3266.1907523046957, 3472.4560317936166, 3385.273489982441, 3706.143136058928, 3617.0556913817436], "queryone": [1801.1658869646155, 1816.3019409150118, 1903.3701541854145, 1839.4579044696059, 1742.2211531369633, 1796.0486111731566, 1845.410461719843, 1783.5939178964481, 1750.9373452953967, 1838.4114665227148], "editgeomone": [3007.217587172814, 2959.2066849368057, 3029.649366566777, 2904.0585098239376, 2981.3005748366395, 3023.778927764578, 2907.369637816305, 2866.996549627489, 3041.9895972491095, 3041.355495671866], "bufferone": [1606.2042500022749, 1574.459176607807, 1674.5536627930112, 1620.2154453659155, 1556.7471296833264, 1596.1859537467014, 1586.288845127479, 1590.5629188179023, 1531.799745668748, 1603.9866858424275], "editgeomall": [2933.8317322616085, 3027.5360517339554, 2912.232147463671, 2693.3131723456518, 2812.7543590157593, 2957.5718379346054, 2868.8094610201097, 2985.6837544798163, 2818.3629642839633, 2957.168465777687], "bufferall": [4451.003831093481, 4645.023078434217, 4348.220465758803, 4537.374460639233, 4747.634220244379, 4569.352813647238, 4390.8383178497115, 4636.3987374598355, 4438.796715078587, 4439.533067986995], "decode": [479, 465, 471, 509, 468]}