{"visualise": [295124.90232236066, 277577.71040536725, 287590.0641050619, 298177.0089097091, 267844.9780254959, 272495.7881036662, 292339.00508089666, 284823.8587614855, 283186.4286010744, 287559.746258977], "editone": [255126.70251359596, 253693.44202364818, 270762.61995210504, 262016.06706529733, 263120.2365096729, 261512.67304391676, 261153.27164148813, 254819.04579687855, 262436.0745010836, 268542.54537703306], "editall": [271445.22136952943, 271984.5628808173, 267424.44442619156, 260700.36554910842, 273049.2227143224, 273175.6061908665, 262977.6543727089, 280226.6202000009, 276562.3256367302, 253012.65104195158], "queryall": [277568.5121888599, 266505.2973009987, 291065.34007156064, 289806.7232065453, 278300.91460307385, 290326.7999923427, 279150.27331373637, 293864.8302556281, 285883.1217696018, 292734.73983266833], "queryone": [4685.770389864326, 4630.779496046024, 4533.833160828764, 4762.663195011907, 4792.280827529002, 4659.734700991822, 4783.636651777563, 4390.246696188677, 4523.10080228912, 4630.488448178638], "editgeomone": [253279.8787113927, 254451.8685843274, 261214.72503103665, 259650.71652542535, 268500.4840288904, 261919.0127520647, 263221.4100243713, 268441.5415119203, 258376.47948926315, 272556.3573239712], "bufferone": [1843.5589184841654, 1788.269310837143, 1690.162763801087, 1931.8559379984229, 1757.6068256179797, 1936.0384978006741, 1817.1294460617037, 1830.8347442537984, 1734.6691443867567, 1828.3281531578625], "editgeomall": [254316.78964864745, 255674.04341276668, 267458.34563693916, 266636.34667914815, 271991.9369054804, 254227.4223657946, 268108.99302677996, 272801.636215834, 274087.61609759444, 265347.06324920966], "bufferall": [156358.00447457706, 171195.2855678384, 166295.14061333172, 165512.00431499307, 157304.71305109802, 167302.62270564347, 159772.7224174656, 167771.95919012645, 159655.27516983825, 162417.4215834409]}