{"visualise": [-1], "editone": [3068.6714064492603, 3025.901661057943, 2799.272173857817, 2897.1979149832623, 2761.308494720784, 2983.5361630729217, 2976.391818082336, 2985.3213300918046, 2951.1706794103297, 3051.3760853897784], "editall": [2310.060919960771, 2266.9054404393864, 2158.5498563083916, 2277.218823557264, 2165.2703524636067, 2300.8265256762584, 2187.261549098996, 2388.0291462655728, 2292.702539217096, 2305.9073905393907], "queryall": [3407.395044315666, 3597.8192707329263, 3379.868291623171, 3480.5175331383307, 3395.4740629520174, 3316.406608042649, 3523.834919536616, 3454.9858468104226, 3503.501420118611, 3461.805395976492], "queryone": [1826.4321704537592, 1808.770033409439, 1814.1494113235074, 1691.9286236178455, 1815.3357444339485, 1726.2430692127784, 1796.8086507559624, 1883.4892848674278, 1814.4730336716839, 1791.3245934911736], "editgeomone": [2911.637105895775, 3072.2218263615237, 2864.9913215845404, 3071.2643112528176, 3004.032277906042, 2856.7570351931536, 3077.844057166333, 2839.892002942835, 2855.2909345752096, 2919.71408941708], "bufferone": [1550.848909034884, 1505.2637493143056, 1538.3291684677122, 1552.6467317166046, 1523.611211115996, 1573.3240208285235, 1463.7464050223743, 1436.6293388803495, 1493.4292957723414, 1568.1481354177618], "editgeomall": [2794.0458601374307, 3033.1181849070317, 2813.346635700539, 2988.4364446958916, 2820.992973612403, 2938.839121087208, 2916.4362547381697, 2911.1881098210874, 2931.3254939474336, 2936.8064510266786], "bufferall": [4786.348529765105, 4776.1397210751165, 4602.30184469504, 4287.888163125584, 4617.456359647655, 4391.392561031026, 4608.069485925598, 4387.746471877185, 4511.833014734124, 4399.846348399129]}