{"visualise": [762279.6943961955, 714390.3152573418, 748954.9160927471, 692820.3107145219, 755117.5337572355, 749750.7154130904, 755247.0999366528, 762869.4793007035, 751442.4172694862, 750879.9057456088], "editall": [905739.3825189209, 910811.9734408681, 962956.5133189551, 926737.5217189363, 915364.9392716044, 974309.5519909466, 958306.3363437064, 885846.5842765073, 951393.5803339671, 955570.4895591825], "queryall": [1916714.2041389192, 1991651.155511968, 1921486.5525386804, 1976671.1450587274, 2001983.9067706168, 2040810.1299256922, 1978402.5218952077, 1887404.5380074251, 1984979.557316927, 2007182.126270082], "editgeomall": [750209.148938392, 726204.0933416534, 710743.5924364236, 719631.5073021952, 704447.4387241506, 705363.7693935066, 725504.7283934463, 724557.8198902465, 674371.9245803137, 740673.398283005], "editone": [654685.765471472, 659695.6848162549, 641596.1429932584, 598726.5652139107, 619903.1262229079, 643058.5258567686, 654522.4156988155, 640461.5140349147, 641674.5035641883, 636222.0649935433], "queryone": [11359.726448048306, 10835.191764393361, 11358.901251985977, 11386.015702201928, 11006.274221643414, 10718.930957919702, 11045.361575455796, 10722.083471825303, 11541.651304647161, 10667.328473953226], "editgeomone": [691565.325175881, 660853.1737464753, 696100.5993416588, 691955.5292091343, 646082.9805695284, 668017.6057624003, 675630.2038593543, 666513.9282620033, 702875.6376160101, 662501.2981523192], "bufferone": [-1]}