{"visualise": [20699.19254993616, 20692.554364347907, 19857.652893137416, 20601.058587758464, 21250.86583746272, 20001.728808152435, 19968.405524817823, 20525.710525654184, 20697.539594378857, 19489.556752269804], "editall": [20677.66101118802, 22164.362282159822, 22096.701992067752, 21112.75783081012, 21557.492171122776, 20065.572851141736, 22159.99105421946, 21689.71597223655, 21755.39070889394, 21569.001443488392], "queryall": [24753.47239613257, 26919.176158534985, 23939.36805543009, 24462.76645978574, 25767.494543244677, 24619.18501010724, 26374.028022030914, 24064.326889590284, 24423.72393457737, 26319.168249556515], "editgeomall": [12603.582387131963, 12519.76659440669, 11981.58087657813, 11947.305124108985, 11797.557070430115, 11434.773950094968, 11404.393533404918, 11524.217548052087, 11833.496938606531, 11492.772062763494], "bufferall": [119141.4820439776, 124614.23512307147, 128170.22829073455, 122626.0430640471, 118357.94017748121, 119119.51642791723, 112752.93864292586, 122803.23514328538, 123495.5113448456, 116013.74989976703], "decode": [1544, 1617, 1617, 1794, 1526]}