{"visualise": [100802.06835422842, 100190.42085937687, 95459.92286200119, 93330.39850557999, 100726.79480764254, 92910.34849392466, 94006.36387604062, 99868.37785055992, 95926.72381308579, 95800.72586953735], "editone": [87585.02536626054, 85310.27907834857, 92622.85418150236, 85230.56059403115, 85583.59988111148, 83258.661410623, 88148.74534733401, 87966.72799817001, 84312.84272462151, 83217.00791414709], "editall": [133538.63773645126, 137351.89702791203, 141896.43835210623, 140252.65388041022, 139954.908670246, 138945.51150774912, 135839.69857634368, 144924.17502349298, 136981.91785148846, 136277.38680918733], "queryall": [96410.88220490747, 95587.45875143043, 100587.17290434506, 90360.35886222454, 95297.6575877993, 99376.56095458996, 92641.37301545683, 93002.53208629509, 99158.19483705414, 97154.03840927822], "queryone": [2403.412945297456, 2462.873370995501, 2353.71030982178, 2358.8575337861184, 2484.4874734801447, 2510.6055243094, 2389.737265546717, 2409.370105987575, 2357.9651873807843, 2313.4632586863986], "editgeomone": [89382.56310247225, 87391.16171905478, 87346.61520116117, 86195.84799491796, 85439.68917398668, 84725.73161292472, 86768.39171003732, 86765.13024808634, 85477.8264803793, 89045.23348019751], "bufferone": [1488.7141334389848, 1529.0947987630946, 1628.2755524619229, 1544.528669883805, 1601.5082345795572, 1602.9872978726746, 1571.0048903458833, 1576.5851298846972, 1582.9007665927422, 1610.7242387391277], "editgeomall": [94658.08927725174, 92514.46194880283, 94829.04544704969, 93182.90669146072, 95354.56392981818, 93869.44218353045, 89261.12399335933, 94795.30740762335, 93432.8532288346, 90774.45704855809], "bufferall": [68675.13074130201, 69979.47638966545, 70300.23846652523, 69712.03292927425, 69381.4365863786, 67857.8477103314, 70828.53897097227, 68147.42766965873, 69609.1567596891, 75497.05691044933], "decode": [1121, 1193, 1167, 1139, 1205]}