{"visualise": [771934.4758964863, 776551.7712656915, 752747.8136565724, 770617.6439248464, 765417.1186982719, 765698.0544901278, 752329.0717269263, 755107.25489051, 716227.8692209672, 761316.316391929], "editall": [20922.5509093694, 22836.609520503458, 22763.16421696032, 21685.691266237154, 21473.52724053924, 22405.937097544243, 24033.50993215293, 22195.388353883838, 22810.673377353814, 21227.83520929327], "queryall": [1928357.4734296778, 1935739.7326988187, 1896157.3472684314, 1859113.0623988481, 1950975.7031454963, 1911136.4045730066, 1987940.2617888367, 2067975.7839915275, 2076996.9739211616, 1938320.9129860129], "editgeomall": [716878.7714958729, 725959.2212553414, 682747.0129224563, 732205.891241904, 764756.1930377315, 717140.4797771471, 691409.2159547609, 728824.8234799941, 712737.6171718152, 717976.1547361141], "editone": [702293.4761859797, 694106.1856444464, 643323.3777932711, 639334.4355348815, 633141.2296775022, 669918.6559752448, 641708.6683449566, 644802.9063895738, 630768.2507449677, 641136.5472474229], "queryone": [11391.143282882986, 11201.638860195579, 11318.370151960538, 11031.996598748536, 11997.31820631636, 11634.312144457326, 11245.486494367231, 11017.626149740236, 11147.535205613698, 11509.284001055757], "editgeomone": [723072.3297930518, 684442.2976594573, 712982.2675469817, 724269.6663231179, 675574.7017146302, 693227.1521673121, 653285.2760062341, 701246.5937235649, 694038.9101856555, 681697.4047885947], "bufferone": [2376.9819043437833, 2352.786283971883, 2280.043329703518, 2187.534271136286, 2467.1145122518146, 2232.6756680137705, 2298.823250563171, 2377.435675642543, 2165.8190692448734, 2310.142949977353], "decode": [5058, 4959, 4918, 5471, 4984]}