{"visualise": [276891.5371438339, 282352.59910215, 268079.3311342721, 279054.03582288773, 281734.6986644103, 273617.9319377864, 270215.13684859726, 269583.62359719886, 288672.47142137005, 268424.40905767994], "editall": [380907.88573013875, 382473.95951876754, 383001.2876109439, 393892.9653424256, 393260.04744067224, 402027.7300904706, 385250.7183553038, 402717.17261928425, 374679.88106334116, 393800.87197122077], "queryall": [290749.53896418505, 286184.23173663457, 273910.23869102006, 276382.4640512695, 274592.38671451405, 294968.20538711926, 269131.97551259934, 277494.9443425698, 291884.5465581128, 291800.3960098857], "editgeomall": [258116.87846035446, 274437.49041732814, 265978.84377435606, 282629.3100145166, 272598.94483922183, 288289.9043247911, 273539.84545177507, 272843.9423809588, 257988.27068571502, 279174.6691748487], "editone": [250113.84599546954, 248389.30766696465, 249698.65431124112, 248796.8466367403, 237893.01629101872, 258424.8689453805, 245772.12301893008, 254029.83580398062, 243484.9073448943, 240283.67639720434], "queryone": [4570.500975083025, 4690.928693942286, 4505.680034497867, 4599.1547085083685, 4623.4891615328315, 4928.035359172891, 4934.299946855669, 4553.475743254739, 4539.253313750435, 4401.358394061479], "editgeomone": [253753.87213914428, 236760.81996641675, 265593.42851751094, 248307.02505167824, 238871.76345990668, 250076.27866167188, 253178.76330404636, 247781.42810303724, 243815.7483659772, 244539.1319588251], "bufferone": [1762.634188052073, 1833.6670080365425, 1868.3722637209664, 1856.7385689985183, 1690.4531651242971, 1786.6689666008435, 1739.6029867498544, 1797.3239137362716, 1797.962225138799, 1818.0183710946474], "bufferall": [166083.849200422, 163153.18901303233, 160234.50555855207, 156330.57073702785, 167447.8300038781, 167662.91138263154, 155898.4905986225, 158355.11541298946, 158488.36232146784, 160111.6254581101], "decode": [2511, 2547, 2529, 2621, 2526]}