{"visualise": [22409.312650916723, 22700.068942351885, 21325.645220292634, 22313.418336581602, 21295.11153420251, 22945.638341627775, 21739.163397829187, 22368.94352821365, 20788.643093086408, 23043.36849980477], "editall": [18424.6586988994, 17915.76553681996, 19077.413186355843, 19922.814600945367, 19794.765220240944, 18850.81500723295, 19253.7917040748, 19572.62952251233, 20117.715576123916, 18273.768374134594], "queryall": [10963.08533187058, 11465.946504545565, 10586.41748454671, 10848.257503566201, 10496.384266691126, 11440.844712506592, 10934.387456902401, 11064.40756741566, 11057.421599279187, 10995.14468807276], "editgeomall": [14474.574440087215, 13966.534479171083, 14167.482768985916, 14304.47804958474, 14239.510921850342, 14101.637410377522, 15029.406259391171, 14707.465059989416, 14205.564998985083, 14252.054258178623], "bufferall": [125357.40957418809, 128681.50512337894, 114140.8693463366, 129413.62068579128, 120491.77456562124, 130361.12671317166, 123820.2599336021, 122067.31732676286, 130722.16151472728, 127676.4830369188]}