{"visualise": [-1], "editone": [1751.7904232572785, 1674.6293819032514, 1727.442817038298, 1696.307860779532, 1764.072878725089, 1708.3575698498112, 1727.17966880754, 1789.1932720818666, 1771.219127377081, 1689.2469719109347], "editall": [1508.6593803990017, 1627.5589404235554, 1665.2458800038298, 1551.3634957681302, 1573.3511200543962, 1583.317686645472, 1598.605556476532, 1653.668894916452, 1584.9341110741414, 1623.835338695784], "queryall": [1917.919447299679, 1689.129298671038, 1881.2126723117099, 1873.9428433705914, 1769.1544730215242, 1894.3307149662753, 1841.1707853224696, 1920.2285449024132, 1901.2145980969715, 1866.9118264114684], "queryone": [1600.8008124022, 1571.1694191243193, 1624.2303466902158, 1498.5135181414316, 1572.100135478987, 1705.6813506096782, 1484.551848180538, 1612.1038404329045, 1571.6809808541063, 1617.6602489157085], "editgeomone": [1766.4052693180251, 1709.6413175908108, 1764.7127744400418, 1684.540741241566, 1708.2197623243262, 1647.5504408287954, 1739.1535016894613, 1695.425358633162, 1765.143007225753, 1736.806018592989], "bufferone": [1546.2369420838695, 1589.8671649889955, 1508.8101757694901, 1467.0159437111229, 1469.4469406766734, 1498.817383450341, 1556.1676420974056, 1497.64595372845, 1585.3201637889015, 1604.4176235957248], "editgeomall": [1714.3760294055085, 1742.972348378443, 1730.9680974622888, 1784.4233568701457, 1719.1883918767799, 1709.5459260252496, 1699.1085251331187, 1732.1539258955377, 1646.8980796527958, 1718.1284533641633], "bufferall": [5156.098300661867, 5070.364954841841, 5520.3829231788395, 5160.943917737786, 5407.805543293716, 5389.511061159136, 5183.754916768976, 5420.342650280791, 5374.284537626008, 5211.62113647309]}