{"visualise": [135817.20859391522, 138003.38984138583, 136895.46961167947, 134844.09548770075, 130809.60971437306, 133886.56268899332, 130202.29163050198, 131912.0242501761, 125064.51977211412, 135887.2454651638], "editone": [90192.94334145094, 89556.78844836928, 92601.3643563314, 93923.48241209742, 90609.03326942575, 90945.74534432424, 92779.15511593268, 96823.5397980911, 92571.90207608542, 90748.33000046844], "editall": [224961.89193049184, 246158.30930497785, 249348.17148880847, 238504.17266851934, 223225.66867986385, 236041.19237494448, 239527.11852280877, 237854.2963261653, 252261.68737385274, 235003.22656647942], "queryall": [109716.60771567, 106745.32335111892, 105074.57119251948, 105881.4790781567, 102321.83582392328, 101189.60666426635, 104743.44652475553, 107367.26102291873, 96151.90619439649, 105376.47463359927], "queryone": [2813.264164291964, 2633.5468928391083, 2690.3254077638576, 2747.3535980040574, 2609.97261135491, 2561.2544748299765, 2762.5553625567363, 2652.4831878499526, 2750.3219633085896, 2671.84506163649], "editgeomone": [93194.3235604889, 94290.75494158515, 91847.19106037119, 90046.78538800498, 95976.71307159925, 95999.80056811174, 98515.40872437708, 96182.1437115109, 93110.56122058777, 91150.9559463761], "bufferone": [1602.542277854234, 1623.270740405641, 1588.4497388898812, 1536.666088539461, 1758.5869591689127, 1628.7647858380617, 1590.652215016395, 1584.9584450538032, 1690.6738571243552, 1631.3295866006333], "editgeomall": [99497.44518585165, 101488.1812400045, 106047.80741793776, 95520.80035631104, 91929.28394798686, 100105.93744164599, 95621.75185873572, 96506.3171071088, 98819.78470133115, 94743.04834784176], "bufferall": [78450.41893064766, 75622.16197853781, 81419.64622093039, 80803.18391036356, 79635.28831927002, 75307.30711057852, 78215.83941479649, 74092.12731380067, 76894.18015888298, 78956.52969072502]}