{"visualise": [-1], "editone": [6838.4885583769055, 7168.646606663425, 6992.196004600527, 7162.678770709307, 7216.702542262107, 7423.412644869641, 7323.438026558083, 7283.308820432076, 7105.9596579296585, 6802.584234445375], "editall": [1773.5900537877399, 1840.7669657939405, 1761.9098212370372, 1768.9941855798374, 1758.1187585915468, 1786.9326410933977, 1846.804767189164, 1817.0430971348126, 1852.190705517938, 1771.6550482608197], "queryall": [7747.400760016158, 7485.0775160783205, 7930.810155933471, 7202.632418891073, 7171.213013150824, 7693.545244188433, 7250.077073991263, 7874.204505683671, 7493.1398159443315, 7609.48239079307], "queryone": [1650.5657688157057, 1657.324391734528, 1646.082906725458, 1704.7837379184768, 1738.1231868361722, 1569.3604742830862, 1635.5052220414168, 1665.2797316426843, 1612.411617140417, 1707.0168822640503], "editgeomone": [7470.536562743667, 7625.469861086309, 7257.388176650236, 7313.444098642396, 7516.691919496378, 7385.51306641439, 7193.218103421132, 7500.149706562738, 7068.776843597573, 7879.857338197524], "bufferone": [1488.0218719609622, 1564.1262944578857, 1515.3810903652613, 1537.1440670828363, 1561.5742579933042, 1550.7449160175256, 1456.4236425070578, 1651.6837646102863, 1444.1768162601388, 1531.9651547695223], "editgeomall": [7354.074800325019, 7244.85255726687, 7136.9897683717245, 7027.499593720278, 7708.92675075111, 7356.020329790011, 7228.049808296113, 8035.1653622689855, 7222.729550019717, 7169.386235190134], "bufferall": [13742.449653554924, 13155.242374966596, 13082.707098943805, 14031.107414112146, 12617.017992853258, 12783.312470314126, 13186.90974689701, 13110.99369429626, 12985.212209911351, 14264.846983982796]}