{"visualise": [-1], "editone": [7319.686928173776, 7415.009180934125, 7087.309634436126, 7261.147292106157, 7566.804860791018, 7375.137794969749, 7453.005994375625, 7456.652865466681, 6787.236661034878, 6882.953660212209], "editall": [1727.6853760836038, 1838.0207215967657, 1786.5727544908787, 1843.579544202902, 1852.993511480538, 1772.143650943904, 1851.386915064543, 1841.4043082622695, 1948.2261365657048, 1777.309249028842], "queryall": [7652.610834742062, 7787.428620892348, 7701.952665740474, 8039.16242059187, 7713.127180787187, 7142.316582410872, 7992.061057716921, 7242.57215111105, 7959.096010623369, 7905.564605903805], "queryone": [1562.0339259912791, 1601.192454183782, 1597.5084285155406, 1586.8016806114792, 1707.1446844390166, 1647.4905043807544, 1620.4935763124, 1644.437361280228, 1678.9373804176603, 1499.8201606988266], "editgeomone": [7712.658607683719, 7253.835693191291, 7149.414613320746, 7107.444435933223, 7238.021969209612, 7161.735521734568, 7211.457026641954, 7324.778316975855, 7274.041186837066, 7135.184949577481], "bufferone": [1478.1754873069535, 1550.4742880259125, 1559.6404856620713, 1516.1772775244915, 1574.5217857849143, 1576.495765366892, 1472.7116012367546, 1428.9747550695156, 1485.1779597782286, 1566.3489940700779], "editgeomall": [7140.125941266916, 7294.77941163393, 7072.414173391571, 6618.971542421132, 6870.02719779415, 6970.31464285439, 7275.24335908814, 7164.098751156918, 7171.190360714241, 6936.874058694207], "bufferall": [13559.839859081243, 14042.990248000086, 13053.044820749192, 13186.43383494476, 13636.257708720928, 12984.712538764925, 13431.402025624646, 14289.450214973785, 13464.58057873822, 14407.136308718002], "decode": [431, 448, 497, 437, 417]}