{"visualise": [2345.2584652657565, 2505.2495770161154, 2308.1666057571288, 2415.3570053346098, 2448.4065727092507, 2497.751633299119, 2534.739318784691, 2392.6848168559936, 2493.1502060066387, 2522.0357639968533], "editone": [2230.279316303802, 2190.396743879196, 2157.019716273724, 2197.0066693674908, 2365.49240733327, 2252.794640700365, 2233.307218640225, 2230.0128462065218, 2198.477739279164, 2053.518721761274], "editall": [1444.9842620924612, 1400.8790109372148, 1421.3945282560737, 1479.3811586324746, 1508.7526429656332, 1467.651528517649, 1452.4630080189822, 1505.3295897651892, 1481.2964295143984, 1499.4215644860524], "queryall": [2479.0459233010847, 2472.300298959285, 2450.408058619795, 2487.036366630813, 2288.9110057307576, 2518.986051281784, 2431.9645958904302, 2459.929195148282, 2461.6738232695743, 2489.2856343700323], "queryone": [1206.6048879572866, 1130.8139957151666, 1158.32382268306, 1171.6457583096822, 1133.6487542912294, 1133.424184542176, 1132.0438325279579, 1200.1156292642036, 1152.2139529646413, 1105.741377256785], "editgeomone": [2152.512681055671, 2245.405210808387, 2194.3356050778675, 2185.5470855101676, 2125.7175754974564, 2149.1560101955306, 2091.7955865391004, 2217.299952975124, 2099.2771576553077, 2124.131636115039], "bufferone": [1119.2662656597834, 1103.4353147565703, 1156.4271692364332, 1040.7839825506455, 1046.3315298033108, 1055.8549758674671, 1082.8930773676993, 1104.8404027041215, 1027.012836014534, 1040.7562855025908], "editgeomall": [2116.8539494205843, 2170.801099984168, 2171.1122633510327, 2290.750739603602, 2276.8585657840954, 2231.6533845010217, 2172.389836494126, 2195.770343543248, 2278.294241623411, 2174.891253858438], "bufferall": [4353.8541151216305, 4337.026794353105, 4138.727243022018, 4000.6461860804907, 4091.717638306024, 4383.4105924646055, 4549.981439057918, 4466.867416214136, 4251.911835308049, 4232.714912283765]}