{"visualise": [18688.911794473865, 19985.385990546867, 19479.29490757587, 18502.130030562206, 19302.661810632046, 19613.91415002886, 19204.174507681804, 18719.735340401538, 18489.50755279417, 19018.059313030717], "editone": [18122.115474508868, 17570.13315196796, 18129.906119231993, 17652.423002720127, 18883.716795657067, 18375.116538166276, 17675.793694825552, 17816.27299497594, 17843.108826091055, 18006.014600843035], "editall": [4862.440936653659, 4832.019065981985, 4952.616717433396, 4827.360182602815, 4889.448350535291, 4908.968241837589, 4686.203974501342, 4949.16418876231, 4763.135047708133, 4865.1548412078755], "queryall": [23265.84923386213, 22753.36797661121, 23440.857219606998, 23884.717959402537, 23283.14394768938, 22306.15151040583, 22837.08019675219, 24852.488334749734, 22322.41274078367, 23202.309509030998], "queryone": [2096.9137084716326, 2229.9352206552026, 2103.8208705205734, 2249.0728460390155, 2158.8629406858017, 2279.4074336180015, 2248.8402038810436, 2241.919325821042, 2185.360061670362, 2233.771288563091], "editgeomone": [16756.162222786286, 16961.65026090654, 16577.401442775816, 17530.46509903548, 17341.97948119616, 17825.02308708149, 16653.486022364417, 17732.875943411444, 17283.33054128157, 17063.10792460242], "bufferone": [1113.768018029547, 1165.499476394597, 1184.0841765344217, 1168.6321307756152, 1178.1414928980357, 1116.1154199567006, 1135.7765305042362, 1092.773911281871, 1138.7019212749258, 1065.793942971905], "editgeomall": [16711.41965570192, 17698.582516037353, 17567.668472451733, 16742.073840767145, 17365.17825557458, 17468.622361678754, 18100.43631745628, 16350.323814444755, 17422.26018119808, 18160.967631830874], "bufferall": [25932.18654595845, 25718.258911348516, 24232.956838989772, 25768.065379511554, 24820.072078639452, 24620.795330096676, 26884.572925355544, 25624.500858415493, 26056.444714687295, 25204.704452331014]}