{"visualise": [10063.71131528929, 10122.15118094224, 10344.175421933343, 9707.316301279447, 9771.688607669668, 10271.110604001811, 9425.463910552196, 10104.527131343466, 9900.776167635404, 9283.641272257202], "editone": [8430.592378253208, 7952.489676387976, 8389.574133418342, 7673.454835158659, 8079.528859341732, 8489.588927338169, 7836.835188261996, 7915.683548483184, 7721.309197421317, 7386.398837424302], "editall": [4320.476540266007, 4664.93327178918, 4478.472681960091, 4613.221450523249, 4353.408393883102, 4641.462024329894, 4335.961873443921, 4536.897281710564, 4562.488224420378, 4934.8332499933695], "queryall": [13255.42981318976, 13180.493381275586, 12622.286045706429, 13762.906272300346, 12886.072848865568, 13302.935101221055, 12511.715555353105, 13549.836753334228, 12984.645089311061, 13068.1371632121], "queryone": [1792.9106874135123, 1780.5633292430614, 1835.8018910070277, 1700.8312232146927, 1980.9721403472481, 1819.3122136700813, 1890.114132428919, 1874.064061750904, 1954.765238292896, 1921.1355898009012], "editgeomone": [8102.935547149179, 8024.73882021951, 7865.942188323185, 8302.160671326925, 8078.6716381180795, 7817.5763072082855, 8338.75212345568, 7617.002473127736, 8002.490999748573, 7745.967190895354], "editgeomall": [9169.167015647121, 9262.850944902451, 9002.141472401554, 9092.589724785063, 8735.632712856506, 9237.913270023495, 8453.742810550842, 8988.106697793824, 8816.10296720196, 9067.744886159295], "bufferone": [1224.1019493973179, 1197.7030600664302, 1132.0242995801875, 1208.5400140354873, 1247.9226597003938, 1166.9102736779653, 1219.8339016219602, 1203.2293618133358, 1159.1514590490485, 1132.9009067138843], "bufferall": [18990.992133470572, 19918.512649831337, 20151.697453025397, 19863.25324725436, 19338.595170073782, 19624.33284036461, 19704.166778916504, 19803.142664501916, 19178.63641360217, 19732.606003034136], "decode": [259, 211, 167, 161, 183]}