{"visualise": [2570.107711026805, 2585.6981374372367, 2721.9807936951306, 2657.9447120493223, 2671.374408907341, 2583.48138977485, 2639.96393786435, 2753.5020992361056, 2508.258151519871, 2443.0443393792034], "editone": [2351.144831207943, 2310.983965844746, 2311.8297750149327, 2293.668405679641, 2463.0552320148176, 2335.6186520300075, 2383.363011314398, 2432.1763503459283, 2299.595515848475, 2423.591160394796], "editall": [1293.4694176511941, 1200.7879764440834, 1228.447998649436, 1250.503069645761, 1323.3056004085277, 1221.4286974894544, 1161.5135934357656, 1244.2248920982045, 1253.135421524053, 1256.9343916141017], "queryall": [2665.553239638982, 2574.9898902770665, 2472.5840026544993, 2477.2888149200376, 2628.023787049455, 2480.3479927387693, 2409.1905034611523, 2425.1723324631157, 2575.8719924345005, 2512.5580770781226], "queryone": [1144.3502662542053, 1152.11061151957, 1148.8674010147558, 1229.2433724925208, 1132.3215942084637, 1147.1620685573791, 1170.8668767097015, 1175.593700526179, 1186.8744954546385, 1183.1849219709297], "editgeomone": [2437.2255803837547, 2500.6157431475854, 2236.1792149906883, 2309.5817699908575, 2442.0527401876575, 2266.5150199771083, 2267.149982494285, 2235.661865411257, 2333.9862381799358, 2264.7130124052806], "editgeomall": [2291.8873020337737, 2284.1419850778516, 2321.3915301806974, 2320.060135923567, 2329.1749154284807, 2343.579813260086, 2292.071841450424, 2346.610109884674, 2233.00501331109, 2212.932828304235], "bufferone": [1046.0225967902948, 1090.7082803367707, 1054.579794876845, 1009.233609874838, 1106.2010177514705, 1074.5162026700034, 1056.3501756840305, 1060.5501814640827, 1040.8228658676273, 1106.0174686652042], "bufferall": [2854.4374706443978, 2938.434389532871, 2816.8762736439485, 2748.1472421212593, 2900.119705068417, 2847.40235575504, 2683.804129664916, 2756.017855353469, 2764.579059093543, 2826.0229400041003], "decode": [55, 78, 77, 74, 55]}