{"visualise": [4370.290212998272, 4369.034648109307, 4634.45930133368, 4341.418817910716, 4583.623099866955, 4374.98267541364, 4384.154095847342, 4445.776581958663, 4571.932607025632, 4552.866822795257], "editone": [3360.312830290923, 3631.786825430694, 3574.783353726305, 3364.3246715022674, 3325.981923879835, 3427.7114488174084, 3430.2020305618607, 3302.2601414304877, 3404.139805882621, 3534.5123993621332], "editall": [2097.5613820004705, 1891.2426231852728, 1957.0084898811956, 2054.3855286129165, 2008.2018942434308, 1963.3442066331895, 2004.2371546900624, 2097.687669422549, 1962.354205380341, 2042.8526975522843], "queryall": [3950.2279703256536, 3991.9181419395445, 3949.4674749177457, 4061.364371641011, 4143.562187739647, 4013.4721908051056, 3684.2392294924734, 3862.388002433902, 3974.2949092951426, 4113.238589052515], "queryone": [1510.5505191979703, 1441.7216427688647, 1395.6948783558914, 1445.6219937525395, 1342.8362409557094, 1384.7945609276185, 1395.5164290201672, 1424.750123388291, 1349.0231966418069, 1275.109190174719], "editgeomone": [3330.70009945994, 3243.785204875924, 3366.252285722137, 3054.7361960968847, 3340.5959691711982, 3196.1589822845067, 3244.4070901807327, 3183.049828762486, 3104.9431799694758, 3285.6858049147195], "bufferone": [1058.4704092156128, 1091.2609483108515, 1124.4586723164211, 1117.1613801835183, 1170.386779724244, 1081.9733150781617, 1060.8444891466727, 1149.5105243044234, 1086.100000553124, 1079.5698756215736], "editgeomall": [3437.930104555778, 3304.852031644776, 3448.3941429472125, 3216.9936816125964, 3480.2777968813316, 3067.568983573715, 3228.346664643283, 3253.0023322682946, 3334.6986884713724, 3132.5148267345844], "bufferall": [3832.5784715103396, 3773.4971753317004, 3373.8984869042683, 3966.482732796894, 3435.47256767397, 3758.065677642046, 3774.603939650403, 3652.0953663290393, 3394.4199585625406, 3638.8930639986283]}