{"visualise": [45004.64938952676, 44199.37943699068, 44020.60016830896, 44546.75942412855, 46611.15301358613, 46302.211516021925, 46929.31917628508, 45323.39260705211, 43765.51091098567, 47473.629476219], "editone": [40030.026637895484, 41282.38038550381, 41279.04321726624, 38578.00196190904, 38399.04012713937, 39959.01352196085, 38552.91491824639, 38724.10828022622, 39542.3486029985, 40478.17574201221], "editall": [11017.692380645012, 11809.375299894433, 10732.01831211758, 10609.664590334067, 12144.899772241488, 11641.347173399645, 10481.5188551061, 10994.254940983132, 10683.187578772642, 10957.896532371067], "queryall": [56116.32102429902, 57686.20903490059, 60451.0086295207, 55319.93440723316, 56938.81237977385, 55370.4449670988, 59040.623612825686, 57791.94235153743, 56543.11800020939, 55757.493411506075], "queryone": [4250.265239456539, 4498.67814470136, 4332.75224424621, 4460.312929372619, 4300.53615436568, 4198.612436884585, 4334.836628435339, 4417.037113038898, 4402.240651338867, 4303.371589178853], "editgeomone": [42491.82030684304, 37858.3957620045, 40934.06622604798, 38205.76864133589, 40494.31335766436, 39410.36996483795, 39665.2822249594, 39548.17873059551, 41999.65661657865, 40459.986890433465], "editgeomall": [38044.571770508264, 40698.04638203101, 35959.00901736319, 37507.54609776314, 39512.34273580918, 38995.206841974905, 40435.69654469109, 40437.02405662991, 39591.42103164012, 37546.11067738686], "bufferone": [1379.5036823608102, 1479.649699463498, 1446.204081916077, 1389.1946722812713, 1291.454006208377, 1369.265970102984, 1471.613770350736, 1459.2861271490813, 1348.578958322752, 1318.5350954083], "bufferall": [52821.623604932625, 58240.73401504618, 56207.44559163347, 56841.129317403975, 59942.41376481392, 55692.226682650544, 58199.456236832535, 54272.701284968505, 57912.054210404865, 57271.93438780223], "decode": [1042, 1101, 1054, 1593369265906, 1593369294229]}