{"visualise": [2439.8667483135237, 2430.429046230844, 2498.4313627707756, 2372.87494707071, 2362.0927618783808, 2440.3760119857784, 2419.3123826331503, 2297.1741173506025, 2274.4464796951747, 2482.523646953167], "editone": [2082.5403399952884, 2119.524324826521, 2166.788177314193, 2071.9775628017646, 2126.7514095668425, 1968.5636336722632, 2049.016736365074, 2082.69473753452, 2131.8849818144067, 2181.35508015624], "editall": [1399.677281114577, 1397.2099626350578, 1560.7774258495242, 1457.4990064410688, 1423.6032932751623, 1345.391327425477, 1429.1478423120107, 1432.146965823908, 1377.036557590511, 1483.300755030837], "queryall": [2341.971754168571, 2288.058658659702, 2371.287296591726, 2349.138920446887, 2320.743757557324, 2384.6493093284903, 2118.1403423381967, 2509.9447390324253, 2345.2778534259564, 2397.4874594599555], "queryone": [1180.4288763545705, 1129.5164173710546, 1151.4435129783294, 1212.116802807713, 1117.3633574995456, 1078.3011094474284, 1219.9852130695567, 1085.6272518374228, 1153.6327051816033, 1158.5295198115011], "editgeomone": [1994.9919326784895, 1985.3692067606705, 2048.410692939411, 2074.5093121080386, 2030.2582060269885, 2138.238829226438, 2019.4274509501233, 2068.797713337896, 2189.4721135225286, 2125.9901182430403], "editgeomall": [2287.915400977899, 2216.0560470992364, 2198.8549827901293, 2186.5307970628382, 2202.1719837041874, 2250.26431883451, 2138.5379399446206, 2344.5236010170647, 2255.5016263451957, 2119.3448682593635], "bufferone": [1019.914787368553, 1113.3741697699413, 1117.8885725416458, 1123.5667234325235, 1112.4817557830108, 1071.3243209013208, 1115.8823180800741, 1037.6954441422852, 1092.9684078474374, 1091.8568714346886], "bufferall": [4060.453246414596, 3980.370395157135, 4071.5259794660674, 4354.023170728878, 4172.27416126518, 4231.7261023784195, 4321.978593341743, 4279.87830699577, 4159.428704608932, 4291.8311624262], "decode": [43, 44, 45, 43, 44]}