{"visualise": [1581.1258015696076, 1550.051061519669, 1592.105324394324, 1560.7514040498434, 1535.003703083175, 1533.5586957647347, 1560.1456901064366, 1528.121213554633, 1564.4313104826447, 1549.749847930083], "editone": [1306.6483521930234, 1484.1145749806167, 1390.6535740059662, 1432.300447211832, 1429.8350307440696, 1334.5314344776014, 1453.0762924337348, 1386.116702900969, 1375.018841853122, 1443.6174492478103], "editall": [1196.4277410915697, 1169.459867223504, 1200.5118118053379, 1135.92181139568, 1127.2141193613452, 1222.7291116275487, 1198.7989907655972, 1194.3178086193172, 1203.424898451979, 1125.1819314220556], "queryall": [1400.5131999822245, 1431.8850152314942, 1474.2586228638306, 1546.8518380147548, 1440.769601328245, 1480.4080088875266, 1474.806666904721, 1489.3307528689484, 1454.5611515395892, 1430.023756770513], "queryone": [1045.9967477127036, 1064.7442220434111, 1077.285430279139, 1070.718522706259, 1061.7247337116428, 1084.6041351036936, 1107.8259650919413, 1092.3076880876918, 1071.4198775410314, 1086.2846487224967], "editgeomone": [1465.6977468109953, 1386.6416707019034, 1515.5512092798747, 1368.1811453676805, 1454.401144588518, 1431.0327247348841, 1398.6799982823934, 1463.9558218440097, 1388.5904045209227, 1440.5083430730501], "bufferone": [1076.1155365396066, 1013.5053850425021, 1063.0777218161738, 1055.499802740796, 1032.4421002548686, 1045.2817847322228, 1038.6895095557807, 1041.0293942116502, 1057.5769191397246, 1100.603183394468], "editgeomall": [1402.5238417395508, 1477.1597981702853, 1352.1724731746708, 1373.5037811442205, 1338.5011984847524, 1382.9160073087342, 1429.6983331375827, 1426.1001440465636, 1471.2494722889278, 1425.4694618180683], "bufferall": [1806.2429064317919, 2039.1357193723632, 1946.256360726815, 1920.0049255914873, 1864.4038440952484, 1929.1894285976043, 1851.2955030589576, 1944.0211150998764, 1892.1200060133958, 1871.303405395766]}