{"visualise": [40896.532499886, 42866.23329755001, 40348.574072268726, 41246.01348180179, 39083.93526581552, 40725.469593255424, 41774.6174839148, 39500.35778195772, 39622.2278967663, 42722.92821541126], "editone": [26014.628807143905, 25075.437301828926, 26069.23626552064, 27137.960844859343, 27203.464286824114, 27087.221256494344, 26489.129187449038, 26408.035562391993, 26531.23645552316, 26880.577421900947], "editall": [7419.812151098016, 7590.860429843104, 7334.346626562689, 7928.190916505473, 7656.641172457942, 7499.181840544121, 7523.30876186368, 7360.197630411812, 7141.7449835702955, 8175.879498958818], "queryall": [12305.501754591798, 11677.057210981997, 11449.682138917622, 12110.165440454924, 12452.797415368399, 12579.278935690638, 11995.208179470284, 11406.451091391982, 12172.791393332442, 11517.661659737187], "queryone": [4167.651410844041, 4204.109328997161, 4276.926023727112, 4285.1592927586835, 4122.048545559035, 4156.104575121484, 4330.351726276455, 4174.069214140721, 4359.374346079346, 4253.620057629832], "editgeomone": [28068.878398313118, 27435.30520433944, 27012.285253159676, 26148.93969162848, 27603.372428188304, 25950.72915088936, 25655.42508101058, 25469.462959859542, 26204.12587122668, 27337.936432718983], "bufferone": [1347.4750931666615, 1243.1922337106841, 1268.6527024178588, 1274.2454327036774, 1256.4925417541426, 1265.9569979929695, 1227.1077605202165, 1264.600908800866, 1285.153478634329, 1292.3447294737532], "editgeomall": [45923.06234930306, 45011.11628323818, 45203.58886537379, 44536.30427397583, 47037.158677796644, 43003.18038068703, 44617.7039023202, 43647.80192134828, 43197.863319622535, 44667.12883138898], "bufferall": [33929.77440369366, 31821.89510299893, 31943.81005581998, 31150.03195318032, 31770.192335946856, 30644.742662415185, 33023.31050303892, 29176.656280575397, 31943.91917287738, 32280.344360107352]}