{"visualise": [44079.047368181185, 43900.162665176584, 46443.26236477763, 45733.36205770949, 45992.18172103725, 46508.77544544975, 44862.37638006482, 44927.110575352475, 47901.26996218996, 45050.91149344642], "editone": [27826.719043265246, 27930.440959978598, 27705.14410371317, 28374.90643191345, 27889.577393483476, 28419.403672225955, 26640.220465241106, 27062.488366169015, 27932.98037632699, 28016.04350472397], "editall": [8764.298610938085, 9536.799427660688, 9205.387928597442, 9283.025861072858, 8967.20018951713, 8990.970921551978, 9210.182451734736, 9602.701967189452, 9393.220446988897, 8816.106374861205], "queryall": [39309.76434669124, 39999.855171988755, 38677.36640507139, 42411.436796359536, 40026.644449241925, 40693.56740882615, 40247.09725894981, 37683.02469546221, 42211.48901656162, 41573.91091195795], "queryone": [5090.79956559534, 4861.237320003706, 4619.6439219931, 4502.283855849695, 4965.456157009992, 4817.662125491106, 4997.205379832543, 4856.388597727817, 4908.5103586764535, 5057.113072097647], "editgeomone": [28183.79381262456, 27208.931008178206, 27999.154268504557, 26961.995890658665, 26554.472584216604, 28380.37351319316, 29352.130090045077, 28189.9138810321, 27275.236452387526, 27836.962472995452], "editgeomall": [22739.766376279276, 24136.745451847673, 22550.051894583317, 23947.27182096792, 24631.59939962495, 25191.314695998877, 23354.547920312183, 25689.924554583566, 25438.124750704934, 22608.1096674438], "bufferone": [1424.0803211010211, 1297.2118800227447, 1402.5846242161592, 1319.7154029700862, 1370.4156716703014, 1423.739828922405, 1361.8659882737943, 1323.832088539583, 1354.0320176943264, 1313.7778067273014], "bufferall": [29662.883275303884, 30265.30074598022, 30744.502609123127, 29519.291235585413, 31742.57458203013, 30646.739453748745, 27033.614431103848, 30247.368113782435, 29631.802932321727, 29591.19033708041], "decode": [788, 750, 749, 671, 750]}