{"visualise": [3937.9235975054225, 4443.8859711031955, 4184.111504786115, 4142.368479238787, 4049.227452908047, 4265.2357355214945, 4366.23022937502, 4175.451920899116, 4211.854551830902, 4173.350864899011], "editone": [3439.4938215629886, 3539.9319283600953, 3468.870623409106, 3489.8237290269135, 3625.2348145204874, 3756.164167124814, 3521.7937956953647, 3283.142998105758, 3492.7006472676558, 3500.240770484225], "editall": [1953.424516433058, 1936.380705985138, 1886.780334462437, 2006.2982814585155, 2003.4173876167088, 2009.938375749757, 2034.176824654368, 1969.0475125543708, 1901.5114728724898, 2041.2542679458245], "queryall": [3907.3657597708534, 3968.550589195688, 4163.886212041641, 3906.0039941747077, 3907.0893993054265, 4051.4348893823376, 3904.305811820797, 4138.8252206057405, 3829.4891950409333, 4070.893963584697], "queryone": [1376.8475043650108, 1400.235636132254, 1464.6532570555219, 1423.2489456016217, 1422.110561136394, 1455.3001752409216, 1400.956519739822, 1368.9420754746377, 1481.1223029346058, 1382.1871908430455], "editgeomone": [3630.9777390343766, 3713.7138612122717, 3343.399686513392, 3351.804634338607, 3506.2908604784384, 3498.5130528515383, 3313.8817420287, 3644.4529980143025, 3301.021740621632, 3495.349775999344], "editgeomall": [3516.5010259041483, 3244.1061968364033, 2939.5297222380527, 3457.3505631642106, 3393.9149975188157, 3374.592298815569, 3501.969853295687, 3461.7903672445723, 3358.304701096158, 3504.5851638217105], "bufferone": [1070.095872535853, 1083.7655773939816, 1140.9164423926252, 1101.320349171367, 1151.546674216648, 1102.885679426513, 1182.4591858914093, 1106.050135316, 1034.6759137534498, 1155.8524356234213], "bufferall": [3153.295191216408, 3212.43257622937, 3115.0459669727184, 3030.206168253399, 2971.4308067915667, 2953.386476503472, 3044.8141495990935, 2946.734798536132, 2862.8411934785818, 2973.6965563099825], "decode": [63, 69, 53, 60, 58]}