{"visualise": [61861.46186930819, 64553.86444200849, 65190.657826042174, 61716.62284722646, 58353.91095639022, 62293.60670040189, 67354.04745668407, 66409.81400451793, 62621.19530057097, 58867.619276784855], "editone": [57298.645604188874, 56882.15975574683, 55434.13159596774, 54352.238247651534, 57106.3291349185, 57751.828898713116, 52828.11710456772, 53593.71643094637, 55264.8806204355, 54540.18412118113], "editall": [49287.96609427566, 50476.498530310964, 49808.267843062175, 49309.45891693036, 49400.72323868819, 50687.59491017634, 50766.618788815365, 53483.18678496186, 47725.4325449655, 50143.54133144457], "queryall": [50535.96248324595, 47329.25359860129, 47402.24371140705, 51970.097460130855, 52863.07880357119, 49709.33128053781, 50778.0604783728, 49180.892778228714, 48153.141205026055, 49297.24431421935], "queryone": [49481.71037150338, 47347.90807291695, 50548.47632903687, 49453.552467477144, 51013.39649146267, 49056.29422848645, 48543.75214242891, 47434.04908718863, 47427.845519403665, 47184.915576554464], "editgeomone": [73479.55591183242, 80831.83638144465, 79770.16578778834, 78880.69860625624, 81415.69410673648, 80848.44822510582, 80654.0841323738, 77941.29609385747, 75827.16020815012, 74974.850334064], "editgeomall": [-1], "decode": [3529, 3539, 3391, 3461, 3336]}