{"visualise": [1394.8980020501376, 1405.935834689226, 1420.7562856769118, 1364.3848506228128, 1409.6918983082376, 1465.2691053945557, 1443.7764594497057, 1513.3518757116346, 1461.094340142532, 1495.38915800306], "editone": [1428.9722367831273, 1359.6316759260594, 1280.4145192565659, 1316.7796332022608, 1320.3501508049067, 1388.420460978948, 1340.419124791717, 1363.352179615059, 1389.6472664047799, 1339.1714278737586], "editall": [1207.8472394109244, 1176.1562962263226, 1210.5307252404239, 1175.9607072483304, 1176.5948184577767, 1198.42057391112, 1103.909113487392, 1097.1728616088933, 1180.4338541619666, 1136.9680567462983], "queryall": [1385.7882480684143, 1553.452973707883, 1372.8640458010464, 1502.0843556109603, 1492.7101510086495, 1517.2182220383825, 1393.023490722019, 1468.4987889638865, 1611.5877728222188, 1500.195366029123], "queryone": [1177.5986445757255, 1092.415949772719, 1051.3640576670073, 1082.1756845394816, 1152.2092154906306, 1117.7488901050824, 1032.9817190800632, 1117.1191486930102, 1128.9664423450943, 1059.307037986325], "editgeomone": [1361.7906211957643, 1363.789845332294, 1246.369102915999, 1405.098942538689, 1404.3039845657988, 1332.824123466201, 1420.3376116359007, 1330.2119666203066, 1375.2381705993464, 1311.6391894890007], "editgeomall": [1400.313925607862, 1412.6300214316195, 1287.797261696509, 1355.9031515690967, 1388.0215530750058, 1382.84651431005, 1505.266598283446, 1279.660201358121, 1296.1319085819396, 1408.107326158938], "bufferone": [1056.669704069126, 1068.3583434141776, 1112.3031491450429, 997.2088888130726, 1015.617742598919, 988.6459667611142, 1027.1196736383295, 1080.4853750956493, 1062.3821823334388, 999.83675874462], "bufferall": [1837.361434584723, 1949.698572137423, 1869.8794025421275, 1754.4445287902404, 1774.5148647102108, 1901.9980225050547, 1904.1831014429395, 1807.8331155153976, 1888.6726913164734, 1868.647509358097], "decode": [19, 26, 27, 24, 24]}