{"visualise": [46520.24840060297, 49442.955083211, 47631.091947669025, 46246.63283675993, 50118.56804435208, 47565.96250458658, 49517.21595363309, 47164.318847470786, 46643.67330264229, 48270.711662374626], "editone": [42575.062487776704, 42958.728956295556, 43707.47981181983, 41906.38305919392, 40794.028170979844, 41682.06970899194, 41944.59964681688, 40500.43763862059, 42256.225342615995, 43309.3976495219], "editall": [10830.843705133206, 11382.587702824043, 11099.742964303496, 11405.83000281072, 10189.586387214935, 11060.603502007118, 11236.325247913324, 11233.326355482024, 11616.42057748191, 10198.521365100985], "queryall": [57323.76381846814, 54638.77138079309, 56342.92583743278, 58254.64739204667, 58389.10455269174, 57349.339256791085, 53639.764427304624, 55791.27947812048, 58685.93655570599, 55670.28210632018], "queryone": [4356.6020652998595, 4149.636568435255, 4481.64585785377, 4305.210783109849, 3847.780137855104, 3978.61606243907, 4543.359593742821, 4048.605129681591, 4441.110337948209, 3987.9502320303895], "editgeomone": [39666.123832885256, 38772.94907881387, 40538.78683267027, 40109.728922775954, 40475.71351030424, 40280.29343265739, 38608.048262857825, 42199.224242930475, 38526.05404528814, 40460.817724039574], "bufferone": [1372.1314075146656, 1359.5528292936403, 1453.5519324497861, 1466.0046548502478, 1486.0512697244644, 1357.2544472379811, 1498.7167237083218, 1344.2637989716538, 1416.6930751575471, 1374.9264980327862], "editgeomall": [39469.73464251661, 37752.11356874971, 39962.44847365225, 38002.14608117851, 36591.84666061309, 41483.649618381365, 42254.16217161743, 39777.0371148438, 38909.88711122479, 37552.224798558804], "bufferall": [63071.01744236808, 62327.89195818931, 58122.07180777924, 60929.81733892768, 59875.34318804626, 57928.06359708335, 61053.302719417305, 61066.753962840354, 57594.501532218994, 56088.894116411175]}