{"visualise": [2478.171664694492, 2507.8593989425003, 2528.369267020763, 2540.861217321102, 2607.432861407597, 2355.1337677625334, 2402.511628480115, 2513.4933423756333, 2459.720522024865, 2473.693782305224], "editone": [2442.5080396078833, 2372.456760739592, 2332.673051418245, 2215.646796455195, 2268.5743792419453, 2325.445979433212, 2157.6258144013777, 2245.9129636584257, 2352.3224789255455, 2282.781501453403], "editall": [1257.3569861858382, 1302.0072186254763, 1195.4961918289696, 1309.8444603032976, 1349.5301437412743, 1261.037329181603, 1287.345239197412, 1250.2958534630493, 1256.343021552699, 1269.9351228195214], "queryall": [2573.157880637981, 2449.5986566520296, 2481.6118481863728, 2437.300999814929, 2601.5543478266277, 2676.122148037351, 2581.00283260629, 2485.6294471211468, 2611.3276378506157, 2513.2495054669653], "queryone": [12923.67058323024, 1260.536782234525, 1251.09134574815, 1222.91879899748, 1230.906292613665, 1163.61408610417, 1204.221205295067, 1308.60198364843, 1360.864329026048, 1236.80637659521], "editgeomone": [2403.7907567774196, 2337.9126262959753, 2201.4907561425366, 2276.394814409914, 2447.275997759969, 2283.887465709092, 2314.0305186485957, 2220.290919844605, 2282.150163385372, 2209.4322936933386], "bufferone": [1066.870177990014, 1019.9263805252417, 1041.0665092288723, 1094.5252093936613, 1056.2968132153812, 1068.974604664324, 1050.099691624764, 1076.050745715149, 1080.988081312381, 1125.28201321916], "editgeomall": [2256.5174281224026, 2324.4555056738127, 2248.411121433312, 2299.3673086577073, 2221.6525337578055, 2206.467617196165, 2277.9568935570705, 2248.5473237988354, 2328.285864227632, 2286.7256739100694], "bufferall": [2708.861214804111, 2963.857862449386, 2776.7136301790943, 2745.2876121200343, 2935.0670653253324, 2845.528255333498, 2936.6885000753455, 2737.8273611906384, 2969.633024323376, 2799.0552328936633]}