{"visualise": [81307.7138170534, 85623.30309532704, 79108.2468774304, 82659.96264591934, 81661.90219545829, 84502.6399755473, 82710.53380635296, 85654.16671735264, 81914.19756429436, 85206.62930229527], "editone": [84417.16502918556, 90112.21645305707, 89032.38397737441, 89006.17327860392, 81945.49491036088, 88892.80480503397, 83834.00994921803, 89270.43626712718, 84661.638701582, 84570.11311071314], "editall": [53153.53546642547, 53116.28233490282, 51396.54821777713, 53618.327594406255, 53674.43451376688, 50765.6216069245, 52516.04002709991, 49696.986063960576, 53218.97727045193, 55491.04330479613], "queryall": [53841.39803674709, 50133.30742809972, 55613.588487231405, 55218.57930024591, 51599.62658692939, 51728.20688167309, 52797.44745815729, 49751.24724772823, 54094.49459926747, 53078.645033301065], "queryone": [54261.527668839684, 52858.8125291912, 50002.33345994893, 55638.58729037437, 52873.17161651826, 55213.02172942887, 52077.17895133737, 48286.62175016786, 53673.463452560856, 54840.28499392331], "editgeomone": [65213.031990994066, 63275.791907785206, 66380.48206110903, 65765.02348130447, 65474.77891223341, 65713.71257833674, 66033.51415638387, 65255.54630172462, 69558.097486946, 67502.28967763293], "bufferone": [52517.87832058495, 53410.0166372855, 51421.43656523518, 53096.70785359723, 51176.56555637006, 53612.25295383956, 52167.867662361794, 53793.094720043446, 53028.89285405236, 55904.85895936589], "editgeomall": [63684.09025676071, 66673.70662809208, 62067.08358712917, 67674.55540279394, 65666.46525540695, 67548.75653089842, 65223.03220191157, 61959.98021805665, 64610.49983665866, 64170.95810492871], "bufferall": [-1]}