{"visualise": [3281, 3615, 3312, 3529, 3626, 21843, 5141, 4887], "editone": [1880, 2112, 2010, 1840, 2008, 1817, 1915, 1945], "editall": [1928, 1817, 1916, 1821, 1772, 1949, 1833, 1805], "queryall": [1840, 1844, 2002, 2127, 20220, 1828, 20083, 1751], "queryone": [3359, 3478, 3048, 4682, 4491, 4132, 3665, 21659], "editgeomone": [3442, 4340, 3738, 3158, 3732, 4152, 5409, 3792], "editgeomall": [5065, 6204, 5678, 5808, 6493, 5434, 5069, 4541], "bufferall": [8217.74685555006, 7797.2341605870715, 7569.467784549997, 8314.588290162521, 7916.011057182117, 8278.744140215105, 7982.346625777451, 7212.30571127121, 7983.317035276561, 8026.909501500658], "bufferone": [2546.4707080046896, 2588.553790360914, 2492.0979421294537, 2598.347290967661, 2617.5628305976884, 2355.0939080288827, 2555.374809824714, 2352.6079053295466, 2519.0840728368125, 2655.603004730744]}