{"visualise": [40571, 3440, 3175, 3358, 3233, 21366, 4350, 3862, 3656, 3847, 3310, 3675, 3242, 3660, 21066, 2749], "editone": [1987, 1962, 1905, 1017, 1240, 663, 1703, 1662, 1604, 1602, 1638, 1636, 1704, 1827], "editall": [1907, 1832, 1856, 1887, 1706, 1814, 1953, 1840], "queryall": [1891, 1649, 20007, 1647, 1684, 1731, 1616, 1738], "queryone": [3125, 3347, 4572, 3047, 4232, 3633, 4086, 2962], "editgeomone": [4318, 4594, 4448, 4436, 21329, 3133, 21125, 3084], "editgeomall": [4288, 5273, 5250, 6315, 5382, 4548, 5461, 4966], "bufferall": [6441.311093091908, 5947.591766413916, 5922.211423830723, 6026.116092140547, 5964.985956363505, 6019.623729159764, 6435.854114162072, 5528.02501449386, 6067.607545785489, 5750.734344379877], "bufferone": [2757.264227988034, 2571.2345522704095, 2616.4081129733004, 2593.257696490567, 2532.8593751509097, 2440.24003521577, 2519.160124680623, 2464.219270568757, 2439.9380332847427, 2518.789953431585]}