{"visualise": [10436, 10251, 11236, 11937, 12896, 14400, 13506, 13081], "editone": [20560, 2153, 20477, 20453, 2185, 2391, 20313, 2449], "editall": [21258, 3295, 3156, 3751, 3409, 2898, 2979, 3092], "queryall": [2081, 2113, 2075, 20678, 2226, 2524, 2271, 2479], "queryone": [10659, 12186, 11231, 10829, 10578, 46669, 10253, 11358], "editgeomone": [13099, 12127, 11141, 11169, 27314, 9629, 9466, 11652], "editgeomall": [17038, 16028, 14047, 13733, 13599, 16005, 18241, 17019], "bufferall": [3057.6029054806686, 2915.2563615998943, 2841.18322963052, 2908.0246491898306, 2900.808429905538, 2877.3210419166444, 2942.428421118583, 2901.0192412816223, 2949.884184999737, 2971.4742159571374], "bufferone": [6936.9537195629655, 6401.614123502516, 6480.83042687224, 6547.014939019528, 6834.705737597998, 6609.059265412834, 6296.402879982706, 6806.583880750949, 6756.771512473107, 6887.878304092355]}