{"visualise": [17321, 17471, 35474, 31827, 13572, 14818, 17335, 33718], "editone": [2820, 2758, 2678, 2561, 2727, 2776, 2462, 2594], "editall": [6694, 5893, 7072, 7644, 8051, 7830, 8748, 8769], "queryall": [2505, 2535, 2637, 2439, 20984, 2698, 2663, 2572], "queryone": [15416, 14203, 14405, 16408, 15662, 15755, 15712, 15765], "editgeomone": [14274, 32000, 14827, 16361, 15516, 13976, 14227, 14815], "editgeomall": [26136, 24466, 22618, 19983, 21544, 23654, 24030, 25430], "bufferall": [3728.366534839276, 3663.17133526466, 3848.8315741041874, 3668.1693486712593, 3765.1406122970584, 3874.2400111872366, 3960.504866885628, 3862.519104519735, 3764.98716389127, 3697.326068937268], "bufferone": [10004.07402518117, 9784.922649199123, 10067.569749534163, 10006.836801680312, 10409.29054418822, 10580.991591473166, 9779.463437180959, 10788.725295029026, 9341.389048953712, 9794.836485065602]}