{"visualise": [8665, 8290, 8227, 25032, 6241, 6384, 6538, 6417], "editone": [1815, 1806, 1817, 20268, 2047, 1978, 2151, 1938], "editall": [3149, 3226, 3041, 21111, 3225, 3298, 2877, 2525], "queryall": [1818, 1816, 19902, 2038, 2079, 2106, 2043, 1944], "queryone": [7401, 8275, 8077, 6438, 6234, 7832, 8861, 8369], "editgeomone": [7405, 9106, 9132, 25193, 7540, 7218, 6276, 6653], "editgeomall": [9108, 11547, 13487, 11335, 12371, 12977, 11714, 28349], "bufferall": [4463.043315643012, 4514.407715816963, 4651.227485494095, 4600.45528854486, 4613.053081287288, 4574.211364087692, 4430.4231471163, 4476.698650783147, 4802.000155225305, 4537.322000630394], "bufferone": [8698.536228465646, 8095.777848023353, 8876.923921223583, 8789.786081954911, 8869.827437036092, 8848.762930028124, 8121.188687344363, 8678.498203776735, 8896.372433350869, 8395.221316426283]}