{"visualise": [39667, 33686, 38135, 40229, 39319, 35447, 35850, 8217], "editone": [8424, 8203, 8614, 8063, 7803, 7771, 7848, 7791], "editall": [7362, 53270, 8471, 54485, 8230, 53233, 8009, 53114], "queryall": [8575, 8901, 8449, 8102, 25751, 8683, 8795, 8297], "queryone": [51140, 36518, 54590, 35504, 70516, 54848, 37285, 34256], "editgeomone": [35829, 29830, 47848, 29319, 47957, 29966, 29499, 29381], "editgeomall": [43033, 43346, 42662, 43508, 43310, 42814, 43249, 43138], "bufferall": [6767.297066704553, 6730.51633290862, 6948.107896188314, 6708.802175229297, 6577.910601343574, 6851.595268184357, 6470.301911483097, 6899.907869387479, 7015.018235538951, 6892.9745378499865], "bufferone": [25095.999609058552, 25884.531336362576, 25946.471481189008, 26412.95267081977, 25294.238578014167, 25555.15504540483, 25738.794981700885, 25978.11078938825, 26107.050094596296, 26848.42837366922]}