{"visualise": [3703, 4632, 3226, 21509, 3615, 3247, 3080, 3040], "editone": [1778, 1742, 1708, 20157, 1889, 20178, 2028, 20134], "editall": [20143, 1733, 1703, 1773, 1702, 1783, 1778, 2094], "queryall": [19813, 1920, 1818, 1966, 2098, 20177, 1948, 1805], "queryone": [3313, 3013, 3191, 3536, 4076, 21705, 3783, 22007], "editgeomone": [3700, 3769, 3598, 3456, 3494, 3431, 21240, 21583], "editgeomall": [4699, 5989, 5441, 5361, 5466, 5502, 5842, 5525], "bufferall": [7208.440411550386, 7492.506336423894, 7442.444561525888, 6903.351164398286, 7775.815955192076, 7176.842807191417, 6887.165971842968, 7167.23329735956, 7031.513426608725, 7389.462974953406], "bufferone": [3581.868264939776, 3683.7284078859348, 3350.196568087507, 3391.4838855317153, 3449.038191702316, 3278.869469628103, 3486.5999001845885, 3396.5252663104993, 3505.9492861142508, 3375.908678503936]}