{"visualise": [3237, 2943, 2861, 2759, 2813, 2757, 2883, 3356], "editone": [1656, 20077, 1818, 1651, 1806, 1695, 1715, 20040], "editall": [1790, 1795, 1778, 1655, 20072, 1725, 1625, 1633], "queryall": [1589, 1635, 1583, 1658, 1729, 1675, 1798, 1694], "queryone": [3602, 3697, 3638, 3459, 3936, 3236, 3015, 3383], "editgeomone": [3341, 3040, 3767, 3576, 4140, 3905, 4273, 3742], "editgeomall": [4866, 5575, 4270, 4483, 4076, 4445, 4372, 4029], "bufferall": [6951.184956729415, 6805.202849830362, 6582.595560730785, 6527.372866964144, 6563.719527404384, 6596.173934742764, 6698.392660163212, 6396.218677742523, 6575.460345548048, 6510.790718501389], "bufferone": [2718.5024041665065, 2506.373055935126, 2472.4595690406813, 2674.0837441274384, 2513.637326410816, 2480.2034337079467, 2462.445013744324, 2688.096418147385, 2528.445507423001, 2441.8498421830845]}