{"visualise": [21348, 2983, 21238, 21248, 2884, 2806, 2937, 2963], "editone": [2228, 2159, 2155, 2290, 2198, 2170, 2164, 2193], "editall": [2110, 2077, 2049, 2111, 2042, 2082, 20432, 2074], "queryall": [2026, 2039, 20423, 20387, 2044, 2164, 2092, 2113], "queryone": [2857, 2862, 2999, 2791, 2888, 2886, 3139, 2807], "editgeomone": [3223, 3018, 21515, 3131, 3156, 3089, 3143, 2980], "editgeomall": [3773, 22023, 3938, 4026, 3707, 3728, 4050, 3727], "bufferall": [7660.86913859915, 7427.460344788418, 7200.357309564148, 7444.646655631469, 7412.307643679078, 7137.257636410476, 7659.018451932001, 7176.137759531303, 7078.75117996313, 7181.580555504627], "bufferone": [2854.9315797462355, 2975.6361204718464, 2842.4710453827875, 2921.140711483559, 2951.981630982986, 2842.7396877059073, 3019.8433624959034, 2760.0058365675745, 2936.6561451355674, 2830.1529652535846]}