{"visualise": [61026, 10828, 38241, 9337, 45686, 46072, 11512, 37465], "editone": [13356, 17321, 17188, 16547, 15056, 13451, 16495, 15545], "editall": [10770, 27518, 11459, 11791, 10184, 9784, 12534, 12441], "queryall": [11375, 9282, 11550, 10666, 27244, 9206, 9810, 11228], "queryone": [35056, 36965, 39215, 34965, 38928, 38337, 33951, 35126], "editgeomone": [79460, 37180, 33865, 38264, 28456, 38843, 9231, 28301], "editgeomall": [10560, 69540, 11001, 43927, 43858, 43971, 44063, 7374], "bufferall": [12006.299341540454, 11984.133221289947, 12750.272614776733, 12120.846753116488, 12478.567807594609, 11549.785463290658, 12646.474898111916, 11997.435961507474, 11799.476958595395, 12277.387843593104], "bufferone": [29935.391269522803, 28559.96708440407, 28489.13085463869, 30018.13946860097, 29515.27733061569, 28419.212181167135, 29121.26020099996, 28582.98795376293, 29038.618649344982, 27394.41091677181]}