{"visualise": [2675, 2637, 2928, 2743, 2641, 2687, 2573, 2604], "editone": [1819, 1818, 1906, 1925, 1861, 1830, 1809, 20222], "editall": [1795, 1783, 1759, 1789, 1744, 1718, 1743, 1743], "queryall": [1774, 1729, 1730, 1784, 1729, 1788, 1739, 1795], "queryone": [21080, 2834, 2609, 2541, 2554, 2531, 2537, 2680], "editgeomone": [3073, 21182, 3024, 2796, 2801, 2764, 3016, 3071], "editgeomall": [3513, 3443, 21763, 22114, 3433, 3781, 3517, 3667], "bufferall": [7592.213393009027, 7680.039330794439, 7251.026893547234, 6924.753238575073, 6688.602841941678, 6708.955674616781, 7176.362969755651, 7367.149601521883, 7012.862614099645, 7887.126267351764], "bufferone": [2512.76160942374, 2632.8216289206225, 2528.898861902801, 2466.766553770106, 2572.3472581774863, 2475.084716643889, 2539.1060876183747, 2620.1052988500387, 2555.0935329703807, 2558.9297843720897]}