{"visualise": [13305, 13268, 13146, 13486, 13301, 13315, 13619, 13612], "editone": [4666, 4570, 4447, 4834, 4473, 22853, 22776, 41894], "editall": [3399, 3235, 3387, 3473, 3539, 3300, 3791, 3409], "queryall": [21728, 3233, 21593, 3353, 3346, 3391, 3693, 3312], "queryone": [12831, 12355, 12606, 12534, 12870, 13258, 12853, 12636], "editgeomone": [13487, 30970, 13420, 13147, 12911, 13059, 13016, 31135], "editgeomall": [36305, 36271, 19076, 18364, 55515, 18138, 18219, 18705], "bufferall": [3728.472141487234, 3825.750803047371, 3815.8313575073253, 3969.684236033071, 3925.522311902066, 3821.3822624400404, 3716.563270634565, 3478.863052287551, 3836.559577177878, 3720.666376238353], "bufferone": [12762.2679280936, 12812.68370115564, 12426.666454766606, 12997.399452948512, 12283.923764004772, 13008.987640053507, 12633.195094736384, 12195.986483094834, 12886.59424988391, 12573.553777187733]}