{"visualise": [5556, 5938, 5556, 6203, 6105, 6058, 5785, 5825], "editone": [1832, 1757, 1754, 1744, 1736, 20163, 1757, 1801], "editall": [1745, 1707, 1734, 20070, 1698, 1727, 1784, 1697], "queryall": [1710, 1679, 20080, 1715, 1697, 1677, 20094, 1751], "queryone": [5446, 5540, 5355, 5432, 5395, 5598, 5527, 5292], "editgeomone": [5556, 5598, 43131, 5573, 5910, 6077, 5746, 43186], "editgeomall": [7766, 8034, 7759, 7969, 8129, 7881, 7714, 7985], "bufferall": [3037.4432489746564, 3184.9297689088116, 3271.635489793144, 3317.989105892556, 3321.022266412257, 3493.134786257319, 3445.2325399259926, 3311.728193816575, 3396.1445344365875, 3410.515053708453], "bufferone": [6837.288984360431, 6721.77448772703, 7116.020426955231, 7164.783780157383, 6982.155375328168, 6909.65552270772, 6437.962425560983, 7190.764013728111, 6777.881225136685, 6401.421326170025]}