{"visualise": [2374, 2304, 2280, 2404, 2397, 2371, 2314, 2417], "editone": [1625, 1689, 1625, 19978, 1621, 1636, 1642, 1607], "editall": [1633, 19961, 1648, 1596, 1598, 39111, 1596, 1603], "queryall": [1624, 1590, 1604, 1609, 1586, 1617, 1585, 1608], "queryone": [2302, 2322, 2240, 2252, 2274, 2271, 2312, 2346], "editgeomone": [2767, 2486, 20844, 2617, 2650, 2679, 2474, 2683], "editgeomall": [3184, 3286, 3163, 3149, 3228, 3358, 3351, 3165], "bufferall": [4645.727252202423, 4550.799747794535, 4384.628594829722, 4584.3279737777, 4560.859736466235, 4729.036035676151, 4541.83299772943, 4589.106920007707, 4645.957065353707, 4675.402513644234], "bufferone": [3829.372646903807, 4118.500789225865, 4228.7890353712, 4088.0310355570246, 4008.9823653476037, 3636.9561746258573, 4118.314385114899, 3851.2035942348816, 3927.4205267269417, 3934.6149824179693]}