{"visualise": [8121, 7655, 7901, 7935, 8302, 45215, 8251, 7755], "editone": [1873, 20184, 1908, 1839, 1890, 1909, 1837, 1912], "editall": [1786, 1786, 1834, 1840, 1831, 1783, 1776, 1820], "queryall": [1755, 1756, 1768, 1744, 1763, 1794, 1764, 20187], "queryone": [7301, 25668, 7411, 7798, 8725, 10234, 11068, 10892], "editgeomone": [28282, 11881, 11281, 10985, 11246, 11815, 10034, 10545], "editgeomall": [12601, 13096, 31523, 52681, 14188, 12976, 11875, 29744], "bufferall": [3516.4487110549035, 3376.2061269224664, 3334.7247259646683, 3433.520469147755, 3445.2812975123156, 3377.7620370408363, 3264.26130236347, 3398.923063165681, 3653.874601243031, 3212.51200456569], "bufferone": [8299.73896607589, 8515.57192563741, 7710.501917506322, 7912.04891304324, 8070.339014260884, 7890.241368376068, 8583.80000620114, 8286.913996906578, 8476.04765152007, 8217.456411087107]}