{"visualise": [3274, 2998, 2926, 2850, 3013, 2801, 2970, 2869], "editone": [2030, 1969, 2020, 2057, 2050, 2098, 2002, 2007], "editall": [1933, 1900, 1931, 1882, 1911, 1881, 1885, 20287], "queryall": [1873, 20229, 1961, 2008, 1917, 1919, 1884, 2003], "queryone": [2979, 3116, 2763, 2826, 3109, 2806, 2775, 3264], "editgeomone": [3270, 3052, 3115, 3106, 3322, 3059, 3147, 2995], "editgeomall": [4031, 22122, 4172, 3804, 4749, 3839, 3770, 3793], "bufferall": [14481.37896665077, 14507.486021064979, 14179.425684334037, 15191.711060495894, 15328.985297142526, 14677.46813777504, 15097.585754281768, 15039.21101686719, 14529.659920547749, 14983.864954171082], "bufferone": [3102.721195883317, 3122.353227556235, 3063.7445753997645, 3015.7067408058647, 3062.1890694940803, 3072.5647480325256, 3052.0908092355708, 2897.8216372705006, 3302.7347568225055, 3104.9891462135574]}