{"visualise": [15931, 16176, 17399, 14351, 17640, 34049, 15535, 16567], "editone": [2697, 2895, 2684, 2993, 2959, 2606, 2598, 2630], "editall": [7863, 8968, 8441, 7035, 6443, 7759, 6903, 8758], "queryall": [2377, 2755, 2422, 2479, 2415, 2388, 2434, 2437], "queryone": [14545, 15004, 15474, 15360, 15433, 14468, 14068, 14990], "editgeomone": [16068, 16730, 15844, 15260, 14681, 13437, 13960, 16252], "editgeomall": [42227, 25223, 24568, 22378, 22551, 24859, 23495, 21909], "bufferall": [0.0, 0.0, 0.0, 0.0, 0.0, 0.0, 0.0, 0.0, 0.0, 0.0], "bufferone": [14692.609387977143, 13772.703879026398, 14618.67614166493, 13624.433724538218, 14407.677918400945, 13788.258175706436, 13960.035924334079, 14510.464651480488, 14355.451834812651, 14607.326117860306]}