{"visualise": [4495, 3489, 3891, 3861, 4465, 3722, 4074, 5710], "editone": [2171, 20175, 1998, 20084, 1744, 1759, 39233, 1780], "editall": [1761, 20110, 1757, 1783, 1792, 1841, 1751, 1790], "queryall": [1701, 1737, 1677, 1672, 1698, 1684, 1729, 1718], "queryone": [2748, 2944, 2695, 2707, 2607, 2641, 2591, 2652], "editgeomone": [2874, 2806, 2845, 2814, 2877, 21192, 3225, 2875], "editgeomall": [4007, 3790, 3628, 3774, 4123, 22056, 3926, 3900], "bufferall": [7888.186208488386, 8081.981588991048, 7667.931320504213, 7955.819339123557, 7519.652920323278, 7592.831775156675, 7296.744388612277, 7718.6063065956805, 7521.302367380279, 7981.889032451123], "bufferone": [3024.849102062072, 2831.4747751366185, 2902.6509372736386, 2883.9309362497575, 3022.4402957661196, 3103.0772829699777, 2969.1909352579382, 2935.324317499034, 3043.5832400540257, 2939.005129067121]}