{"visualise": [5726, 5729, 5752, 6110, 6885, 8594, 8759, 8783], "editone": [2255, 20516, 2413, 2304, 2159, 2075, 2203, 2120], "editall": [3307, 2935, 3401, 3221, 2763, 3196, 3059, 3447], "queryall": [2251, 20049, 20324, 2433, 2077, 2152, 2353, 2112], "queryone": [8955, 8876, 8702, 8572, 9728, 7821, 7236, 7667], "editgeomone": [8055, 25375, 8237, 9445, 25711, 7405, 7458, 7553], "editgeomall": [10750, 12381, 14255, 12539, 12395, 13008, 11984, 11472], "bufferall": [11150.599255753961, 10813.260621364501, 10921.042177402109, 11887.380892828485, 10795.879655360945, 11247.989594095585, 11214.729130177855, 11884.090446435936, 10861.099465432493, 10789.903726051836], "bufferone": [6906.47248027151, 6405.7106292307735, 6913.334630138691, 7620.175895439932, 7419.327971706968, 7640.42382877064, 6738.698209564789, 7532.6112807604395, 6931.105368191252, 7239.372525083415]}