{"visualise": [2655, 2255, 20739, 2341, 2688, 20672, 2414, 20752], "editone": [1606, 1603, 19951, 1636, 1591, 1583, 1627, 1613], "editall": [1603, 1643, 1594, 1609, 1599, 1620, 1666, 19933], "queryall": [19941, 1567, 1565, 1612, 1564, 1599, 1578, 1573], "queryone": [2338, 2291, 2448, 2678, 2317, 2301, 2326, 2334], "editgeomone": [2689, 2572, 2889, 2639, 2674, 20841, 2659, 2493], "editgeomall": [3574, 3159, 3559, 3474, 3351, 3245, 3267, 3170], "bufferall": [4801.013378190768, 4793.4177979921005, 4530.83575529289, 4389.615528087851, 4749.27581879661, 4684.569318205661, 4568.29801000252, 4653.30914935208, 4450.092782106311, 4349.45858118058], "bufferone": [2282.408273890407, 2506.484603058564, 2298.1866480635395, 2358.8804127729513, 2574.4588413121023, 2549.4838309694314, 2491.8558195300957, 2566.4031182249773, 2480.244333633804, 2478.5678289822877]}