{"visualise": [2565, 3023, 2630, 2552, 2573, 2801, 2558, 2591], "editone": [20043, 1684, 1762, 1713, 1697, 1725, 1704, 1693], "editall": [39211, 1722, 1699, 1716, 1754, 1705, 1744, 1721], "queryall": [1650, 1682, 1681, 1653, 1677, 1658, 1704, 1645], "queryone": [20926, 20783, 2778, 20815, 2568, 2521, 2920, 2571], "editgeomone": [2929, 21047, 3118, 21184, 2679, 2801, 2906, 2773], "editgeomall": [3727, 3500, 3853, 3543, 3624, 3475, 3356, 4355], "bufferall": [6271.894586293195, 6251.219512885867, 6423.312462536285, 6595.141046330072, 6444.491296451437, 6409.906429880091, 6054.695666722238, 6164.8363446308485, 6660.428365008854, 6498.3030528986355], "bufferone": [2466.698772029304, 2457.7655850383744, 2586.171070412615, 2468.0488566948557, 2442.710414137788, 2452.779094408894, 2460.3028813031815, 2400.900216821632, 2392.496216099332, 2464.794397023179]}