{"visualise": [26219, 8299, 8425, 8132, 26457, 26499, 8381, 8891], "editone": [2001, 2029, 2115, 2012, 2121, 2020, 1986, 2091], "editall": [2425, 2680, 20740, 2489, 2366, 2389, 2520, 2565], "queryall": [19900, 1913, 20281, 1881, 20241, 1938, 1912, 1883], "queryone": [8367, 25716, 7708, 7838, 7925, 7511, 7750, 7981], "editgeomone": [8505, 8337, 7999, 8300, 8151, 7862, 7821, 7861], "editgeomall": [10822, 11244, 29214, 11253, 10764, 11923, 11424, 11140], "bufferall": [4314.645187188247, 4735.848197422026, 4507.488345999236, 4735.435568815396, 4547.821124404493, 4749.996773828739, 4448.3282286834765, 4498.979272256499, 4566.639899272805, 4556.475241934793], "bufferone": [10136.215462978611, 9769.671583799864, 10387.948500493987, 9800.156053495162, 9924.496342278091, 9729.783777965837, 10030.605125330447, 9958.048450500824, 10146.711438898956, 10645.636953144525]}