{"visualise": [3456, 3122, 3055, 3083, 3585, 3644, 3719, 3381], "editone": [1966, 1796, 1750, 1827, 1830, 1815, 1710, 1811], "editall": [1787, 1854, 1808, 1965, 1841, 1832, 1650, 20143], "queryall": [1783, 19799, 1696, 1700, 1874, 1860, 1744, 1879], "queryone": [21260, 3560, 3128, 3216, 3589, 3305, 3013, 3300], "editgeomone": [3549, 3529, 21793, 3797, 4046, 21369, 3564, 3571], "editgeomall": [4378, 5411, 5891, 7029, 6544, 5308, 5381, 5236], "bufferall": [6253.625663153807, 6124.640587911505, 5987.966502607395, 6186.414673670967, 5889.632087330995, 5615.864249895083, 6275.131097612646, 6287.005618301682, 6266.609991357105, 6213.8499037845695], "bufferone": [2201.4556571571106, 2048.5258338906892, 2073.5615640730516, 2119.602852455105, 2086.0318137562417, 2206.230823603686, 2100.5715877319412, 2181.982709400915, 2247.7822263525104, 2167.790881767213]}