{"visualise": [47448, 29199, 29478, 29576, 28923, 28970, 28948, 28840], "editone": [24223, 43326, 5734, 6100, 5955, 6396, 6417, 5743], "editall": [5183, 42393, 41100, 44297, 42952, 42320, 41378, 42866], "queryall": [5145, 5203, 5320, 5709, 5313, 5155, 5228, 5493], "queryone": [27577, 27653, 27134, 27332, 27068, 27502, 27485, 27397], "editgeomone": [27594, 27778, 27714, 28058, 27568, 27824, 45928, 27520], "editgeomall": [41087, 59732, 41044, 41185, 41481, 41689, 41372, 41029], "bufferall": [34633.210373684575, 35185.38893367261, 35342.56216482759, 31458.166176301027, 33965.33455414114, 32479.575660701394, 34857.35300250406, 35548.2307779236, 33486.64070669869, 33763.54039727767], "bufferone": [31677.60262211244, 33430.28591718414, 31762.576161534093, 33917.76387920757, 33651.227420043884, 33588.730717707, 33393.74546268447, 34642.794175027026, 35618.582005085605, 34444.264987854534]}