{"visualise": [8405, 26151, 8475, 8363, 7757, 8549, 26581, 8594], "editone": [1913, 1840, 1824, 1850, 1845, 1867, 1928, 1875], "editall": [1917, 2019, 1873, 1909, 1934, 1964, 1922, 1938], "queryall": [1782, 1760, 1827, 1776, 20205, 1797, 1790, 1788], "queryone": [7744, 7452, 25622, 7915, 7710, 7620, 7936, 8169], "editgeomone": [8279, 26474, 26133, 26048, 8396, 8295, 8062, 26013], "editgeomall": [11351, 11564, 10873, 10919, 10796, 11143, 10703, 10975], "bufferall": [4433.489039913162, 4511.447792871435, 4363.851986702701, 4454.092965625424, 4453.5092910839885, 4518.282739882431, 4404.853553775283, 4398.901865480349, 4364.34015106498, 4355.393514143143], "bufferone": [10624.775048134534, 10729.930821828368, 10409.35312997994, 9240.201454964968, 10000.327452374742, 10364.122991447883, 10301.233219035263, 10164.190811234497, 10493.923302546644, 10406.432052756893]}