{"visualise": [46366, 28517, 28129, 28267, 28486, 28479, 28224, 28254], "editone": [23331, 5310, 5451, 5561, 5278, 5158, 5430, 5592], "editall": [5726, 5967, 5610, 6102, 5926, 5977, 23987, 5786], "queryall": [5008, 22899, 4503, 4872, 4543, 4832, 4882, 4609], "queryone": [26804, 44844, 26739, 26706, 26955, 26745, 26582, 27124], "editgeomone": [27626, 27376, 27448, 27020, 45639, 27633, 27952, 27167], "editgeomall": [41406, 41124, 41234, 40989, 41451, 58963, 23022, 41421], "bufferall": [16347.492258743987, 14903.407067015896, 14354.31542589651, 14810.756167701144, 14538.091484872057, 14380.985510477838, 14203.8830640149, 15100.252697303631, 14948.732858662155, 14584.891865389043], "bufferone": [35744.58122697468, 34978.311570544254, 32924.86309877553, 33682.325469608004, 34020.66203864885, 33644.19292824768, 35891.72991063292, 34409.67201874868, 33327.57775515812, 36384.993981860214]}