{"visualise": [12418, 11663, 12395, 12774, 12061, 12185, 11906, 11866], "editone": [2168, 2186, 2181, 2227, 2146, 2181, 2156, 2284], "editall": [2396, 20600, 2284, 2278, 2233, 2341, 2284, 2274], "queryall": [2081, 2254, 2173, 2086, 2079, 2186, 2122, 2352], "queryone": [11047, 12323, 11176, 11429, 11355, 11673, 29421, 11644], "editgeomone": [11619, 11410, 12161, 29788, 11759, 11409, 11778, 11727], "editgeomall": [17344, 16950, 17255, 16686, 17009, 17354, 17625, 16851], "bufferall": [1883.8209339755485, 1944.907718657026, 1887.0873354370967, 1874.0592598562196, 2021.3508969428408, 1961.6455508538438, 1914.2757955913034, 2009.0821839964597, 1925.7770771630758, 1825.5726596867498], "bufferone": [13136.318854001216, 13327.457075430539, 12697.371740449476, 13269.96819030288, 13465.497873888036, 13622.654651641542, 13656.923978314384, 12186.387066436018, 13602.982887391378, 12849.652653907697]}