{"visualise": [5699, 5720, 6037, 5970, 6168, 5700, 23632, 5649], "editone": [20110, 1740, 39244, 1773, 1730, 1756, 1771, 1741], "editall": [1776, 20134, 1772, 1772, 1745, 1762, 1826, 1788], "queryall": [1724, 1766, 1707, 1705, 20140, 1693, 1738, 1715], "queryone": [5388, 5785, 5634, 6459, 5644, 5731, 5547, 5456], "editgeomone": [6091, 6049, 5988, 6456, 5850, 5669, 5770, 6564], "editgeomall": [7969, 8051, 7654, 8063, 8524, 8222, 8310, 8033], "bufferall": [4287.617268633796, 4336.852838958863, 4215.193892730891, 4458.423095440079, 4375.73379847305, 4364.99880305216, 4202.0605063509865, 4227.095462641013, 4465.568857899133, 4416.233585261292], "bufferone": [7645.523887712009, 7696.227929534813, 7499.41175588829, 7661.441340121205, 7675.012089464811, 7491.261383177757, 7480.731212062199, 7533.8520229672085, 7376.475514837226, 7388.385140115419]}