{"visualise": [21039, 2918, 2746, 2752, 2669, 20899, 2891, 2695], "editone": [1776, 1775, 1782, 1777, 1797, 1718, 1756, 1726], "editall": [20101, 1747, 1844, 1806, 1783, 1871, 1728, 1729], "queryall": [1731, 1698, 1711, 1823, 1708, 1759, 1803, 1760], "queryone": [2732, 3342, 2598, 20476, 20968, 2761, 2608, 2618], "editgeomone": [2988, 21078, 21117, 2959, 3057, 2946, 21234, 2870], "editgeomall": [3618, 21746, 22037, 3670, 3466, 4903, 3528, 3772], "bufferall": [6689.102457970029, 6206.068004950756, 6320.682952673832, 6643.383578823011, 6545.146209441965, 6427.028939937781, 6593.509765822796, 6786.455931618608, 6221.611493247878, 5726.087983782512], "bufferone": [2427.7056257608033, 2363.1101534229933, 2408.210595671558, 2396.684891456498, 2363.7007348556417, 2174.245308629472, 2254.7737181051693, 2247.666269808917, 2251.1110145789385, 2417.9464540342065]}