{"visualise": [20904, 2531, 2419, 2550, 2424, 2688, 2529, 2596], "editone": [1637, 1628, 39096, 1673, 19953, 1617, 1594, 1646], "editall": [1582, 1641, 19971, 1637, 19959, 1621, 1601, 1673], "queryall": [1610, 1633, 1624, 1574, 1637, 1587, 1591, 1656], "queryone": [2554, 2984, 2362, 2699, 2312, 2638, 2416, 2308], "editgeomone": [20944, 2615, 2650, 2662, 20945, 2661, 2654, 20900], "editgeomall": [3939, 3702, 21682, 4227, 3309, 21854, 3303, 21879], "bufferall": [7421.041292825456, 7796.338291863359, 8331.634757265061, 7912.620025636657, 8011.692666789347, 8060.799617464814, 8031.609682106202, 7935.819954364842, 8388.916558121682, 7588.761262334917], "bufferone": [2518.818471475698, 2591.783659440488, 2552.7682797971133, 2496.8025204500054, 2646.8270413264127, 2426.837664413285, 2465.5549514601244, 2503.7664075146745, 2359.364031808085, 2520.783039394665]}