{"visualise": [2562, 20758, 2337, 20654, 2384, 2523, 2358, 2439], "editone": [1629, 1611, 1588, 1678, 1590, 39096, 1663, 1614], "editall": [1641, 1655, 1664, 1585, 1594, 1645, 1606, 1603], "queryall": [19938, 1679, 1621, 1600, 1595, 1612, 1581, 1638], "queryone": [2346, 20658, 2371, 2313, 2377, 2314, 2284, 2245], "editgeomone": [2615, 2517, 2569, 2486, 2616, 2472, 2718, 20853], "editgeomall": [3345, 3312, 3281, 3211, 3715, 3502, 3457, 3535], "bufferall": [3880.8140998623903, 4007.2668109728406, 3839.271180583138, 3845.7104325094206, 3944.7241239696777, 3838.8948107013557, 3755.920991606197, 3803.250263459532, 3828.6213933934346, 4029.697479710205], "bufferone": [2393.0576322995507, 2410.524259721088, 2446.266137814421, 2381.6659131979354, 2564.220237224217, 2331.177745721804, 2182.062554628763, 2157.559888432551, 2375.7844137498123, 2317.7729703880445]}