{"visualise": [2863, 2767, 2926, 2916, 2631, 3013, 40225, 2783], "editone": [1780, 1762, 1811, 1798, 20096, 1806, 1745, 1746], "editall": [1782, 20153, 1763, 1809, 1769, 1849, 1762, 1722], "queryall": [1722, 1719, 1792, 1720, 1763, 1758, 1740, 1855], "queryone": [2638, 3400, 2862, 2707, 3168, 2841, 2919, 2855], "editgeomone": [2865, 21014, 3157, 3362, 2878, 2983, 2986, 3316], "editgeomall": [4083, 3954, 4749, 3674, 3613, 22285, 3963, 3867], "bufferall": [9450.449527574612, 10186.503989124363, 10276.098525962265, 10193.941218356882, 9526.064334569086, 10013.153599066158, 10144.399361495927, 10120.397370912526, 10007.760759129911, 10433.57937008236], "bufferone": [2646.498693700526, 2733.306227757894, 2700.331356669102, 2633.075884239053, 2823.8934550430877, 2692.483692317831, 2749.184516466609, 2613.633140592172, 2652.9672262728727, 2673.144894567679]}