{"visualise": [17569.700460710505, 18737.88229844743, 18290.012662928162, 18352.721897618183, 18635.49974517706, 17668.635531565298, 18324.52293489852, 17668.595518220074, 18547.410761374806, 18890.37433757009], "editone": [11410.936592199683, 12042.534979715834, 12233.488869524628, 12060.504924091745, 12187.945913756304, 11939.995134278348, 12212.824256400118, 13028.976374183125, 12205.197358613963, 12479.352189160465], "editall": [5245.111472314947, 5056.9184799976265, 4696.016259169985, 5267.035325229815, 4882.884279168317, 5251.278366857242, 5274.884776035207, 5156.307471867729, 4931.886794824883, 5226.874874857289], "queryall": [28152.85276813571, 28860.794874133466, 29676.18815196972, 29727.55049371604, 29320.522036735078, 29294.13875199397, 28390.357521779883, 28886.865002418443, 29724.843729244854, 31045.417835815115], "queryone": [4175.92196131346, 4352.758804355609, 3972.6794053884305, 4323.0554062195315, 4393.672255695977, 4326.3936830699495, 4179.669926169604, 4163.814433536381, 4306.934643092108, 4006.3257736673168], "editgeomone": [12495.19674695363, 12366.254298159965, 12814.781913346294, 12597.820436161726, 12498.975778193193, 11893.962469085869, 12851.726738303636, 12740.174057052014, 13006.295308836437, 12532.965468385797], "bufferone": [1337.7912507386368, 1335.701082848141, 1308.5982572987677, 1369.5701207801214, 1390.7676497970326, 1310.4929132248046, 1281.888661056191, 1276.9683991596944, 1366.6648454387803, 1276.4186756638233], "editgeomall": [12059.697207262587, 13614.539271018028, 12664.251098163533, 12477.776449942454, 12816.88216364377, 12449.566559723606, 12709.814449833146, 12080.151921933964, 11976.290771601207, 13510.391467815982], "bufferall": [27401.02496043524, 31100.994060517343, 29628.77419744201, 28957.240427532884, 29280.596320341196, 31827.91041967371, 28326.41774964064, 28679.39982352958, 30849.82226328709, 28109.85298353612]}