{"visualise": [1368.9639517693734, 1426.0931364979695, 1415.1260042219776, 1501.6985672400276, 1406.33809310371, 1341.8031666939546, 1338.960699766322, 1394.6093795112606, 1571.1989865773485, 1405.770903183858], "editone": [1320.0029018347875, 1266.008243794825, 1356.737414935115, 1370.9388931647743, 1348.959243451994, 1283.5342938668741, 1375.8208563865353, 1282.119149806662, 1319.1693292044076, 1268.5909631748182], "editall": [1202.4224697708023, 1233.8040080061576, 1155.921618991194, 1126.3578834103344, 1210.6096839518052, 1143.8366613215296, 1192.8701787900377, 1137.8111441974145, 1194.363762474674, 1195.2094938903958], "queryall": [1304.812277609502, 1390.0517796703236, 1376.2404729589532, 1399.1969480450243, 1356.150454049077, 1349.7201121928213, 1338.4023085439007, 1344.5146884846415, 1409.2931738539235, 1382.6217884071325], "queryone": [1111.725057832801, 1094.6751348093424, 1140.532579274131, 1121.6055399674203, 1187.556862995046, 1060.9686324257116, 1090.2480530086293, 1159.0296406291632, 1116.7355247984588, 1137.5087970372974], "editgeomone": [1308.5775389310493, 1265.9890159842898, 1263.2686625349627, 1277.0355206205006, 1311.0010248269932, 1266.0846487505173, 1272.018418741318, 1229.7104785147494, 1333.2088029995784, 1346.1574137149291], "editgeomall": [1271.5676741278667, 1353.303697838309, 1262.7619278023508, 1246.5033968076868, 1319.2313057507486, 1286.0780790515491, 1308.035274832373, 1363.102281525101, 1350.4706502919323, 1277.3611946967578], "bufferone": [1104.8550946959617, 965.1088303669151, 1016.6832767308119, 1015.2497101275561, 1049.3206998357816, 993.4582906539736, 1100.1903538789315, 1080.0032761261346, 1086.7144540960967, 1132.2189189396522], "bufferall": [1670.9391645160513, 1762.1875060805914, 1758.831174711039, 1706.2738953117992, 1652.8782751986575, 1681.5274998484847, 1719.4943239028332, 1686.663364898701, 1747.5448791756046, 1628.7071569115178], "decode": [90, 67, 74, 76, 92]}