{"visualise": [1873.0729652993334, 2094.144390021089, 1916.019450842782, 2011.383045311523, 2010.0523383714249, 1983.080821557605, 1983.8033498809118, 1963.416812574445, 1965.6173193241466, 1819.3231658023187], "editone": [1612.6802983275502, 1702.1358088873008, 1587.0303407781385, 1739.8147379063378, 1549.8280589266246, 1673.4719125096867, 1621.6582720562903, 1775.109539145956, 1658.655763740771, 1625.4532942143178], "editall": [1272.8216752547767, 1214.8799409616183, 1200.3473039777439, 1222.369238660015, 1178.4559690867336, 1278.6699674088368, 1243.7027481191813, 1262.6998644210823, 1264.611513603771, 1229.524690474598], "queryall": [1743.6437218689484, 1917.0692845016308, 1831.2182627518648, 1951.7803349958494, 1841.383464957721, 1865.365296826368, 1871.7427270063113, 1838.0955885913058, 1899.7398408814527, 1883.3600664845371], "queryone": [1204.4578077339236, 1171.3817725149045, 1245.396144386509, 1196.2778863221781, 1105.0470500131428, 1200.4650768508204, 1155.3350521789744, 1186.219749751083, 1089.9640813058293, 1167.4307279202592], "editgeomone": [1661.112690263543, 1626.2588300650355, 1596.8053310483383, 1714.9282943715696, 1739.1502882924835, 1608.6744965645282, 1765.2817598439813, 1700.0973984596524, 1654.7339296819016, 1584.8693679775156], "bufferone": [1045.8955175015092, 1117.8102450200909, 1056.9023170133087, 1044.5450990799316, 1075.46901806088, 1049.6942339171114, 1096.9963504960685, 1034.5403748197543, 1114.9659147870457, 1081.623993798602], "editgeomall": [1687.9973324967314, 1710.0719055001116, 1715.1970303925189, 1698.6470526102728, 1701.3897164695636, 1572.3815310604275, 1726.746754899369, 1708.012091167875, 1703.5544675364515, 1605.1774713041682], "bufferall": [2191.860576710165, 2211.4989743592987, 2292.373536522057, 2223.4733085237694, 2184.868482236817, 2429.7900384264167, 2293.0171737179044, 2151.660668318518, 2200.053162978576, 2297.9062655032108]}