{"visualise": [1423.3179138797059, 1348.0256528535194, 1457.3944135011673, 1412.3506905206552, 1415.8788716056406, 1480.2908951903717, 1478.1124010216492, 1449.4102597886451, 1470.5578946825874, 1431.8475108444845], "editone": [1686.579555223137, 1695.1336927167008, 1686.2437776590077, 1510.086208646361, 1640.2169864202185, 1607.0206587409207, 1578.4021964125154, 1655.0741335547682, 1686.1542253358305, 1715.4596211533938], "editall": [1309.1257056615325, 1304.6370312129984, 1225.266928904241, 1347.3175789177274, 1287.2199397315196, 1352.6307925695935, 1334.052998784003, 1338.7786775378038, 1306.0116134141447, 1393.3053595689375], "queryall": [1498.6408495771182, 1468.7092074409697, 1346.4486075420223, 1454.5839026070787, 1494.182544552343, 1414.1833481971557, 1426.686918127027, 1416.288672542044, 1433.0093170781033, 1499.823539268894], "queryone": [1164.3826805023855, 1170.1063896031765, 1133.7706481612784, 1109.03447399048, 1125.362517266256, 1164.676456481028, 1129.5596250011654, 1150.9200582008798, 1086.7895458338355, 1212.9022254760853], "editgeomone": [1676.1392302468757, 1604.2829739542433, 1693.6217839784244, 1672.7162272436326, 1592.6986860572686, 1597.1395491292412, 1635.4402187551743, 1704.5948164878218, 1773.5456813441078, 1688.590055064709], "bufferone": [1213.2692661187698, 1272.6166416323163, 1169.8500173435782, 1162.1664483298077, 1192.9648152577279, 1148.2258259807134, 1183.1930212240093, 1248.343423717163, 1215.7498109132582, 1185.4062397829355], "editgeomall": [1343.3142789236363, 1280.2924815673332, 1342.8459773566874, 1289.3376905657424, 1243.7494277718597, 1259.1415573272077, 1310.3943240272888, 1243.204216856601, 1266.4727201344251, 1322.5771692944827], "bufferall": [1693.165306454088, 1675.817352154893, 1728.5305265609759, 1813.5263680701112, 1736.3262216026703, 1655.5198093108866, 1706.355795344504, 1748.9087885766241, 1780.7500678580184, 1753.9721532390524]}