{"visualise": [27263.55803021058, 25470.59235991126, 27578.639089237546, 26012.507373708202, 28386.536895860118, 28068.631886319024, 26935.04048360253, 26957.89014132566, 27514.263148418333, 26177.3031965631], "editone": [12176.947884955169, 12546.875643947558, 12252.133902137353, 12331.129758661691, 12164.010441749006, 12606.317670140266, 12383.428780772296, 12652.359785900566, 11489.189230200445, 12176.450354799745], "editall": [4600.895069963598, 4432.920359047738, 4652.789225514276, 4797.560556387906, 4877.673259687487, 4574.505032226688, 4858.992463829295, 4941.64648353864, 4731.112791006715, 4693.765445474073], "queryall": [9046.427106486963, 9065.706509372687, 9493.011450107288, 9738.790211209734, 9533.277110367253, 9738.93036701644, 9390.682621124946, 9698.073853845002, 9848.275027830152, 9310.762885338141], "queryone": [4341.9041557553155, 4155.203926727426, 3996.7908681434483, 4132.578839251995, 3998.6332491076932, 4021.580715716045, 4286.727398875279, 4270.473230390181, 4284.082002264652, 4255.781417928197], "editgeomone": [11296.55902188008, 11826.658546140992, 11947.510243618342, 12277.857873715142, 12517.744937826908, 11694.694617628737, 12318.535626773299, 12650.564840611487, 11775.794891058855, 12911.717576429182], "bufferone": [1329.7622621719909, 1278.538823987199, 1363.4356103404668, 1290.8634599638465, 1217.6793189655668, 1322.477034000471, 1297.925599537197, 1175.4094617109179, 1331.4664868125342, 1229.7616422357496], "editgeomall": [12111.24699394567, 11783.796590852726, 11103.172750944635, 12016.901580652935, 12772.876417623726, 11738.952185169572, 11579.81669741695, 11670.824626294563, 11861.79050548549, 11433.238609580421], "bufferall": [24543.843268103286, 23351.007048799678, 23634.069714770743, 24444.328387275582, 24298.46285875422, 23084.643023279445, 24430.890305754594, 23473.626679227313, 24370.30244534646, 24640.789842038714]}