{"visualise": [2005.3083324528113, 1905.0221047989883, 1938.649697321111, 1826.8783408273864, 1858.5766921075256, 1929.8134837570751, 1872.7708197991399, 1804.9744947888553, 2008.1532335399343, 1867.750980789526], "editone": [1635.8311390279628, 1741.0783293393674, 1600.8380717812468, 1568.2620130234693, 1670.4893280292868, 1668.862562646537, 1590.177325052161, 1694.452372297219, 1689.8724050008846, 1598.1679484856054], "editall": [1184.1243991939832, 1261.505047808747, 1205.3750886827897, 1363.831150125097, 1246.2414921115835, 1179.6098151654664, 1224.3033046889968, 1213.1840230319438, 1192.657027585105, 1143.4207180437843], "queryall": [1884.6836555509385, 1967.756546542189, 1832.998389119992, 1922.8447952824915, 1772.539600104245, 1825.1740642457105, 1787.8876552553545, 1869.3380806269815, 1925.9578135121003, 1949.423272602925], "queryone": [1187.221682229101, 1165.3156859046385, 1153.4397699377027, 1212.899089372852, 1165.5189594592093, 1190.8924941540201, 1214.1683361328985, 1210.2951520006845, 1218.980520776524, 1266.4615793901748], "editgeomone": [1622.51323091776, 1660.4362137735818, 1666.2884590792526, 1656.9545112157805, 1666.086401947018, 1722.8490217725912, 1673.5291358369057, 1564.2024640374257, 1605.434158189492, 1682.5067934305177], "editgeomall": [1738.1885817917664, 1750.195209306468, 1672.524827536163, 1682.2875632878815, 1791.3734721176734, 1751.509603236144, 1659.1839128969812, 1561.171092492212, 1692.5952492929478, 1728.1500494513], "bufferone": [1057.983232132198, 1074.3007734421005, 1138.3896819521683, 1138.9721811123595, 1048.361679504816, 1111.0419003897568, 1053.8179578942675, 1123.252900532439, 1051.0006287265962, 1097.38715091562], "bufferall": [2248.22999778123, 2407.577195585822, 2181.367147554209, 2249.7133068945036, 2382.785499875339, 2380.818152890737, 2375.1800540626036, 2387.2489231537347, 2211.876687141082, 2401.489326977953], "decode": [363, 195, 183, 159, 305]}