{"visualise": [26272.125357983026, 26948.18520851784, 26790.20461601676, 25902.216595685713, 26382.31203199255, 28316.179027321676, 26042.39381972503, 25953.791215349385, 26703.85207383286, 25514.101229177933], "editone": [11692.494694691568, 11756.224157443456, 11316.574946607156, 11557.196032058358, 11913.875240266114, 11451.987292871387, 11622.971195612168, 11720.10336186389, 11983.093222652904, 11004.813502822177], "editall": [4573.4358564862305, 4786.249233212928, 4782.323776395666, 4609.685818393164, 4538.985545478907, 4781.270932559305, 4663.7247149550085, 4781.622096762163, 4728.265290891907, 4646.591912982675], "queryall": [23338.247765302305, 22607.01411804939, 22838.067964151483, 24838.575190979594, 22467.629568928758, 23184.760561408493, 23592.703856025255, 24138.179704463004, 23252.66067976357, 23392.118473213795], "queryone": [4168.764648451114, 3964.9480851979984, 4058.7769691100443, 3969.6558982370843, 4243.28322292627, 4122.638828931105, 4036.481730255584, 4194.111807840923, 3888.307918189946, 4191.730802652887], "editgeomone": [11687.261339705075, 11755.801159552559, 12034.43664322834, 11688.86238992388, 11107.844481593243, 12187.50614326923, 12065.765407153986, 11774.661965497557, 11380.163012177502, 11255.426164452942], "editgeomall": [11543.941750263752, 11851.290792964059, 11619.059754949656, 11490.467479344732, 11797.253097609568, 12113.62309516866, 11757.689588877678, 11902.038341645552, 11644.248802185917, 12070.73271544181], "bufferone": [1280.5590769797004, 1271.2583231869598, 1298.3227982700992, 1297.00585338716, 1250.4990278486662, 1285.4017037379258, 1243.7576541371707, 1219.123807638191, 1297.8266752607026, 1270.8250398131297], "bufferall": [22954.529044028986, 24180.7300993907, 23060.36134425948, 24728.141775467167, 21619.660074127012, 22264.40836361484, 24728.107548587304, 23255.837297667076, 23590.712747129335, 23053.875935245196], "decode": [3281, 2574, 2734, 2401, 2050]}