{"visualise": [6612.640731888276, 6219.70595695506, 6451.571292171802, 6619.969842435274, 6390.525193167863, 6593.788033362497, 6467.326258319324, 6627.096914116026, 6115.9390029227225, 6665.996355473369], "editone": [4555.377843957911, 4943.734244984199, 4421.698339947176, 4795.807687299094, 5008.89368316111, 4794.752276619867, 4929.15591474943, 4871.4896879934995, 4800.492627738409, 4642.395468180023], "editall": [3092.574812098412, 3062.756441242869, 2914.4624150139184, 3094.8783142265515, 3221.8380792795147, 3252.2438304878015, 2888.109681867244, 3122.5484636561255, 3096.1009212486183, 3046.4468203695214], "queryall": [9949.656551881926, 9570.292247233385, 9523.075659136837, 9515.194642777235, 9849.935810669309, 10114.581381373515, 10050.149894955206, 9865.385124860722, 9965.4636617829, 10275.342072480029], "queryone": [1870.577371212255, 1934.541214658033, 1887.12974994892, 1932.3683650071753, 1993.8914948050597, 1968.5862210824832, 1879.3572796817966, 2058.6439637349627, 1969.3201411231153, 1857.9071309371589], "editgeomone": [4735.297575430524, 4862.98988477466, 4640.400939763679, 4654.347138464063, 4649.63829180617, 4879.35792778934, 4786.159304554435, 4713.279237952627, 4788.140482591648, 4693.334263565048], "editgeomall": [4699.560439727048, 4912.550372503736, 4886.780582308562, 4694.516899030568, 4758.189526822495, 5079.010121104151, 4709.116270179062, 4796.254706300097, 4559.442146671821, 4736.595222908061], "bufferone": [1159.400130506754, 1159.1225778113082, 1123.5098210775786, 1103.1505070272033, 1110.2575256521518, 1196.5324158358774, 1184.6056412010166, 1116.8373162490668, 1102.8258970209165, 1168.0162913872384], "bufferall": [13129.556062520847, 12508.848096324185, 13889.384713160443, 13385.33538100847, 12695.569528204907, 12625.156177279661, 13448.116161158632, 13425.8638538506, 13072.868045471052, 13376.476879620925], "decode": [792, 765, 769, 801, 811]}