{"visualise": [1993.7641029675906, 1858.4472832975077, 1774.8639692545883, 1908.7670891788077, 1884.1465504603666, 1824.078706688897, 1913.4276173389876, 1889.8369917697478, 1817.7226591717358, 1817.5165453833956], "editone": [1500.119064806046, 1482.0283768977772, 1469.9409216792128, 1455.8041777244614, 1619.8518399334273, 1622.5205731949827, 1584.7858941940465, 1549.2535419942446, 1451.173690319245, 1523.0408753352804], "editall": [1237.9823576929223, 1233.5859886097878, 1231.3128520516514, 1308.6731830004358, 1260.65469937572, 1257.7074589402685, 1238.1608911948754, 1285.9013855904152, 1170.5102304878908, 1297.048099394891], "queryall": [1778.1507655902276, 1734.87561878693, 1799.8487612871722, 1732.89510596903, 1762.335678595751, 1890.7467594232755, 1763.7483517910887, 1659.6935478804128, 1741.856921806044, 1679.8292975562802], "queryone": [1191.751674207088, 1155.0184689469982, 1188.2766519119132, 1201.5490472318206, 1127.9176361244693, 1180.9193690542095, 1174.7686954065452, 1173.2927806892171, 1215.0410320347312, 1143.749182936501], "editgeomone": [1512.255301751763, 1621.226834715166, 1482.2169542125155, 1448.4904149829495, 1591.5711545897861, 1624.595503109206, 1479.6400308203715, 1575.4040765953405, 1469.2281546135325, 1591.8126168596955], "editgeomall": [1545.918264786435, 1564.1517215143826, 1507.2863663290357, 1590.1472026072518, 1612.1337635707307, 1592.9244539887586, 1535.0384832204331, 1575.3480896153867, 1489.132157660422, 1653.3484859439625], "bufferone": [1068.866087675344, 1118.6214393441342, 1078.5921789791848, 1133.0822729384383, 1082.6707444917884, 1134.8337050664368, 1088.837301462866, 1167.1736660906492, 1058.2326125954135, 1145.1727346513183], "bufferall": [3138.1136637674263, 3260.9682730885665, 3286.3117238383225, 3065.8061222072856, 3089.3106219595074, 3055.750981877721, 3070.298541026783, 3143.8448224185427, 3288.368482598739, 3026.705647862902], "decode": [160, 156, 161, 159, 153]}