{"visualise": [52514.16094939618, 49625.46572623701, 51370.78625806677, 52688.75831061188, 48248.177885274636, 52257.15596420509, 50676.05538236899, 52605.7802601384, 50100.96365144192, 48967.65577292884], "editone": [-1], "editall": [25073.42906307075, 25490.864587118176, 24780.153673632056, 25739.39645100834, 25943.551308802336, 25151.364655110145, 24579.19828069738, 25027.067811183995, 25489.186016911277, 27510.74649592173], "queryall": [24375.702671382925, 24337.83365197838, 24750.23845031878, 23186.35734385463, 25896.5038722066, 23181.391278291678, 23948.204614963855, 24289.398211202122, 25451.5794406193, 23609.84317378864], "queryone": [23522.269172140448, 23505.582443911575, 25208.682795730718, 24756.47821647498, 24870.689016442942, 22702.065849614166, 24094.091477607704, 23540.176367609747, 23756.416123292758, 25539.08962893853], "editgeomone": [51211.36644529025, 51071.57244666497, 59112.63049559708, 54864.878573918846, 53638.77427496136, 51158.00259121835, 58271.23214015318, 53257.939925469946, 53948.3544623667, 56173.531014967004], "bufferone": [29104.874088094253, 28648.126404993054, 29545.602885681616, 27470.46870318047, 29589.107318290862, 29557.81532337482, 27645.292669846942, 29751.383790807984, 29621.23861697609, 29503.96959063838], "editgeomall": [56090.34323214479, 57538.90976683608, 55064.86275036024, 57408.71581219664, 55708.57907594666, 54600.25736309531, 56773.71111333706, 53610.1429224643, 59273.6095153353, 52366.13087120117], "bufferall": [-1]}