{"visualise": [2717.9614070974385, 2760.8597263938395, 2678.879133228036, 2592.7013199296644, 2642.801109414962, 2711.256225478071, 2644.555894190167, 2657.49314673031, 2698.961447054668, 2808.4326736132844], "editone": [2137.4818942926668, 2070.8381612025014, 2307.3604806890658, 2158.6573223762066, 2181.9261220382587, 1986.2940179028658, 2211.1350412082243, 2110.6923617851044, 2171.0092755926157, 2181.778323596899], "editall": [1689.7967424482758, 1579.9914883918937, 1678.4923045194134, 1693.349317312561, 1550.737476934358, 1628.577093995732, 1673.0889074361419, 1720.0406581558632, 1624.8103141151978, 1645.3913973517758], "queryall": [2783.445738851899, 2765.441665330043, 2769.061918952442, 2964.6325672831417, 2797.030092290659, 2783.0719104526165, 2783.7981674863076, 2717.4476344833624, 2680.934159733054, 2754.299196583418], "queryone": [1329.3284961645245, 1383.7066005156325, 1340.7029045807737, 1351.8528589805671, 1392.016082275355, 1392.080866822593, 1450.5753422511325, 1332.1464355894957, 1393.5696047334259, 1403.1132429937904], "editgeomone": [2185.012910939345, 2169.6387586472188, 2174.560183871955, 2405.040997132843, 2209.450124366342, 2229.85370533189, 2146.817749240138, 2187.4693474908872, 2115.1766175054763, 2102.536973402595], "editgeomall": [2130.3897942433096, 2196.14866205078, 2187.1708270679733, 2349.918131403385, 2064.099970338671, 2172.7342942155137, 2162.219936639056, 2243.098813269348, 2119.3441729394353, 2199.171166784341], "bufferone": [1059.3010914930735, 1060.0954683094112, 1103.5558668338922, 1045.2892589929888, 1074.9675531565315, 1059.3822373353564, 1038.2385570182298, 1080.853126033428, 1074.3518949634495, 1119.2472005521693], "bufferall": [2279.5322516338574, 2186.569426900835, 2199.56475968381, 2177.507039146777, 2200.369937891826, 2250.4241053166015, 2223.0930157296516, 2218.4008371196555, 2214.821261491892, 2216.4627777781016], "decode": [274, 265, 276, 277, 295]}