{"visualise": [8532.107088352042, 8445.672679670266, 8232.282750204671, 8554.477398286248, 8119.258705808573, 8014.906896167613, 8592.454300115676, 7887.206924637919, 8223.40679839192, 8037.468393441909], "editone": [7105.53369950145, 7088.5714124245105, 6866.1446488106485, 6486.7511701529465, 6455.320820968641, 7120.5313982278585, 6813.062319404248, 7014.973924068368, 6795.485035818494, 6867.69258803812], "editall": [3395.0747946799383, 3525.6807041600864, 3287.5211263225847, 3206.8626644187334, 3501.326897609004, 3433.891312215266, 3256.2081022330017, 3579.164379131591, 3329.752805488995, 3400.985403607924], "queryall": [12938.092683426235, 11970.388268352877, 13559.845704300167, 12973.454420261412, 13013.068673714859, 12796.214064255237, 12058.364296795997, 12627.761633493572, 12495.925933663091, 12434.673990729494], "queryone": [2227.1837485664237, 2300.1505036443905, 2355.30435292139, 2282.934739677751, 2124.655607324403, 2274.1001846972645, 2156.6447010524785, 2301.5311473354705, 2294.640188827509, 2335.2759649767195], "editgeomone": [7265.814854073727, 7158.342233227918, 7213.151377941127, 6747.078089755669, 6524.030886228278, 6946.80795442123, 7173.994695589895, 7090.676392116041, 6832.605067719214, 7179.465725030506], "bufferone": [1186.9343347944955, 1066.4297300650724, 1118.8116122077786, 1066.8876421255618, 1193.8164456501177, 1183.2629223654142, 1151.6794471174885, 1108.7460114583812, 1125.6265059261086, 1166.5765918787856], "editgeomall": [6410.269702542651, 5778.362084527719, 6112.253484054954, 5721.3957506270535, 6063.284849781844, 5785.384146186771, 6071.228077443231, 5933.022058070826, 6005.981818345159, 5796.46283277315], "bufferall": [13651.052950445428, 14648.794640510729, 13315.864867665388, 14047.642846782728, 13150.38855951428, 13331.757921093256, 13971.868849434422, 13896.796837262234, 14199.320176523936, 13882.404336817364]}