{"visualise": [2466.553497435256, 2597.9917776182824, 2623.993800358475, 2707.378712511961, 2598.7979202258084, 2664.4798025344194, 2798.794812333939, 2695.8705447922866, 2680.3113233540917, 2632.270576109236], "editone": [2105.7785869609324, 2185.8485640377976, 2079.7891621751332, 2061.5150015230415, 2301.665259213328, 2330.486747489249, 2182.284388041942, 2197.5114826191875, 2144.458684216649, 2257.358329943635], "editall": [1579.3763520302728, 1562.809416254832, 1736.28501876075, 1668.2736679948714, 1616.1362187557188, 1581.22742800809, 1518.6695675935778, 1574.2926948617835, 1669.082901879086, 1523.4303082943334], "queryall": [2837.4127102933166, 2701.091358988357, 2886.316888188901, 2732.0966011744213, 2805.428624772417, 2839.396220380002, 2742.611044777078, 3000.6209983903627, 2811.227227739177, 2657.9052326186793], "queryone": [1325.0935066755815, 1441.440929031202, 1313.9589028056535, 1364.1915317714283, 1341.0401499762936, 1299.8698225466753, 1365.8520227735748, 1372.3524353784555, 1361.7371399701713, 1387.3535688567824], "editgeomone": [2276.809319858665, 2238.974424716159, 2064.1612010450335, 2269.15581736478, 2146.810065117021, 2131.9186851139525, 2054.6897667880435, 2017.9930617790196, 2170.7707182750614, 2077.8472867333503], "bufferone": [1030.5474196140376, 1098.8490657093798, 1037.9936336309909, 1144.8944668404959, 1132.12392091404, 1085.9835415604882, 1081.7856069365532, 1145.3337895866734, 1124.371061750669, 1057.39876553935], "editgeomall": [2267.5962468097755, 2199.43011452065, 2188.2011151551965, 2275.608783039306, 2102.540723553726, 1996.3847390427966, 2224.6208356262446, 2104.513788778171, 2131.5147878911566, 2220.616533018469], "bufferall": [2236.639092148148, 2192.6286206197956, 2235.5189451720817, 2047.7658425479272, 2371.0532585949927, 2240.784531353915, 2226.6130727732498, 2249.0104086501738, 2167.5909714017, 2131.055249064779]}