{"visualise": [1904.0866264567437, 1957.32466290127, 1966.836233719283, 1898.3217557186977, 1987.8996793837714, 1910.0321148883747, 1977.2290261030346, 2012.7347472102322, 1936.545790158834, 1880.065103976182], "editone": [1552.2624922795883, 1445.6497500086984, 1576.259854146481, 1554.5731512709071, 1460.9952761498462, 1498.499062715385, 1493.0273328163332, 1535.1490375214437, 1507.7750548426254, 1504.740611623509], "editall": [1296.5291639345503, 1322.1997304574777, 1318.2430609852656, 1369.3803030422569, 1268.2896846216631, 1260.974400916724, 1251.302440699614, 1260.4367715317853, 1320.0424988651337, 1266.6043042160172], "queryall": [1865.5844380015726, 1998.9391582368357, 1916.6335219074863, 1822.342522569856, 1887.9061435669619, 1951.232694983662, 1955.7338225953508, 1887.564575451524, 1999.0032808700848, 1838.278958182929], "queryone": [1193.907927289342, 1160.085253600286, 1235.1117801096009, 1197.8698384086397, 1172.5837979894548, 1232.518730110106, 1186.204555571556, 1257.0301337541025, 1172.4879676042679, 1256.808545674163], "editgeomone": [1475.5156070222372, 1464.4596879782646, 1468.2057973842007, 1536.3800742757578, 1496.247251304553, 1569.931478194547, 1645.694017283379, 1591.8006815348406, 1458.5198256178526, 1595.1355709880554], "bufferone": [1093.7987387219148, 1168.8281937145389, 1108.7286949310908, 1089.0922295275886, 1081.154464646892, 1015.9897929884762, 1093.1958440005985, 1120.1100151340652, 1005.8375585059621, 1053.2031189728614], "editgeomall": [1543.698582901829, 1614.305015488949, 1567.0495972308413, 1552.313903010602, 1486.7075659561604, 1490.8752893751418, 1442.4442700598852, 1527.780281317241, 1416.977669688529, 1445.8678716264747], "bufferall": [3316.834201688308, 3213.5679629935485, 3185.1949663651117, 3294.5718544305723, 3040.0162017545176, 3200.5330223439023, 2876.80350417696, 3182.3235734011637, 3238.569098745473, 3109.491340724187]}