{"visualise": [16976.60670707436, 17700.157244324782, 17132.42617827103, 18852.19470597405, 18344.034356740347, 18145.78935737038, 17234.991709124977, 17871.99837909563, 17855.086086928284, 18526.27883183225], "editone": [12069.065886608114, 12697.172336281597, 12665.505189719575, 12362.957749528565, 12374.83751259328, 12572.466606383701, 12224.912965589345, 12819.540149319124, 13351.721621094079, 11846.706892031389], "editall": [4626.493509119159, 5241.374308084051, 5019.945559976338, 5180.655005805851, 4998.460823261537, 5187.019724028854, 5074.34733254564, 4945.767001257897, 5210.585510594902, 5249.655338447174], "queryall": [28803.73740610897, 27846.158486578584, 27573.114221679934, 27795.521458478408, 27106.762294912103, 29880.978631420563, 28604.68806936702, 30163.332559443177, 28670.648808015863, 28215.34939976245], "queryone": [4231.35819949577, 4214.422229735277, 4191.4074269711655, 3930.770888604648, 4086.0381532189026, 3962.6767435216566, 4180.106803321851, 4310.350121236297, 4237.68485369965, 4125.547184500172], "editgeomone": [12070.00099213158, 13055.077688848283, 12419.964877796816, 12759.97933315119, 12851.206345706947, 12191.259574711125, 13265.545874801359, 12819.740575193677, 12691.360026440565, 12761.958259577865], "editgeomall": [13379.537800739783, 12749.675029456068, 12236.432583048694, 12831.329674373103, 12738.344083310016, 12878.064027854496, 12863.228259945341, 12726.009199913902, 12604.181361534982, 12420.670435556622], "bufferone": [1269.9219328886868, 1311.1428653702146, 1366.3452816743254, 1270.6029344369367, 1302.3381997698448, 1352.353915324074, 1385.688962151223, 1362.263923770633, 1410.7809954363154, 1367.964693771197], "bufferall": [29635.775845502405, 31256.840162904613, 30077.79247178782, 30838.535470576062, 30183.53691897939, 29662.84803272557, 31307.72330768403, 28390.35209991842, 28182.58489175847, 30164.269673324037], "decode": [2884, 2801, 2784, 2817, 3403]}