{"visualise": [34422.78469618641, 34682.55137381148, 35512.44527168217, 36179.480077412045, 36789.84448398756, 37875.013597313584, 36655.20575560746, 37860.82345642559, 37756.34181392662, 37973.418624316306], "editone": [50372.726082585315, 48534.78593645017, 51434.90514410717, 48611.78686052432, 51265.05619121575, 53400.55791400246, 47086.45097703361, 51066.772750270284, 49248.27595631693, 50793.85884531048], "editall": [34554.78931564031, 36573.651208404146, 34330.9677532552, 34567.67836892525, 36180.04032394491, 36814.33156215208, 34653.549270014155, 34853.72562707069, 35865.29308128617, 35819.36690292322], "queryall": [29068.57998931099, 29781.186456679094, 29413.935218130635, 29207.366496151266, 26780.745917841065, 28366.299277968203, 28325.886195498824, 29467.651734861844, 31540.723770584267, 29201.377374607], "queryone": [28457.218322011337, 29014.57162050459, 29487.6696323589, 31335.086321922456, 29341.364633613564, 30966.838319880968, 30240.572220929116, 29269.981558629457, 29751.533851812692, 30230.303003581354], "editgeomone": [72637.8261507714, 74138.0599795019, 70753.07126855472, 76185.64051983992, 71118.06870674134, 72571.321854564, 74682.22149797465, 75322.73704471579, 78878.44959772051, 70656.56655931518], "editgeomall": [56855.81756437815, 54253.95943950855, 55702.02854046071, 54918.19218193778, 54346.50501904906, 59152.64429250643, 57982.5089141869, 56490.982743975605, 57398.91229082988, 58933.23053602823], "decode": [9222, 8191, 7879, 8018, 9300]}