{"visualise": [1554.4771690761502, 1615.0755007024227, 1566.3943763009884, 1695.8082141839682, 1630.309576709949, 1710.5981534643045, 1577.9800476343717, 1622.7107057485148, 1652.4748534294235, 1573.0483401998424], "editone": [1523.7610546094484, 1495.8413579530254, 1434.8237590304334, 1457.6977147191603, 1443.4709802995346, 1537.2134906472534, 1474.1618603831948, 1541.463780052598, 1513.045871899637, 1501.810572716123], "editall": [1225.7809491707656, 1219.3104610911946, 1292.1098190307537, 1259.2518876890533, 1259.9577089521295, 1280.6977203382055, 1291.2034094195596, 1246.497751383589, 1227.3020860180065, 1333.1426820979843], "queryall": [1621.358749618958, 1540.2393757698376, 1506.0455157714623, 1525.575112660874, 1691.1758300339104, 1649.7488583459078, 1602.8946491446509, 1601.1070058587118, 1569.9507136653267, 1544.956883523837], "queryone": [1087.1518663582724, 1070.1774678930383, 1136.6702646714846, 1111.0506383491704, 1156.4522788622703, 1043.3592032693498, 1125.748076225248, 1125.8755125952198, 1092.5961694533507, 1084.7435543821791], "editgeomone": [1506.7175864334906, 1572.5341126720964, 1373.4700773911802, 1560.9932958869765, 1492.3250837843696, 1498.5747881364705, 1571.2601596518873, 1538.2180411675436, 1522.2392006453288, 1393.8113677357023], "bufferone": [1031.7003613714285, 1127.1708387802978, 1101.4364866428816, 1061.873647739439, 1069.7711354497387, 1129.4273117391087, 1093.9212830554607, 1091.3344071855465, 1047.0773961489144, 1103.6640386487438], "editgeomall": [1473.704025620821, 1538.8533807155836, 1499.265520281145, 1503.8538427692026, 1546.0738523442687, 1507.1757877713285, 1549.8413262483548, 1487.003359063977, 1539.484292984732, 1470.1051221765147], "bufferall": [2375.3323167713143, 2348.8271599732375, 2225.9889435120263, 2312.9856130044905, 2244.396606643488, 2249.8072927524395, 2276.40796902424, 2377.0704313587808, 2315.6885632257504, 2249.8263037626407], "decode": [42, 44, 51, 44, 41]}