{"visualise": [1651.1175428672086, 1623.3562143256834, 1642.528804323981, 1712.8969819717404, 1606.9669983620306, 1633.6476227635796, 1642.7528876754777, 1596.7644979374522, 1594.1017475447334, 1630.6996862684985], "editone": [1505.5788787761282, 1419.462378695901, 1471.1090267685206, 1530.2289340234188, 1538.747965408288, 1451.5151120504286, 1527.7279330616936, 1507.5179653640164, 1458.5155660349922, 1545.7449818231994], "editall": [1286.9156263447526, 1213.329424908826, 1219.807292935623, 1236.294388925805, 1220.3745394811062, 1227.1315677191149, 1266.717903823146, 1261.8661194976112, 1326.2026245457475, 1245.9480376221554], "queryall": [1654.034722790332, 1652.3989031224003, 1708.1316978297657, 1638.184280451864, 1680.9344581485316, 1570.2396846969468, 1654.504281959162, 1629.4756442371142, 1650.8847716830167, 1717.6302948134746], "queryone": [1033.3489923851896, 1066.5667934725802, 1091.9705783545949, 1081.6703396546202, 1087.7423140708017, 1120.076578025874, 1087.1499166255367, 1089.595959394447, 1081.8869174579, 1116.5360288206275], "editgeomone": [1473.4283008952107, 1566.1129482487909, 1591.7318695414592, 1509.0356914890579, 1648.1022732242109, 1553.0811103515894, 1508.8816681914523, 1568.040157522298, 1511.8771684499525, 1479.4548977468762], "bufferone": [1011.9240001441203, 1036.0394073199159, 1061.8858023776445, 1056.377172070667, 1068.8075997545404, 1033.3695215494395, 1096.853157872641, 1024.960073310434, 1107.744310946264, 1022.8933574056898], "editgeomall": [1606.4652694305028, 1492.8067602249523, 1528.5693685448798, 1504.9289199859486, 1429.4003879145914, 1475.5911892981776, 1545.3243171293398, 1478.8127460913365, 1600.6092372235546, 1536.0493828678473], "bufferall": [2369.6173044070556, 2231.075829501014, 2434.021794179972, 2287.301909686567, 2193.7604223732083, 2317.6164737123067, 2436.12209719043, 2245.982458880942, 2314.9498796627763, 2420.5551781054883]}