{"visualise": [2249, 1946, 1641, 1509, 1483], "editone": [20032, 20121, 1890, 1920, 1978], "editall": [1608, 20071, 1837, 1777, 1785], "queryall": [1785, 1980, 19968, 1494, 19709], "queryone": [1380, 1405, 1374, 1371, 1377], "editgeomone": [20132, 20470, 2159, 20515, 2017], "editgeomall": [1591714154945, 1591714349579, 2317, 2721, 2424, 2214, 2705], "bufferall": [3866.711103609424, 3470.2980791685677, 3514.336266349868, 3485.776828350859, 3666.6131191867908, 3611.306704942968, 3543.6812719015434, 3539.260291632553, 3760.5915735006806, 3694.767672564123], "bufferone": [1149.997742434332, 1091.7765309261779, 1124.5966558709506, 1061.0123684310736, 1135.1428042158527, 1183.8217874132126, 1111.894451490052, 1112.0793717348063, 1121.7438130732014, 1110.915355190294]}