{"visualise": [36907, 37216, 36563, 37331, 37038], "editone": [51971, 51335, 48972, 49887, 50156], "editall": [23281, 22623, 23511, 22631, 22809], "queryall": [22579, 59755, 22117, 22116, 22298], "queryone": [40863, 22317, 22390, 22466, 22876], "editgeomone": [50099, 49192, 49067, 49483, 48992], "editgeomall": [49917, 49642, 49115, 49752, 48981], "bufferall": [1510154993546.8572, 1432784221195.1309, 1467429587892.5378, 1578125880328.4497, 1482935799784.1067, 1474019748503.0852, 1500644419525.7144, 1518393519414.3735, 1507644756218.4924, 1425757750205.2405], "bufferone": [23278.536753291704, 23320.880483267112, 23464.35710239455, 21897.991494325815, 23882.905276651618, 22023.398772659242, 23159.66671927952, 23293.171532280117, 24089.740176191353, 23740.081892679453]}