{"visualise": [23760, 22999, 22907, 23683, 22737], "editone": [17564, 35188, 17987, 17450, 19013], "editall": [7038, 7019, 25223, 6906, 6852], "queryall": [7143, 7461, 7046, 7054, 6954], "queryone": [6792, 7135, 7054, 6894, 6787], "editgeomone": [17098, 17129, 17560, 17435, 17886], "editgeomall": [16845, 17023, 17108, 16992, 17063], "bufferall": [1528024998451.9392, 1489027115465.692, 1459411678258.805, 1541871430329.4597, 1547931407707.1704, 1513533980272.9512, 1493670562928.6406, 1494614127054.9395, 1504739142897.0325, 1532874380822.2148], "bufferone": [7505.559860154077, 7257.860165861006, 7249.985514754545, 7513.533731921761, 7726.314595369143, 7296.002655739206, 6857.1863984713455, 7762.741811992526, 7080.392481637517, 7123.047876862859]}