{"visualise": [2334, 2383], "editone": [2828, 21120, 2742, 21192, 2748], "editall": [2076, 2114, 1932, 1935, 2099], "queryall": [1947, 1945, 2038, 2007, 1934], "queryone": [20365, 1937, 1957, 2032, 2112], "editgeomone": [2913, 21065, 2795, 2895, 21020], "editgeomall": [2804, 2829, 2967, 3092, 2808], "bufferall": [5516.037037880208, 5343.826567197691, 5329.994440569992, 5348.65290354563, 5290.697623671975, 5304.313714279815, 5290.968984458495, 5288.0544286870545, 5061.310400900355, 5229.356890158246], "bufferone": [1980.6950584351073, 1885.740871111761, 2020.4007933153896, 2045.7564225641067, 2016.5497949072553, 2003.1006223615914, 2092.541246237271, 1893.6186451423778, 1989.541483624671, 1807.3600724892272]}