{"visualise": [2712, 2126, 2279, 2116, 2142], "editone": [2231, 2529, 2527, 2497, 2550], "editall": [1973, 1973, 2115, 1879, 1982], "queryall": [1674, 1587, 1799, 1616, 1537], "queryone": [1541, 1616, 1662, 1628, 1620], "editgeomone": [2606, 3135, 2634, 2783, 2764], "editgeomall": [2613, 2939, 2732, 2255, 2317], "bufferall": [4026.884659984314, 4001.1610799961077, 3882.101531116109, 4130.547337578497, 4021.077608845263, 3816.9922678413736, 3980.562669080829, 4079.386880221046, 3954.1505795481344, 4165.972753988171], "bufferone": [1252.1019384579724, 1354.0372113899907, 1289.0558570573119, 1408.3600257628655, 1299.2935931654872, 1367.7544152287712, 1270.8365761402115, 1312.5484769637974, 1268.3138859021635, 1276.7186753045792]}