{"visualise": [12491, 12183, 11966, 11806, 11599], "editone": [16237, 16344, 16206, 16225, 16611], "editall": [7610, 7897, 7506, 25690, 8344], "queryall": [7594, 25711, 25690, 7649, 1591716736063], "queryone": [7647, 25706, 7891, 25656, 7758], "editgeomone": [16154, 33682, 16142, 15442, 16230], "editgeomall": [15935, 33806, 16435, 15487, 16589], "bufferall": [1294136245965.6333, 1345606854169.272, 1338672009944.2952, 1435904758749.7285, 1361125171846.8008, 1336664209849.2244, 1223159591314.3645, 1372798175952.9087, 1316598140951.0864, 1232722504950.2324], "bufferone": [7000.256726880458, 6813.554857372386, 7080.589348339767, 6960.9451338742965, 6984.994665370087, 7082.407335792773, 6960.897195232333, 7153.035147611021, 7421.175001654763, 6948.6416412326325]}