{"visualise": [5689, 5878, 5911, 5731, 5814], "editone": [8167, 5616, 6379, 6465, 5992], "editall": [3401, 40786, 3481, 21575, 3529], "queryall": [3367, 3286, 3394, 3458, 3430], "queryone": [3202, 21480, 3291, 40614, 21553], "editgeomone": [6045, 6306, 6183, 6077, 43366], "editgeomall": [5849, 6896, 24297, 24268, 5889], "bufferall": [28294.52218120967, 28394.61804142353, 26432.915605007056, 25837.5415179335, 27060.263793923128, 27395.00635659721, 27331.586512725185, 27752.69532849948, 25878.531355704872, 28520.2733826502], "bufferone": [5543.051085849107, 5781.94393891799, 5535.010434503563, 5015.069072163358, 5461.97060198993, 5294.830398063952, 5490.271179740696, 5285.9502328446815, 5289.655933901665, 5512.864442035499]}