{"visualise": [2147, 1870, 2069, 1929, 1807], "editone": [2081, 2273, 2065, 20558, 2121], "editall": [1719, 1712, 1715, 1709, 1685], "queryall": [1682, 19961, 1643, 1637, 1678], "queryone": [1635, 1619, 1671, 1612, 1620], "editgeomone": [2157, 2150, 2165, 2226, 2221], "editgeomall": [2207, 2161, 2186, 2588, 2276], "bufferall": [4624.976978528706, 4866.799960418771, 4820.041977121865, 4854.202980822134, 4647.140414956403, 4968.98346132597, 4288.700083370117, 4769.186314773241, 4712.650351819275, 4998.018496507249], "bufferone": [1540.1131927659742, 1549.0378043110334, 1481.7484252985, 1489.0936866713632, 1542.7547683001246, 1465.1199537030805, 1540.4700070747206, 1532.4178435854344, 1523.6152235484135, 1521.6433942937444]}