{"visualise": [17860, 18074, 17930, 17634, 17586, 17702, 17618, 18285], "editone": [17533, 17671, 17300, 35822, 18010, 17472, 17847, 17905], "editall": [39257, 20030, 57924, 20913, 20261, 20288, 21031, 20268], "queryall": [13863, 14156, 14093, 14156, 13938, 14321, 14094, 13910], "queryone": [13948, 13852, 14228, 13928, 32460, 13999, 14061, 14201], "editgeomone": [18041, 17372, 17608, 35650, 35921, 17709, 17758, 17772], "editgeomall": [17634, 17856, 17849, 17974, 17602, 17674, 17520, 35640], "bufferall": [-1, -1, -1, -1, -1, -1, -1, -1, -1, -1], "bufferone": [12438.221092253976, 11822.32317666112, 12084.634109595301, 12249.788189548743, 12110.320540040986, 12045.927837941386, 12090.360479309145, 12145.470912847712, 12698.21811762008, 12518.176640821031]}