{"visualise": [2099, 1891, 20147, 20217, 1984, 2010, 2075, 1972], "editone": [1906, 1977, 1693, 1860, 1685, 1885, 1708, 1710], "editall": [1847, 1638, 1701, 1842, 1807, 20086, 1829, 20029], "queryall": [1716, 1617, 1536, 1732, 1700, 1721, 1525, 1730], "queryone": [1565, 1636, 1615, 19937, 1529, 1741, 1760, 1723], "editgeomone": [1868, 20199, 1778, 1798, 20053, 1905, 20040, 1872], "editgeomall": [1687, 1772, 1727, 1804, 1902, 1803, 1868, 1729], "bufferall": [4476.716141221733, 5099.248996208187, 4647.193861288384, 4840.736866753487, 4550.305891671023, 4774.26768039132, 4605.728124735794, 4603.378435762874, 4896.037174802401, 4768.369810394632], "bufferone": [1597.426411118976, 1748.7825145291783, 1747.0040878197856, 1627.8107365963374, 1661.2042426367145, 1733.2179556353624, 1661.064177666024, 1606.3705930554188, 1686.1965572214053, 1761.039641618139]}