{"visualise": [1715, 1698, 1770, 1745, 20086, 1739, 1688, 1960], "editone": [1711, 1688, 39214, 1678, 1686, 1691, 1668, 1707], "editall": [1762, 1668, 1655, 1684, 1684, 1674, 1646, 1650], "queryall": [1544, 1586, 1536, 1551, 1505, 1518, 19926, 1514], "queryone": [1585, 1547, 1517, 1503, 1570, 1566, 1554, 1543], "editgeomone": [1637, 1731, 1647, 1710, 1664, 1704, 20065, 1663], "editgeomall": [1701, 20042, 1862, 1707, 1746, 1694, 1646, 1804], "bufferall": [3604.6381465002355, 3667.947266548112, 3502.479102753145, 3576.6812032021767, 3468.8024273403275, 3517.110971143946, 3261.7874672403696, 3602.7940655434095, 3778.668571622464, 3722.080438866972], "bufferone": [1549.1287182215322, 1584.250992172219, 1593.9713331236885, 1470.2347871849656, 1532.9891701909248, 1511.135364081711, 1702.5717810403964, 1449.2798633444163, 1579.9364487942428, 1428.488321570737]}