{"visualise": [1923, 1823, 1789, 1789, 1760, 1768, 1843, 20174], "editone": [1678, 1829, 1797, 1744, 1724, 1821, 1752, 1813], "editall": [1699, 1779, 1720, 1750, 1684, 1778, 1685, 1788], "queryall": [1523, 1505, 1557, 19927, 1538, 19932, 1582, 1520], "queryone": [1534, 1507, 1504, 1565, 1564, 1564, 1527, 19920], "editgeomone": [1680, 1670, 20168, 20168, 1728, 1910, 20082, 1695], "editgeomall": [1686, 1745, 1786, 1695, 1730, 1688, 1779, 1773], "bufferall": [5494.0244809599, 5607.743202964454, 5886.10128525209, 5713.242505765588, 5681.3924138754855, 5778.159897827277, 5910.952301823691, 5788.820167309282, 6080.2748003934275, 5584.4454351978975], "bufferone": [1471.2235834923308, 1412.2532308338918, 1363.8192220981423, 1355.8676783784904, 1401.5404236287536, 1402.7781308083024, 1444.411797223488, 1470.4692798105048, 1356.29963913231, 1417.10291972137]}