{"visualise": [58308, 95965, 58348, 58742, 77037, 58802, 59056, 58395], "editone": [62648, 61821, 62839, 60334, 62009, 98833, 79586, 61593], "editall": [1591799248457, 1591799344308, 1591799441872, 1591799536691, 1591799634063, 1591799729867, 1591799823460, 1591799918734], "queryall": [45563, 62896, 44562, 46199, 64117, 44789, 44747, 44977], "queryone": [44784, 45420, 44806, 45398, 45958, 45203, 44681, 45347], "editgeomone": [61142, 59844, 79604, 79128, 61160, 60656, 60426, 61124], "editgeomall": [62059, 60307, 79665, 60969, 79432, 62471, 60288, 61432], "bufferall": [1414854978445.9336, 1387741967102.0864, 1374289392786.8545, 1507169109626.9814, 1463009528089.7751, 1460415964837.2598, 1396861953597.73, 1434506576068.0981, 1475640577817.6033, 1440478816520.129], "bufferone": [41444.329138339286, 41453.431240897095, 38893.34560215006, 40926.290295615785, 40752.23249925481, 38831.334415359546, 39488.665800546994, 39430.48377620935, 40942.08864120247, 40552.53647669462]}