{"visualise": [29577, 29264, 29419, 29059, 29576, 29499, 29547, 28826], "editone": [17907, 18158, 18668, 37207, 17885, 17813, 18221, 18148], "editall": [19464, 19374, 18921, 18823, 57447, 19415, 18639, 19255], "queryall": [32247, 14494, 14151, 13893, 32421, 14372, 13874, 32225], "queryone": [13917, 14173, 14173, 14151, 14597, 13834, 13937, 14103], "editgeomone": [37107, 18832, 19341, 19127, 19052, 17934, 18046, 18702], "editgeomall": [18987, 18785, 17967, 19076, 36444, 18649, 17987, 18388], "bufferall": [1466026845554.3262, 1436501349906.9373, 1459650581451.6602, 1430206691465.8694, 1413384799201.29, 1452776539080.1118, 1501390385830.722, 1481765579946.733, 1463914988669.9421, 1385104879886.7576], "bufferone": [12663.135305920017, 11964.43560027993, 11412.06079207957, 11823.911211682602, 12321.235617095017, 11455.26036924597, 13097.214075211717, 12439.327848237464, 11160.64456782542, 11929.224157888653]}