{"visualise": [2793, 2047, 1941, 1882, 2147, 1984, 1824, 1675], "editone": [2382, 2052, 1490, 1597, 1557, 1451, 19986, 1935], "editall": [1576, 1759, 1823, 1796, 1840, 1599, 1659, 1898], "queryall": [1313, 1316, 1264, 1330, 1286, 1354, 1317, 1348], "queryone": [1288, 1312, 1289, 1284, 1293, 1757, 1495, 20005], "editgeomone": [1726, 1466, 1452, 1373, 1420, 1388, 1378, 1614], "editgeomall": [1451, 1347, 1370, 1400, 1429, 1395, 1350, 1362], "bufferall": [4186.477159751593, 3888.884160982558, 3977.9915779649064, 3804.060384822708, 4296.91191482314, 4105.106295466524, 4000.829486911413, 4123.517682859995, 4079.3075348329353, 4238.342854377522], "bufferone": [1312.0116569350553, 1201.4788798194156, 1242.2063677167334, 1206.8387053658485, 1237.5615452107195, 1274.5236883782936, 1229.134763911505, 1232.0327263175725, 1245.705745153859, 1242.726103699095]}