{"visualise": [9339, 10029, 9709, 9560, 9889, 27911, 27625, 27600], "editone": [9122, 9409, 9402, 9109, 9469, 9403, 9591, 9528], "editall": [9539, 10038, 9767, 9676, 10098, 10315, 9906, 10187], "queryall": [7858, 7692, 7918, 7923, 8071, 1591791291540, 7734, 7658], "queryone": [7968, 7783, 7914, 25847, 7789, 1591791405109, 7897, 7675], "editgeomone": [1591791449216, 10185, 9161, 9091, 8783, 8885, 9049, 9050, 9035], "editgeomall": [27135, 9497, 9012, 8930, 9196, 27092, 8961, 9378], "bufferall": [26606.21576154353, 26350.515717959497, 26108.98488411557, 27208.59069476995, 25938.508435176645, 26097.73667504002, 27350.973035898853, 27643.980104961534, 27380.478633995743, 27008.731280740907], "bufferone": [8633.457258351378, 8637.338933549827, 8813.584838310462, 8484.139340595351, 8415.717023246569, 8137.861513792426, 8394.058302841664, 8450.701205599667, 8334.967759924451, 8611.905661101042]}