{"editone": [14999.7214396922, 14582.122970200382, 14142.521260989932, 14575.35047848907, 14652.752303590962, 13464.814129296938, 13552.47559004891, 14216.427557627801, 14428.218470001813, 14260.730881981788], "queryone": [4801.340163778727, 5356.813590729555, 4915.576842077356, 4734.609633287165, 4777.818675087205, 4862.397062346884, 4844.649025516501, 4930.058244571636, 4719.2764309304275, 4975.099942363545], "editgeomone": [12714.75034874913, 12625.622648913988, 12104.817037160916, 12812.701895657146, 12416.687784165002, 12197.329259568092, 12060.399458300002, 12555.264503923792, 12747.634115973164, 11935.488370152187], "bufferone": [1899.6657990648537, 1924.5734791231748, 1695.5750970452884, 1844.4801431244407, 1881.1586065555061, 1820.0363334340748, 1791.0680062259019, 1666.8043823150172, 1773.7487640718289, 1858.6217466109485], "visualise": [23251.459766838765, 22268.625820339188, 23229.974597440974, 22708.68005184893, 22642.10837427724, 22103.081267394085, 22890.099347453837, 22556.43840532124, 22155.911517828634, 22490.00220180574], "editall": [15370.80002790193, 15541.412902859505, 14982.863243377633, 15073.621583380933, 13848.952142203174, 14371.474230800352, 14778.759978523007, 15589.543686557558, 15273.654312861385, 15682.796148049028], "queryall": [21511.456798329287, 21082.693376465533, 19824.463392270267, 21127.92379129666, 19220.554066428667, 21238.281113804194, 21066.00889725533, 20607.79066400567, 20574.153242408687, 21357.516126352253], "bufferall": [32426.935908086896, 34391.1935627242, 34847.08194230259, 34622.93978753664, 33378.99145142871, 34407.40638748319, 33707.90781478582, 34083.177225767904, 36563.48906944253, 37765.742357830844]}