{"visualise": [9087.491743763749, 8880.656158436046, 8932.68452837225, 9056.92172473233, 9296.009967305818, 8587.424946821428, 9377.47398229471, 9235.272870859846, 9233.808254940039, 9039.77835767829], "editone": [7639.417291321217, 8269.535315095296, 7897.56890462912, 8416.374096897609, 8212.984419136714, 8028.285238563722, 8266.698150274606, 8180.713687165706, 8159.243533844213, 8045.609088366994], "editall": [2267.7710070317103, 2201.0169635831194, 2391.251380186597, 2266.9454815886234, 2147.992377264531, 2238.4547977716225, 2270.5598973955107, 2248.071316122427, 2126.7593522685065, 2309.5659002465914], "queryall": [8071.232205825327, 8522.77149516093, 7801.075202263497, 8631.661440291753, 8561.10105094444, 8033.383738131579, 8714.756919215397, 8357.490694913799, 7913.804192632982, 8491.3046735293], "queryone": [2138.8988144006835, 2220.923673888702, 2215.9352136797643, 2146.86291655881, 2321.5329070639227, 2212.7690890392087, 2252.212904818894, 2118.746023010113, 2201.429332300228, 2256.2933508893357], "editgeomone": [7678.417003599713, 8033.427327051171, 8376.806087069865, 7760.554796261744, 7961.819269549828, 8045.692117762056, 8246.095874899236, 8239.546167929971, 8481.905303422736, 8139.865581546009], "bufferone": [2128.137557929468, 2018.3862950205335, 2200.107941810535, 2028.2868080623325, 2126.091598261468, 2270.6981562453857, 2147.4666925135166, 2060.2443125796717, 2129.864531540114, 2157.221877876215], "editgeomall": [8427.737285964897, 7305.478124244903, 7654.229141998763, 8214.241180822371, 8038.07277692837, 7884.009500243213, 7753.133345112483, 7939.820912830075, 7789.006774383689, 8076.87290040028], "bufferall": [9760.654152651761, 9604.012098849882, 9207.243537257586, 8833.697874985519, 9926.329162242442, 9241.491389100216, 9237.95684144053, 9398.026149165444, 8705.021978254374, 8786.945242403704]}