{"editone": [307857.8677475849, 300444.3978380942, 284720.6529619478, 286373.8487851306, 303274.87416396715, 309453.12715339253, 289886.10780696303, 283965.007994584, 295234.3188761924, 287114.6112077732], "queryone": [3211.882813900047, 3322.0077466207313, 3280.677416439174, 3245.6802829012345, 3202.7163798696015, 3394.8122221399153, 3323.3089263962356, 3159.6712977667507, 3460.1552659585645, 3344.646683430272], "editgeomone": [283476.7331038224, 275620.72622805374, 285685.07925359963, 279552.09286063246, 268500.6705834768, 294579.251254477, 290960.2358946805, 266795.023671844, 266272.30013970076, 282542.6882520149], "bufferone": [1688.0957919879443, 1696.3257315670915, 1653.157404806088, 1655.3564042689254, 1777.3824408169064, 1691.4339354440738, 1729.6052526476203, 1784.8729181013334, 1762.8732037594275, 1762.082645204746], "visualise": [278621.4340313312, 282528.0922614664, 280678.48598787613, 280211.70353170705, 272943.93084856943, 294231.2530755211, 288284.43539384496, 299334.9045789517, 285740.75666394853, 300405.9788140024], "editall": [289223.88382381736, 271978.82763744285, 285441.65900895995, 284968.0911347846, 278506.75756707543, 290138.03835847904, 302373.5807066604, 282917.0916048538, 279631.2498001669, 297402.09405739873], "queryall": [287103.982746044, 292578.5646967737, 290445.05363702436, 293649.24008080765, 293489.59152089705, 287460.48658389365, 292981.0008487619, 294843.86258695426, 303376.90339916677, 283219.1706617848], "bufferall": [283940.94673722726, 303514.89062503754, 293113.636237426, 297386.46101714775, 291397.4786583007, 295120.00531476556, 283088.8867192763, 292926.30004555854, 305981.83117393637, 292191.9018314565]}