{"editone": [99720.86163754403, 97382.57251414085, 98145.34213825919, 101180.5768699405, 106436.11297768418, 98692.89492298079, 96265.95714389825, 99956.73017305713, 101138.5930954555, 100038.92590819797], "queryone": [2755.2131974125346, 2768.829239200154, 2738.8430742020437, 2849.97283548565, 2759.171507156416, 2669.4178385137275, 2688.359249504647, 2694.3378233635985, 2639.596961804913, 2770.1606564167237], "editgeomone": [99656.60144980777, 102395.31009090276, 102557.27218023236, 99083.68671573776, 105214.70277611325, 102828.09100930375, 97174.55715371418, 103086.64755421286, 101508.91529211619, 104120.97702001169], "bufferone": [1844.8017072312664, 1715.3764739440746, 1653.9469637473048, 1783.551357743865, 1704.641340409657, 1817.2112681387905, 1681.3056921006971, 1666.9151624864141, 1768.6042501566837, 1732.9318428124736], "visualise": [106487.90718790797, 108516.33804415712, 105937.57093735113, 111325.97929789551, 106942.08047305532, 107493.54899636318, 112216.29871404455, 109649.7634451447, 108489.28196569858, 110646.81972523009], "editall": [98950.43343639003, 104249.55851541039, 100645.0531863651, 108667.8386009105, 101588.10534172464, 102539.00409289116, 103935.39170960909, 105101.92959081911, 102294.5905729404, 102319.35995861307], "queryall": [111312.54118452808, 109124.31971444991, 109627.89232818902, 109638.79652433345, 106590.33012315354, 109966.01049878148, 111821.20427150512, 108771.99336654226, 103360.06092385374, 104303.6039977834], "bufferall": [108809.5262461338, 114507.61963168674, 113287.03566811293, 113667.71275168718, 112017.74773107695, 109054.41846369834, 115930.40209270825, 111710.50656136025, 111437.45130094726, 108848.19078424491]}