{"editone": [357365.55227708595, 364673.04992936, 345444.49303844915, 353558.19485942094, 354055.6790872016, 355164.8040480772, 355673.14257454005, 347064.84984657535, 330399.8483152077, 350050.3898314587], "queryone": [5122.693186404367, 4829.974139079606, 4937.387517183383, 5409.2443827153475, 5062.787298526849, 5226.232358143143, 5053.82261650769, 5194.094906029799, 5081.947486964834, 4923.872932226716], "editgeomone": [345836.8419980323, 313468.57993826823, 358085.7526368695, 345935.188539327, 354098.0551606798, 371767.6986461553, 336382.2958504322, 344969.3436396512, 349777.2045909874, 340303.4507454689], "bufferone": [1882.1761087012833, 1788.0495784366553, 1807.6862566300324, 1867.3991736547941, 1899.8078823669473, 1820.8018012750854, 1763.6816911749013, 1768.4819835280912, 1781.6710843224937, 1809.481602519752], "visualise": [340189.2202177497, 365611.0488524459, 368475.2856989864, 339737.70853430155, 364363.4627837287, 366817.49137890554, 362395.75193927676, 354470.9091500555, 365352.80393751385, 383242.45830176014], "editall": [362186.32870567875, 338054.4821052291, 347737.1696268258, 373348.44322389964, 369346.5101202662, 350650.7329816908, 344024.4745142318, 357109.30455931945, 351999.57494114025, 347373.2056830448], "queryall": [370600.69906413404, 367744.5386471241, 379297.90232983057, 384013.965192849, 369453.5412138449, 356232.2057171415, 356381.6643969448, 353901.99564764026, 364115.72077870066, 372511.7403254753], "bufferall": [393536.47252591053, 378396.84480865, 375752.87427398434, 371258.3501349541, 366413.61274994805, 370032.2692122027, 391116.93859500653, 393739.5917078884, 367416.96918230836, 357808.53909808537]}