{"visualise": [845087.9015785597, 838968.8183827654, 828809.5059718335, 835696.2522523495, 884786.8330992624, 843904.2640920668, 821565.249182232, 778438.4240710706, 840076.8273164827, 788276.9643705678], "editall": [793083.7438689391, 751446.4586108705, 757012.3989034744, 811072.6035436344, 775623.7231667235, 801785.515929551, 715637.881270369, 759035.4837328666, 746409.765373552, 819636.9922561932], "queryall": [2130455.3050023834, 2032177.1528672683, 1973964.9061760479, 2201133.597844118, 2120358.67059457, 2149096.7151538683, 1957088.4780574236, 2144440.4772755066, 2048437.0009554157, 2118378.9897451526]}