{"visualise": [2757.723126673672, 2752.75861295413, 2678.762544989609, 2601.5177924126892, 2753.256479637087, 2783.0616058426103, 2672.9794260464178, 2764.1798590659982, 2514.487462862105, 2786.783733305116], "editone": [1996.26220094166, 2131.5470546513657, 2076.951913542216, 2002.2082534270867, 1981.181470447571, 2114.838786336305, 2095.824172960797, 2144.9406985257074, 2040.452054690227, 2041.141895472109], "editall": [1706.533502394467, 1778.2716335559335, 1785.2387870473583, 1653.3267551551783, 1713.368397735612, 1685.1155500379195, 1702.9610327348753, 1744.6167100973105, 1729.2488690261448, 1572.3023802181283], "queryall": [2108.907056635262, 2023.9186271502183, 2130.6728550162393, 2159.4835652372744, 2109.1999177927887, 2118.5504589681177, 2076.405619718836, 2260.7371184727917, 2186.250784763794, 2159.6791918816953], "queryone": [1779.463571243829, 1800.6685652459437, 1724.2997154520601, 1761.7134728014669, 1803.0763397704166, 1764.5823844883764, 1762.2681770167173, 1828.378822517344, 1743.8315590207349, 1688.6435838438986], "editgeomone": [1954.6351174176004, 2098.56342743878, 2034.7221253223547, 2024.1325631560176, 2179.7982526439305, 2068.539094795773, 1984.0363643108308, 2026.6302272084167, 2053.4501236427877, 1967.9722983994257], "bufferone": [1734.8106065728298, 1691.3638608966537, 1736.0838435079354, 1727.2847325377193, 1770.7812056832468, 1735.8745228562884, 1654.7818318122233, 1778.3353581644724, 1686.5032291640196, 1710.547895899114], "editgeomall": [2052.9696518188184, 1984.5332877272149, 2118.4402476907567, 1991.327020768266, 2073.1748103090827, 2038.3616740567963, 2037.9196354640758, 2027.1746158133762, 2070.0999375008496, 1970.6211062091454], "bufferall": [2288.1820681764234, 2448.9795403427593, 2514.0608446221604, 2539.760705131801, 2500.585132728492, 2420.394726601598, 2324.219498608243, 2470.3176331480654, 2509.755782097557, 2490.505924232978]}