{"editone": [19429.509615199062, 19792.559743221478, 19597.53500460228, 21266.4085025265, 20131.84499723298, 19750.531020025915, 19576.16697391187, 21474.61046776138, 21710.716106343847, 20217.18095599844], "queryone": [5076.7185062909975, 5122.983330334963, 5488.569213441163, 5017.905596939307, 5499.716702434634, 5162.786705130421, 5429.119959554923, 5083.121892278248, 5215.361144730493, 5167.780374229479], "editgeomone": [15611.822954680732, 15366.25978791692, 16553.385736779066, 15995.863076559013, 15792.9387811762, 15911.190306729808, 15587.258152382448, 15813.411812318975, 15822.426267396819, 15543.946967424466], "bufferone": [1748.899863052094, 1832.4878383353814, 1921.6048663725364, 1800.4946185876468, 1926.0066433100253, 1915.3282113093503, 1908.8221364103474, 1899.6813435476072, 1923.8863492952382, 1923.284999738293], "visualise": [29364.950788319977, 33087.9399433699, 30332.887008550722, 32501.427707923434, 30030.966849538447, 30180.807059122966, 32354.584648237927, 31987.752762037144, 30342.60606471868, 32816.90962709795], "editall": [21222.1432716878, 19850.969999632027, 20423.148564075156, 20756.837878974628, 19732.8324112857, 21783.183847554952, 19512.362351495027, 21429.70485889916, 21136.274150755882, 19754.488787571365], "queryall": [36131.20815492679, 33525.07348294686, 35931.6327817541, 37923.94749138859, 35403.784460955096, 38157.80061493919, 35581.9765414635, 34822.118289158134, 34456.58707428913, 35622.2430490925], "bufferall": [40858.47351378825, 42533.718438285505, 42273.777603657516, 42390.5434617791, 43305.72207223821, 41631.07031442375, 42643.4356391618, 41958.23740156045, 40002.70736963753, 43203.8207474386]}