{"visualise": [16578.448852781275, 16826.898915624733, 15963.83177430312, 17370.903363001074, 16579.78530121408, 17434.328900651148, 16729.848059177584, 16564.680824819123, 16454.913215562305, 16891.586410797798], "editone": [15562.846923156492, 14483.819089407774, 16080.30786709222, 16348.144496074026, 15188.833619533902, 15922.238125592772, 16617.281785022613, 16714.845629765765, 15737.849584805444, 15873.574534024536], "editall": [1931.0702621994897, 1797.1829850488266, 1789.9939450539337, 1776.8919244161134, 1792.090997828538, 1861.6216516413838, 1904.5076596880815, 1842.1767842505542, 1827.908328063075, 1915.044054620395], "queryall": [16010.179542421802, 15768.734363153286, 15167.368046694106, 16558.635218119733, 16876.38847181019, 16375.292739282668, 16108.979854284147, 15028.276708055262, 15132.768417696556, 16436.85933157799], "queryone": [1976.0096458280912, 1964.1309587635515, 1994.7342875402546, 2039.161691083182, 1924.408407310259, 2000.971171793023, 2012.004750808329, 1897.172342079866, 1958.0068486682155, 2050.3294544619002], "editgeomone": [16427.62214792289, 15692.250522206523, 15340.020951879093, 15752.503383243777, 16145.603533939182, 15631.893316941414, 15677.804116245334, 15741.386799176176, 15415.993206431152, 16047.20736721231], "bufferone": [1873.6301943971118, 1847.1184263523428, 1810.4826568165472, 1774.1240347410487, 1830.3880625774318, 1822.2697983103383, 1912.8325863933358, 1861.0027171954978, 1912.6375367401815, 1832.3292757257284], "editgeomall": [15516.594937536587, 16641.697172513388, 15509.204832936837, 15762.864314713985, 15180.975217834884, 15775.265776758342, 15841.253472576118, 16467.00258016949, 15782.068928842687, 15464.488327566316], "bufferall": [16184.041004599185, 16604.15163113225, 15499.818893222016, 16148.666468118123, 16948.600081028064, 16914.439788951364, 15941.860811473847, 17199.795341355417, 17025.88822221077, 15966.616930295322]}