{"visualise": [7862.744072905337, 8133.984105249968, 7979.696738840805, 7866.53709976025, 7742.151439228136, 7351.7719217162585, 7398.128250455087, 7691.446429170575, 7557.939450880509, 7174.252283532266], "editone": [6617.381983259796, 6634.140571899598, 6951.940083549183, 6893.762045200871, 7139.768133838014, 6853.40410855132, 7055.413916474311, 6501.931523365996, 6725.476705315494, 6726.202365536184], "editall": [1702.0415427181106, 1664.1543292180932, 1648.5428897982956, 1642.5464134205947, 1600.7926847519232, 1644.5677438673865, 1677.3300065128255, 1692.1993996830454, 1713.6824836125033, 1718.1426200591484], "queryall": [7491.595461587306, 7283.3555951893095, 7693.458526742451, 8084.851668184005, 7606.693007974199, 7941.101244503825, 7242.358188403412, 7455.669160907819, 7627.0386012146855, 7603.71603903719], "queryone": [2043.7220902767663, 1938.1087623599565, 2008.7789673262916, 1980.6172827243765, 1843.0928266116214, 2023.042130289537, 1919.6172629579178, 1886.8910661977557, 1979.9176928716288, 1950.8140487063338], "editgeomone": [6483.986612396403, 6590.126795729473, 6825.112874861765, 6511.197935358534, 6789.989236498101, 6909.529726792739, 6335.603242674873, 6818.3339492888135, 6836.987219684862, 6963.742217268669], "bufferone": [1655.8615413679563, 1640.120927473453, 1511.611065584831, 1624.8053959676909, 1652.3295201948044, 1673.6137890369062, 1533.5309379074743, 1583.2952610495568, 1612.070201550959, 1743.4783909355897], "editgeomall": [6530.055534739226, 6832.785216672186, 7253.814413747529, 6776.262326674645, 6433.004562197027, 7016.298910338015, 6688.418852025264, 6733.246539092019, 7456.233796670892, 7148.5128667629915], "bufferall": [6926.046909501546, 7343.129922804836, 7202.203887454424, 7124.732087315704, 7260.825059076933, 7260.473142327548, 7185.578770084444, 7085.78644369582, 7258.588293264642, 6319.734440682908]}