{"visualise": [4112.2440469028625, 4034.235373095332, 4034.225388325242, 4230.398669524098, 4121.0207390223195, 4080.9393585306425, 3989.876822880554, 4230.353653106348, 3849.8887472650613, 4236.612082595635], "editone": [3170.107049093026, 3053.755996528877, 2868.0567561744447, 2931.039433557369, 2991.6878737154475, 2868.388596504327, 3042.316290114013, 2907.556685989572, 2833.910710072698, 3116.736507489768], "editall": [1647.672423280343, 1755.4246605964734, 1742.1493175278395, 1855.6578069301236, 1759.2750915653064, 1673.6621687677048, 1619.8870400948695, 1682.8405302725496, 1672.755529765647, 1740.5755638246526], "queryall": [3592.6750712476623, 3590.6368958537146, 3335.5933242645583, 3534.836033584883, 3743.6439385716712, 3550.143580022244, 3450.1432933283527, 3583.4544667533987, 3708.32447828836, 3565.914627332036], "queryone": [1979.7297115017861, 2064.1499718462483, 1929.1818578725495, 2033.7261977223718, 2042.7368270787263, 1959.9024989323166, 1869.000684356112, 1876.3161753208312, 1933.6381677364463, 1931.3950003132702], "editgeomone": [2985.5066140022454, 2986.9249129852283, 3062.278435215633, 2913.0615386302325, 3077.7012716168288, 3098.831903642747, 2914.44463836475, 3030.2942702316777, 2924.6703347303833, 2963.6905845186693], "bufferone": [1622.907609263744, 1646.0173824506899, 1687.9125495148278, 1722.5250798030374, 1648.3570685895675, 1659.477128198798, 1734.613299204437, 1731.762165183993, 1649.1728715945567, 1561.8685405770614], "editgeomall": [2757.411841726618, 2985.9763406333605, 2922.121650158619, 2874.9704654424977, 2876.493106416782, 3070.704024073367, 2986.743806754361, 2872.274349391143, 2847.6824166482907, 2924.5539204677], "bufferall": [3469.105640729353, 3332.8442606520143, 3435.5886361214766, 3436.9731622509576, 3392.607436323354, 3445.701945125717, 3443.460140526459, 3428.5742353831756, 3438.192510304475, 3211.336017409756]}