{"visualise": [34490.2931060023, 33796.18096337794, 33599.03432562658, 33780.752254789295, 35734.069723270375, 32638.1419475363, 32395.45540719987, 30817.87006216436, 31039.74110373781, 33382.43851362034], "editone": [33522.604913471965, 31897.292882853795, 32173.86746031925, 33080.16850382951, 29860.971737907814, 32773.67520320711, 32005.759871148388, 31581.96633058239, 32814.08219523227, 32077.346258278383], "editall": [1768.7932415235293, 1882.7240107714374, 1800.558821263296, 1848.7879754228557, 1801.5747391933917, 1805.8486765848768, 1923.1473293249317, 1792.8116218368139, 1869.9502288689932, 1720.813827206721], "queryall": [32024.999415011825, 33722.229620199374, 30562.615692168863, 31578.64958920786, 30902.136155656677, 32288.63034684879, 33300.5187227044, 31901.395064611224, 32027.225551662614, 32437.30733261911], "queryone": [1985.1226341876325, 1929.3868314030076, 2023.498787407048, 1983.7573616686614, 1918.3243960384293, 1993.059396487654, 1885.0261212362623, 1927.0001094176537, 1986.4128035356387, 1941.9446909302483], "editgeomone": [32398.875849529253, 34525.743522258126, 32207.67078610741, 31039.21657654389, 33845.1066185685, 31103.00521126004, 30705.99788638868, 32719.33923541605, 31532.52295032675, 30682.563052166995], "bufferone": [1769.9005077801223, 1907.742547347587, 1847.7581389598552, 1909.3734869356163, 1837.5681076689013, 1905.8028782714046, 1818.7159837643096, 1825.126565230103, 1929.5979941642943, 1771.3580506555445], "editgeomall": [32626.221140646943, 32935.7330006444, 30741.98412150218, 32074.974909807766, 32222.574377859368, 32645.842578496107, 29869.575769772404, 31452.988632944318, 30837.604697296487, 31966.744264242687], "bufferall": [33054.68416091785, 31674.576613272122, 34174.219141619105, 30834.16368984911, 31953.355713141536, 33246.48301978925, 32863.92746196086, 34787.27455394608, 29523.722227893486, 33074.238834290896]}