{"editone": [17508.91754647303, 16050.4750456708, 16143.57562424532, 17249.548526711314, 18339.120553802288, 18416.402608897813, 16717.17163511843, 17986.955192199835, 17084.002586795, 16632.069383949045], "queryone": [5254.600743344857, 5046.42123880622, 4972.858540914189, 4888.071816451317, 5249.760850428133, 5045.740722260459, 5285.296810386618, 5107.911063381918, 5328.289015310353, 5591.606937308112], "editgeomone": [17248.35347226491, 16999.43999428675, 16563.28128356102, 15503.323917611231, 16954.942138199065, 16529.690339763416, 16750.543467533695, 15061.27358719284, 17033.112734907383, 17688.08643019771], "bufferone": [1759.0925937150305, 1845.1417526706518, 1919.4797071431674, 1722.703299520359, 1807.5401073167486, 1703.4341244856087, 1845.3329417549928, 1823.6997759167507, 1917.8256517912314, 1831.6685816652105], "visualise": [25993.573880192904, 25476.88436789997, 27938.298777066826, 26733.830577795874, 26903.759601865127, 27216.404507652638, 26335.41419399198, 26707.23907614372, 27028.98610923382, 26194.256251669332], "editall": [18746.35471842086, 19116.78072520253, 18089.512724711894, 18147.310363499808, 19483.39343213002, 18533.206232951125, 19295.87095408522, 18809.362794892997, 19482.55965554136, 18828.929876455146], "queryall": [31173.757923274246, 29820.833258213686, 31854.852502830843, 29372.445408503332, 30584.00374943365, 30511.13905504166, 30935.90931342812, 31309.424956876617, 31530.776035150557, 29256.222489682583], "bufferall": [39890.8177150086, 39315.615311170484, 39203.60908813955, 42668.498787774326, 40201.14500071812, 39822.61073192732, 40772.48276797201, 38245.05776122415, 40684.06610688282, 39700.35617256275]}