{"visualise": [2247079.230965134, 2168712.412575684, 2267071.0728841987, 2209815.3122117165, 2201737.1222179453, 2188022.15541237, 2239247.0406890055, 2094276.5153875886, 2236646.4074241263, 2175963.128250193], "editall": [2161399.245458404, 2034042.838101327, 2245941.00862498, 2155416.9583075084, 2196975.9363648724, 2143617.948109413, 2132056.4288467355, 2143398.555861916, 2145326.3169000912, 2238953.1601559334], "queryall": [3666644.235519747, 3623106.2032236718, 3847870.4407866397, 3817471.1787581625, 3805007.013454443, 3766714.729333294, 3613266.0352107123, 3785886.4368606755, 3955948.036163266, 3735215.953949257]}