{"visualise": [2584.014670845823, 2557.2950698006352, 2675.014911223635, 2821.590954069918, 2724.556142396357, 2654.2915817076914, 2778.8185811131493, 2735.5048799589867, 2601.7875225228167, 2673.409547958503], "editone": [1944.1821191023878, 1977.6386032422065, 2030.572210574896, 1931.0146581792387, 2072.464267921751, 2010.4512785383613, 1853.8500712838943, 1896.0103481082938, 2067.377744546586, 1871.606779604128], "editall": [1664.6926581041057, 1737.4096785305594, 1807.3598354560768, 1758.9262904243178, 1660.7010193976996, 1660.522529258179, 1671.3811169497214, 1742.1544025107116, 1647.6308016912694, 1669.5275859126743], "queryall": [2034.2490946309983, 2035.8783178721035, 2039.4009202788134, 2051.342860626771, 1993.9588008081378, 2087.9493730273575, 2000.2436921141393, 1975.4739450115137, 2058.2378699058986, 2123.237828120071], "queryone": [1808.3693809891352, 1682.5977125432833, 1873.9426603061547, 1780.0002288779494, 1731.3169845798516, 1770.197364583357, 1761.5642729788506, 1788.3429058916543, 1747.8121258323108, 1766.0964470999647], "editgeomone": [1960.177712762955, 1856.7706611049716, 1842.479568015947, 1914.6882756598386, 1845.237625765108, 1901.8505993576125, 2015.4705055513764, 2038.4406471488096, 1992.277846345632, 2043.5269880277935], "bufferone": [1642.9650722601134, 1780.7230820637096, 1748.2642395729986, 1724.3776036374406, 1670.5571599066645, 1760.124213829676, 1703.6129440333605, 1729.4138637380474, 1737.56324655307, 1671.5442110353156], "editgeomall": [2014.7770245424524, 2012.2714948255905, 1981.3676606872712, 1947.3337649347825, 1897.7106521891271, 1878.1578026308828, 1939.9168024261667, 1944.2644189468558, 1922.8138272246176, 1955.318585120085], "bufferall": [2243.453098721876, 2419.399848759512, 2472.87921528494, 2396.388040046258, 2405.2535028986345, 2384.4640122165647, 2471.055003012553, 2258.573634551524, 2398.968187290956, 2416.5926603439657]}