{"visualise": [3954.7583138599366, 3840.666435899777, 3909.3534646102516, 4007.797006709008, 3867.130997793569, 3756.1117376239577, 4154.100525538322, 3808.7273305869903, 3795.1027246732365, 3962.1611818423958], "editone": [3135.2875114425897, 3261.2365161934886, 3159.1803265031635, 2940.9354279970416, 3135.8533043693255, 3033.24366326106, 3137.6025123088575, 3055.983694080377, 3247.5083266369425, 3144.5329592707376], "editall": [2252.596411273802, 2163.953878027213, 2099.198038717524, 2339.298963980091, 2290.9562423452435, 2261.915141293024, 2260.5984572801394, 2273.686564725316, 2291.865881348562, 2442.1833126905494], "queryall": [3488.3431424959576, 3438.8427615323203, 3416.1936092738947, 3397.8156363430953, 3129.304639323519, 3475.9506686194222, 3570.876636184602, 3362.007408596857, 3179.887422582127, 3591.934078180976], "queryone": [2152.0414965154746, 2100.392510456513, 2227.755187382041, 2135.21020914117, 2166.16129762587, 2135.1024039985423, 2183.4520598019535, 2235.162453015896, 2192.106340042554, 2190.314374205302], "editgeomone": [3125.3637259268444, 3214.589933403356, 3094.9220544837262, 3054.9737548778594, 3229.4220748759667, 3168.970240459643, 3018.810701845192, 3001.516107043096, 3085.022001010233, 3042.1453272440394], "bufferone": [2164.1748675245444, 2144.897390547745, 2127.5638837205247, 1990.0255760440255, 2224.236082241316, 1931.6490648888202, 2142.873479143505, 1977.4207855957625, 2166.0727273838347, 2244.2207131700548], "editgeomall": [2889.233262202127, 3010.424604113628, 2878.99660778622, 2913.6786905636577, 2937.6823019354156, 3117.57530009648, 3125.5754447021955, 2952.532039556594, 3025.3306315759974, 3128.849204246132], "bufferall": [4413.123593034174, 4723.838335115042, 4645.510531605218, 4424.567501270961, 4110.679022016971, 4541.534977386305, 4540.210361145055, 4444.917925179537, 4500.276945736988, 4359.056738842093]}