{"editone": [96557.13366098961, 95438.05194828003, 95161.5822503202, 94525.95956210293, 92322.36134003819, 94405.81831621027, 94060.93440203983, 94085.06732565495, 92886.1127316133, 95641.55821161375], "queryone": [2834.9592809041737, 2925.257817053717, 2925.6774797264916, 2793.994236379668, 2788.3268078644446, 2929.180583630148, 2881.152864747824, 2879.6611964841472, 2843.135500950734, 2896.358168478032], "editgeomone": [88637.14501257804, 95724.75480564659, 95504.43360155271, 94722.39118601085, 97188.27114863522, 91162.43463520579, 90442.31815374843, 89668.27163697338, 89661.77241688181, 91934.3707985384], "bufferone": [1641.9617727000216, 1632.8894649200458, 1735.7576401272474, 1606.0461789854799, 1601.6943397227985, 1676.6857814624775, 1579.0937062496694, 1790.653638820435, 1532.580810503994, 1720.9574128356835], "visualise": [99541.56275153719, 93341.76621073406, 96896.44567059453, 91957.36806368206, 95684.62111820944, 95796.04927791408, 90652.55613258088, 100608.57104675543, 95882.86527840851, 93531.94641061073], "editall": [97791.8496469806, 97832.37134679224, 100059.75202150428, 91252.69969802533, 98596.64284819519, 96578.45168448499, 98080.39875410001, 93395.1601673886, 89245.95327464437, 96570.12595848776], "queryall": [99505.98273519162, 101768.13657453934, 99036.24068887107, 103130.70588656454, 92408.47704807346, 102762.1413614837, 98912.50666974491, 95788.01110090235, 100668.99857472797, 103323.39700718346], "editgeomall": [99659.10222522022, 94370.69394148461, 96514.67706514966, 95757.05515712345, 99878.56778682396, 94290.91751102991, 99849.02934340673, 92599.31837384078, 96677.90557950443, 92833.64492896615], "bufferall": [14729.651586634602, 14281.28905580089, 15022.868551862895, 14748.316038637759, 13844.853132790304, 13782.541489942252, 15105.186664513672, 14176.890479811293, 13433.35572426681, 15311.413118033694]}