{"editone": [275338.51347574266, 263529.69459950057, 266142.0793181657, 256836.4268412204, 265918.76687553606, 256765.4305855233, 245113.46096524206, 259662.17085632778, 270047.02265049866, 249379.54082762863], "queryone": [5049.530359983669, 5285.297437176125, 5162.495203461074, 5065.80833422128, 5225.601132259278, 5077.89619181709, 5125.564727999566, 4874.433548552498, 5021.42450776094, 4998.301709267263], "editgeomone": [246033.68960558082, 271644.730658428, 254795.80523406772, 255027.26510919814, 267968.5954536479, 257790.74602144756, 246183.00118583726, 254308.76816445627, 244680.2391783626, 249658.84954713465], "bufferone": [2002.551941057764, 1932.3232383190468, 1858.1810698787324, 1768.6928416978908, 1893.8861921443106, 1877.305626898204, 1897.2272549971199, 1876.3450557565045, 1982.1270708096442, 1862.2789044419555], "visualise": [273082.9191438896, 277791.50798971805, 280050.25331528304, 261907.5375529616, 281911.4815791412, 276506.91032226465, 272932.2624508608, 281074.54373293265, 264675.3913904555, 267972.0843895437], "editall": [257016.665065446, 258199.0229897149, 254765.90945699165, 259750.84033618108, 249338.01909991336, 249158.14329691743, 254664.50413974517, 269944.43706922897, 251120.60650264026, 253801.71040306648], "queryall": [287068.82057447097, 273701.160055032, 285687.6499227493, 265910.4114859504, 278360.6691687691, 282800.8673202889, 277816.57513530424, 274021.3788493078, 287692.84845755226, 265220.4017079345], "editgeomall": [249405.32242551568, 266618.37106062006, 259671.35889638093, 240339.1609330143, 264439.1038608429, 242347.20312051318, 262213.65518122126, 255115.8732825254, 261880.34197536824, 256318.9770982118], "bufferall": [29665.11269205007, 30849.111112396007, 31612.780684379162, 30332.799391754525, 31971.436006241154, 30919.4298026363, 30269.32311534066, 30814.405137703714, 31101.904146351437, 30218.50062490796]}