{"visualise": [7939.12815518128, 7674.257809025918, 7601.60405346574, 8111.080565099851, 7613.932449966956, 7751.596140347202, 7305.573286218046, 7885.357468946052, 7298.891282072426, 7180.853933573391], "editone": [7207.368644334366, 7278.253198434894, 7133.908377898894, 7306.321245207489, 7059.632837551351, 7343.785712889594, 6885.204346769946, 7006.3006303676475, 7038.639209651729, 6716.2242946765855], "editall": [1904.7578893947666, 1811.206112725256, 1839.9933573898247, 1703.0829035841007, 1841.483575698031, 1887.1270109682546, 1834.2109105894458, 1813.1344945563612, 1788.1228781227549, 1679.2099691977362], "queryall": [6953.815573328319, 7195.148088454205, 7043.054400194569, 7133.770130498367, 7331.302721885652, 7447.389332677982, 7959.1655948430125, 7329.836073526737, 7489.33180948213, 7043.782591213213], "queryone": [1582.9497641794837, 1692.8480000909294, 1662.8354003360057, 1699.1542539633342, 1631.0213873245873, 1616.7315502206848, 1705.5873927887828, 1671.2354621669006, 1624.8423973048295, 1673.6396197776144], "editgeomone": [7578.423460223914, 7005.120192432492, 6836.926892838784, 7578.6102808426685, 7138.652837635224, 7210.84019575499, 6915.518296719046, 7067.183289592718, 7091.7929200595645, 6926.740633220992], "bufferone": [1523.849598263047, 1679.303071185501, 1608.9228603399615, 1573.404590345047, 1570.035607145067, 1524.820301331142, 1597.2695914558963, 1558.7545667932573, 1496.042770772622, 1539.0490747691792], "editgeomall": [7340.8628119359455, 6914.873521403351, 7171.718547640362, 6773.082253279622, 7030.8406076187675, 6651.173406913571, 7007.586544713613, 6841.777802272205, 7128.575371174305, 6790.059938951785], "bufferall": [13480.284215853424, 14027.760700277026, 12179.585636382957, 13439.099043484988, 13169.497433897206, 13500.759292666207, 13350.945554035698, 13945.06241983436, 13392.235184458546, 12827.468590934259]}