{"editone": [851067.873742435, 826395.636117181, 802294.1037154545, 818584.8028873241, 850190.6632667177, 828174.7219546817, 857068.9020415785, 838493.5020618606, 830698.9890825368, 840170.7820585583], "queryone": [12072.092094557935, 12048.662016193886, 11580.43712584143, 11925.596036053821, 12953.529478311146, 11573.911726151371, 11508.359264022454, 11880.301033575719, 12418.183206681644, 11966.405983820747], "editgeomone": [696821.1476283612, 699677.8144772773, 695610.5749424634, 666517.0129096118, 644697.2929330545, 726708.8515340863, 680412.0612416097, 655100.6964881021, 647510.1489124511, 666177.8097235588], "bufferone": [2324.392959149817, 2556.3926002926087, 2652.5535821588255, 2506.1174458324886, 2599.3050617055596, 2550.742918675498, 2436.6739400104966, 2418.1420089473404, 2519.2337572459155, 2535.0743726862656], "decode": [7210, 7163, 6986, 7156, 6974]}