{"visualise": [13867.074111696118, 13567.821388179422, 14205.07415886214, 13822.990826089828, 14191.418897257408, 13626.538810221577, 13662.439260661378, 14252.07140136459, 13713.710961345543, 13680.275947099903], "editone": [13033.006801493815, 12375.491364438498, 12968.200799350709, 12701.346871144657, 12628.935388698861, 13061.874911501041, 13127.083572527166, 12900.383033172471, 12933.500730449772, 12617.02875307818], "editall": [1642.3424484257641, 1681.179825179017, 1560.515265974741, 1631.4222992593843, 1606.9855355947534, 1742.3621565075773, 1772.9475187673622, 1752.8077815247996, 1688.349099734851, 1833.9406696768403], "queryall": [13510.026322356453, 13320.280693755738, 13876.23386057091, 12822.13580876651, 12681.485459511807, 12669.993836172684, 13060.785312751494, 13478.058198548511, 12567.999270576025, 12499.103183897078], "queryone": [1733.0175910215044, 1769.5506181719431, 1618.8091850880542, 1712.4533390785577, 1671.9454270509225, 1684.045660835492, 1626.9729966648729, 1635.3190649778905, 1637.4297463337493, 1615.7168104777352], "editgeomone": [12428.86237723287, 13265.292146927835, 12280.073862895373, 13239.6523085098, 13114.03878618021, 13197.265757420224, 11388.091826450505, 13326.03307528451, 11900.627802615862, 12696.992476550942], "bufferone": [1553.7116690704981, 1536.6873144384144, 1577.6933159950233, 1608.8230712514921, 1581.194620880742, 1452.8667041997312, 1569.309963916879, 1557.2028277271222, 1545.8905275694206, 1625.7446681350614], "editgeomall": [13264.624367669025, 13074.946835559951, 13020.423079349675, 12973.00125603709, 13478.006187188168, 12692.078953715758, 12528.206964543147, 13143.797506062901, 12456.939496280436, 12820.842679057028], "bufferall": [8071.445757977426, 8491.642036783964, 8803.57024756761, 8872.404593810363, 8080.4584745006305, 8192.075062477408, 8592.3787579472, 9016.927748144608, 8033.988196186739, 8234.415539696132], "decode": [617, 590, 568, 602, 606]}