{"visualise": [8344.940610932588, 7775.209705567286, 8102.321137198135, 8207.649576421816, 7895.8169581817265, 8022.1613046895345, 7936.133304213788, 7912.952302380288, 7663.670416575666, 8023.638769864194], "editone": [7169.357654456138, 6808.771980627051, 7284.714045324864, 6928.539199801977, 6710.525541438014, 7021.451470720975, 7342.2911624876715, 6667.727849451841, 6906.336754154526, 6862.917765726398], "editall": [1775.5578008965535, 1758.7004404483537, 1802.601638705796, 1769.7393093841522, 1749.281549582269, 1764.4342196979364, 1872.9587353164989, 1797.4534638334299, 1869.8283543471202, 1813.5323988203857], "queryall": [7657.775996452311, 7015.705060523204, 7178.378297825279, 7486.892477213443, 6566.292809923714, 7111.591792119172, 7441.875742099497, 7111.770371681499, 7127.585339854789, 6780.6385103286375], "queryone": [1702.5674662248375, 1728.0811888425314, 1661.9094767707652, 1687.4717788993796, 1771.0102501918548, 1625.4901200289337, 1605.175188777241, 1656.0220931759234, 1650.7581913693934, 1721.551019243741], "editgeomone": [6432.625480944322, 6807.129050360387, 6516.228010046408, 6536.006163847118, 6776.319784131548, 6481.797981761546, 6797.39247839258, 6820.50966647073, 6481.102502696589, 6814.812102103489], "bufferone": [1515.9985976022717, 1528.7536929531373, 1501.238329604158, 1542.1057093101288, 1606.9005220499787, 1522.9871518477426, 1538.1414321305645, 1559.1825731765873, 1596.5327173149853, 1478.2783018919945], "editgeomall": [7087.9261195203835, 7341.649952041213, 7195.1594650747, 6978.132059141156, 6810.226464702532, 6483.967908797619, 6872.671505462849, 6719.0523233102695, 7152.763636987817, 7139.079944973126], "bufferall": [13795.01121660206, 13040.442633351533, 12675.057196727634, 12925.452678125996, 13282.346233565544, 13528.696167301858, 13199.368047757445, 12507.065362655692, 13353.760459255613, 14028.956681288611], "decode": [566, 518, 576, 585, 519]}