{"editone": [94611.96065053827, 94264.41722428176, 90689.4368695524, 93903.19309473826, 93886.1886923453, 92175.00826424455, 92239.50042553633, 89349.61834806447, 92603.27970696244, 91869.78642773446], "queryone": [2757.3883127018044, 2461.0728672810715, 2407.200025420741, 2461.9609684073403, 2448.63668980582, 2459.4400033628895, 2782.5738951172875, 2664.571497219244, 2636.3381373337925, 2414.5445415882973], "editgeomone": [92680.68443973902, 87428.00312078228, 90321.53918887045, 95295.22582029198, 87698.27808010048, 92217.98965560683, 93805.65569114755, 90404.44160072014, 92023.50638499369, 93412.9780789523], "bufferone": [1570.5751281683772, 1571.9768916004064, 1682.1654474441611, 1615.6170714506886, 1605.2127612988834, 1671.1596273184743, 1657.1837641794714, 1582.2141989125382, 1569.0202990794808, 1708.2947077120853], "visualise": [98108.64201295584, 99168.57474840587, 95840.71787316387, 93094.48857289215, 93697.33651141668, 101937.77992946164, 99499.097196942, 94507.33545703172, 94474.37703493786, 94319.61059772338], "editall": [102326.23882657866, 109101.39347505073, 108025.11855047673, 106329.17028649834, 97618.22557037802, 107827.93091969157, 100868.4079353028, 104757.15040510749, 109745.3631313449, 96375.33709371976], "queryall": [97265.71208725778, 96197.67413415555, 94834.6345509363, 94362.22224726724, 102187.6282197921, 98364.6319086811, 101995.64866738583, 97211.94612973006, 98919.76149355706, 93208.56111880453], "editgeomall": [93174.07958921592, 90579.71710066171, 90602.51575035491, 94908.6087075034, 89107.86295604703, 90465.68290167427, 91284.87352893244, 91614.50068525858, 91362.91917917419, 90243.14904618729], "bufferall": [12038.350471890919, 12547.643015949545, 12302.327497085707, 11845.696452252036, 12348.616098890312, 11782.190112073222, 12150.89860291081, 11599.887684411538, 11129.13471029574, 11371.026854176134], "decode": [1231, 1186, 1404, 1274, 1224]}