{"editone": [661346.2684101746, 698582.8106857334, 686161.4232386734, 685157.9635433551, 672742.7780581044, 693313.052486378, 675702.1666547869, 667131.5577680072, 678421.4665020987, 671020.3506529822], "queryone": [12872.620549616146, 12076.475681103724, 12173.754788657838, 11392.492852608295, 12682.05191345529, 11845.24165925833, 11901.259473307078, 12675.869643031314, 12117.969917666991, 12606.269017501285], "editgeomone": [807504.7074424359, 789880.570848404, 776281.127640385, 775209.5737190939, 812366.6065789138, 773918.0501832915, 790223.6690903767, 776455.9851111962, 808486.8657231635, 787862.0133748169], "bufferone": [2901.7328102261204, 2721.8890595529724, 2844.604848834847, 2884.5846293283307, 2890.7524532613284, 2979.476715395701, 3003.071973452385, 2887.956842985651, 3056.223470055028, 3079.896008263268], "visualise": [709870.4267332712, 721026.9866675303, 751924.0871369094, 694310.737653252, 738400.6218579995, 686284.8623854469, 722907.4566711612, 718295.3339883852, 707660.7300445492, 747527.9815337374], "editall": [1197136.3774983347, 1222234.1003902932, 1146150.8478452328, 1164841.2964412603, 1201163.9759805796, 1156102.0320587484, 1134028.768851539, 1151044.0479451355, 1202734.891622133, 1208249.158281428], "queryall": [1944133.2934830412, 1847234.789439369, 1948060.5255966545, 1966158.1940469495, 1911403.3346069187, 1949245.36978738, 1928435.1579378785, 1898666.51293957, 1933726.7530140814, 1931359.1001841926], "editgeomall": [660752.0318540845, 644074.0749369726, 679705.998025117, 682705.3085023492, 681272.7127792155, 644542.8954406931, 647817.3513886121, 652745.1394253153, 675796.4869904113, 679170.4845576987]}