{"editone": [11930.501330775993, 12395.321850378696, 11964.900013342045, 12349.208442171179, 12417.644653580546, 12426.871593984288, 12376.402440813836, 13120.51282594386, 13218.56630908733, 11723.008088543304], "queryone": [5091.9235904964025, 5178.556015469559, 5090.12881062341, 5202.510858876214, 5053.416846137252, 5472.524070797398, 5169.090049378518, 5073.680985585688, 5555.660478982877, 4886.200261735661], "editgeomone": [11320.245296259482, 11963.16108543432, 11770.724387101356, 11615.736054355362, 11772.288729041991, 10995.712486549844, 11577.334449789107, 11686.705957411854, 11595.242146196882, 11304.71316174762], "bufferone": [1893.2387602929805, 1912.8060187946407, 1888.2777367185067, 1877.3664904825985, 1757.4527466664438, 1858.3196699956034, 1756.0254812958876, 1795.4424387801644, 1708.8261384723253, 1904.0621142780483], "visualise": [19042.01280472329, 20957.362342786982, 19608.45568252971, 19761.713663205166, 19942.749961417165, 19684.150937039187, 19265.636025486172, 19828.287200008108, 20923.997887289155, 19557.276514171535], "editall": [26045.696043939777, 25827.047140903225, 24368.94108453773, 26403.07789356011, 25669.565694106896, 24767.280368641397, 25763.205732694943, 25531.326868603326, 26957.838232448834, 24169.68324785832], "queryall": [11254.028522488738, 10612.591403341912, 10947.756377895828, 10094.376115494673, 10595.88866290708, 10881.232572699046, 10725.109465466669, 11297.169581921211, 10648.085058770885, 10860.200596595063], "editgeomall": [11410.631098257385, 11693.523830427448, 11753.914609827347, 11384.804995100529, 11881.421312467148, 11920.817209071029, 11208.320695542003, 11100.592531433114, 12242.478949464245, 10860.04508924414], "bufferall": [24362.784558495754, 25012.151938705105, 24536.72586251976, 24756.797436156263, 23215.76413467872, 25597.87561489261, 24225.56520510945, 23895.629305326223, 22425.367130522893, 25555.96878791093]}