{"editone": [11743.889895846778, 10900.471527113103, 11605.10883713589, 11010.585629222189, 11567.29793719977, 11342.37084143364, 11804.094651812995, 10399.280617410946, 11361.831972073092, 10971.700608177169], "queryone": [4924.656978591739, 5229.118212619705, 4975.4930678189085, 5286.495021228543, 5138.602113196741, 4808.009165843675, 4867.916423612265, 5051.319287352309, 4755.052680073891, 4693.995813424473], "editgeomone": [10710.30277886421, 10781.937770163373, 11437.075976115471, 10813.774299906278, 10977.34061694272, 10937.718849255483, 10379.685321156312, 11451.07943775263, 11446.131067616416, 11246.70380162404], "bufferone": [1770.3760935365694, 1832.4136725101473, 1797.4185281829828, 1716.607842925132, 1750.789637513605, 1823.8116173445883, 1791.7508555852073, 1759.2874110232888, 1852.8023401410835, 1833.4247657563096], "visualise": [19984.55013198558, 19920.577206324862, 20360.786316006703, 19086.39047206867, 19303.30452054927, 19390.530872630625, 20419.166753618276, 20001.13391323752, 20372.546975569843, 20055.883041204706], "editall": [19518.300545184473, 20572.3309108684, 21521.97524136816, 21761.681522773808, 20395.076064999103, 19746.068712829805, 19965.37812619333, 19901.464650859925, 20021.68867852193, 19245.735293852576], "queryall": [24733.869066663894, 24547.06063024114, 23337.96835142093, 23550.906604151613, 24449.692163413405, 24623.00418837925, 23188.97250525043, 24259.226835430854, 23230.92792663905, 24093.14347196272], "editgeomall": [11300.310403201702, 10723.618579131444, 10981.996873259672, 10813.012301748178, 11299.642500529222, 10843.740402316416, 10886.17802679405, 10764.35925729087, 10921.669197422225, 10869.914654710257], "bufferall": [23644.73766758643, 23660.799264530004, 24514.660441455842, 24110.182431388897, 24186.34438984246, 23512.35076334753, 23977.61683785186, 22694.195071536105, 23452.625544816605, 24987.804006343995], "decode": [1778, 1603, 1645, 1649, 1651]}