{"visualise": [13517.261197585982, 13851.616619534263, 13725.647224833518, 13479.676671624255, 13241.53883010825, 12984.941069985074, 13169.679013067464, 13607.305316944547, 13996.697276450432, 12939.156878826583], "editone": [12304.291431223663, 11807.427084687568, 12668.999558108379, 12559.419083794333, 12199.051585911426, 12402.887519591406, 12575.73027430398, 12824.25106265783, 13004.974447745022, 12807.336073940067], "editall": [1705.6607243957087, 1720.806191411178, 1762.8862591921793, 1664.3929023545898, 1724.520295122141, 1696.7358275002118, 1724.4370460883085, 1697.6670179826942, 1589.7242475246212, 1638.6991856498448], "queryall": [13473.540094895756, 12572.67671914093, 12530.777857705538, 13523.884251216241, 12544.001902768028, 12566.278367911254, 12465.693282311187, 12328.987001322517, 13151.133977035759, 12904.508129013058], "queryone": [1734.2090415324983, 1664.5556369294006, 1687.6899174738244, 1684.1883756463983, 1620.2586592046794, 1720.0740350757726, 1589.268262550282, 1639.9944364228254, 1659.7621474821046, 1609.5522908772016], "editgeomone": [13097.831805747312, 12790.495839631358, 13047.408531196914, 12324.364477651816, 12786.710267831502, 12096.50827341577, 12912.25430857178, 12970.957015395252, 12904.200358030215, 13098.462602205504], "bufferone": [1598.823608210313, 1573.9925575907873, 1629.279538545871, 1598.3213010719392, 1543.8548124974482, 1610.1577492409074, 1648.7620737081265, 1476.6337232602216, 1555.0829803261706, 1524.3093084057618], "editgeomall": [12433.37289224697, 12904.14286369712, 12104.995674994841, 11795.41721024154, 13169.74726422706, 12277.588481702054, 12026.363172189745, 12831.776252746833, 12415.987256686687, 12396.975391841974], "bufferall": [8296.107973616605, 8583.2272435147, 8366.926521869304, 8250.365620227287, 8356.871500421057, 8922.734490860292, 8240.846733315231, 8176.045083248659, 8488.120282851865, 8788.016254976126]}