{"visualise": [3725.9654259304602, 3779.7662264234373, 3722.833683199541, 3991.356178160217, 3794.460178864465, 3556.2549080516555, 3803.883009251208, 3695.394828621716, 3810.8364911932385, 3695.4250343697986], "editone": [2604.060374649407, 2745.1449710870575, 2628.456115315917, 2674.3692992195706, 2627.9003204713936, 2637.132748917042, 2646.92522534596, 2673.5836974340286, 2501.8956391292686, 2708.219680491115], "editall": [2335.463999664055, 2211.871109219645, 2210.7845717099626, 2219.3845658505074, 2268.3360546109725, 2127.1457055035175, 2126.6677342910543, 2223.2150983850997, 2054.0511609670366, 2214.50490808504], "queryall": [3263.1925345580303, 3322.439634830307, 3231.9954503393524, 3254.999472688057, 3469.2882562041777, 3131.8365285839986, 3208.1648488379706, 3402.9175950268723, 3123.2731889502625, 3324.195279625176], "queryone": [1862.935530817544, 1895.5872922080418, 1710.3575811485612, 1858.7352777524973, 1981.7992075857965, 1896.5335479826224, 1961.4162734345955, 1871.8112712351647, 1819.774102381035, 1870.1050460395709], "editgeomone": [2708.5083796032486, 2608.209044154451, 2782.584117589215, 2753.0109797669033, 2906.6141050005162, 2833.6424978287114, 2765.8781625318275, 2815.657947375147, 2665.0740193512634, 2621.532612721573], "bufferone": [1603.7129385591868, 1597.955865724439, 1559.002973439015, 1600.508180902488, 1601.7734764349395, 1592.8222628674241, 1609.1874039268619, 1606.5128534681264, 1541.7012089998225, 1597.3379750318913], "editgeomall": [2638.046272284857, 2667.239695911911, 2727.6887664247383, 2560.93210806504, 2717.499363789459, 2753.5462515145514, 2934.2687026432704, 2684.8269551340586, 2832.693818228564, 2666.8523651014134], "bufferall": [4395.045535889426, 4258.269431196204, 4390.153436260873, 4415.4137371019915, 4181.990240206008, 4270.861004073762, 4307.2168106917725, 4130.715520723534, 4296.114342860473, 4320.431612099458], "decode": [581, 927, 1196, 959, 1025]}