{"editone": [252806.19741077637, 257212.6878261657, 236883.2233108449, 250403.54208254002, 242637.55713540103, 235400.8409532562, 237801.9117131845, 254563.1402794998, 248348.0626102719, 231976.92756191784], "queryone": [4742.672972983126, 4638.916818496422, 4487.341037254054, 5003.26146403499, 4250.217777898461, 4653.561389366399, 5074.355135404873, 4961.062783124262, 4515.611244348068, 4788.465403034323], "editgeomone": [268525.4511497933, 250243.7757671233, 247915.33219460936, 257254.48369478533, 256437.68997684246, 255816.656766456, 251968.01252438358, 245260.63430031267, 263049.3689490481, 252763.96290719506], "bufferone": [2067.103921419813, 1917.2273442316937, 1923.2198008794778, 1973.926831890878, 2008.9485251395822, 2158.1125818522987, 1999.3479135062178, 1990.0038253950459, 2137.9656746181245, 2003.6823505883092], "visualise": [271724.4669462323, 274040.1423408635, 270088.72691150696, 281608.8484373307, 280262.99972218275, 268496.49048893305, 276212.99232853274, 265462.1847530358, 279878.0221607676, 269230.9939352643], "editall": [357419.755135553, 356208.5155835788, 371452.8081672351, 344085.42929898005, 352336.2079520302, 352334.8711678369, 323792.2926727723, 358205.7000501625, 346977.54281328025, 344491.68598487333], "queryall": [276797.80503888224, 274667.3422470412, 272960.2157611476, 287847.9965614063, 275585.20804072317, 279208.621762516, 282137.0528157011, 279923.5042042819, 266574.697034499, 264630.5471403773], "editgeomall": [258906.64664944494, 262503.3831050416, 246092.42441257887, 246548.7870705386, 258662.49609871037, 262818.85980904725, 249565.3468831245, 263683.00733673666, 256527.39121454023, 274844.7915642595], "bufferall": [30707.60488952536, 30536.3196986093, 31630.997321665764, 32597.266203564308, 33307.898209394225, 30568.99537090894, 30890.661252305967, 30433.23106564793, 30399.227657422056, 31160.542989314697], "decode": [4455, 3782, 4384, 4001, 3906]}