{"visualise": [2371.110988466725, 2473.981757750824, 2418.457473575437, 2444.8325609084204, 2333.163906718752, 2407.147709139282, 2407.7004141946127, 2319.161268158872, 2363.660187838689, 2447.2326512961363], "editone": [1733.6652746863724, 1649.4595679348754, 1652.6015852319358, 1799.1222336362166, 1737.22084647532, 1665.1461327409706, 1733.752356057228, 1722.3161554404649, 1732.2337548199266, 1615.8524919829565], "editall": [1606.0894762341188, 1620.3943931390284, 1600.4103570307002, 1554.3321819178045, 1620.89462220859, 1651.4210002606633, 1608.0578470247158, 1596.5803986163749, 1640.7262428303336, 1626.8556482063225], "queryall": [1764.68769738203, 1803.3322822303378, 1730.9899392602972, 1750.5020135503876, 1755.0338825475776, 1793.9709392512023, 1810.368918327255, 1750.8426418874944, 1822.6589835761633, 1778.1207707827948], "queryone": [1595.3342979971017, 1596.3924678195085, 1573.0127048334484, 1601.3431450042547, 1654.464677365921, 1487.8857696205773, 1547.3159722110934, 1490.40605205506, 1509.4093919162244, 1523.3485239080974], "editgeomone": [1623.836799295784, 1711.0935713422602, 1575.5707386986696, 1728.8396462156675, 1703.3661047549979, 1686.556095357411, 1720.2442071950206, 1795.5104348851703, 1656.3312515660218, 1668.1141178164376], "bufferone": [1498.605978174965, 1509.7579693913633, 1495.899986183244, 1531.9716443894267, 1552.629418400624, 1516.6819949653493, 1511.7263390739374, 1550.2806109850337, 1522.381973763327, 1528.1669132118334], "editgeomall": [1655.3255199002238, 1719.697616804978, 1813.227284807923, 1640.0462661316258, 1777.0641382333938, 1566.1994274519134, 1672.023844693545, 1717.5834268253889, 1794.3042463969164, 1714.6264022293217], "bufferall": [5016.0522790449995, 5243.893108956177, 5238.473705069064, 5012.022330332519, 4916.566876262141, 5262.436905939262, 5283.954867442487, 5097.027279334813, 5084.498027313733, 5036.05154277208], "decode": [675, 521, 379, 455, 458]}