{"visualise": [3623.9321204527478, 3798.632295597147, 3986.1330558201907, 3867.213946913075, 3716.672170395782, 3651.640787369718, 3588.6486081966564, 3571.814250374691, 3635.344700768129, 3699.6206804710514], "editone": [2748.075131247609, 2564.076918185213, 2616.069273207067, 2693.925748952008, 2625.0299165581914, 2785.7889144062356, 2575.4838205514175, 2676.7613921266125, 2676.9930494318382, 2762.5853041644727], "editall": [2120.606360561209, 2080.8767649601837, 2119.1773211423106, 2072.12734829641, 2102.2259188800335, 2147.491786760409, 2199.63398888399, 2140.73521383433, 2253.3280746621786, 2270.5741892432397], "queryall": [3251.760731046658, 3380.0724022882887, 3317.938839485565, 3161.6484976582774, 3238.2014166617505, 3271.26068440204, 3514.2827604541435, 3004.396797600156, 3067.461597332269, 3251.704355880812], "queryone": [1863.8513900780313, 1827.6743861895034, 1790.7668435692756, 1786.2177316161476, 1785.9473515719387, 1817.43410813735, 1768.1227648331617, 1809.3019152786042, 1880.5515866681922, 1901.4123981437363], "editgeomone": [2455.5540003154915, 2850.4784179718126, 2774.5699456855536, 2699.8296733856128, 2687.6973493775495, 2788.5697404871594, 2710.713931878621, 2532.830916367766, 2826.504292857973, 2560.9831435412502], "bufferone": [1520.7947772523207, 1583.023550203713, 1571.0532838893362, 1534.1695958536818, 1553.7296029088718, 1553.6724324168897, 1566.3730201077005, 1616.238389851003, 1611.436335932809, 1516.8594732635347], "editgeomall": [2742.8476722746254, 2679.6164907744055, 2750.784438736222, 2624.425844659473, 2681.0870748726443, 2851.764547292206, 2725.1528393679873, 2733.16342612356, 2886.4763634717474, 2726.0864127871546], "bufferall": [4132.7105574803645, 4230.894356639062, 4294.326654346528, 4233.60370083216, 4176.66735219099, 4124.264842805981, 4213.879181137438, 4278.9181869406475, 3925.3361728396158, 4239.62745504097]}