{"visualise": [2261.6195196453864, 2370.127400729799, 2219.8211538100245, 2387.680911706375, 2325.422913800962, 2314.272983533702, 2387.974198072635, 2262.022142786439, 2336.2305949911756, 2411.971037636359], "editone": [20804.378685119955, 19871.778975939458, 20095.50057207435, 21231.730410040003, 20043.657054524152, 18166.179852692814, 19682.323884744845, 19603.497403965834, 19709.515410874526, 19873.28521466401], "editall": [1637.9506286243402, 1633.9799681203551, 1608.499380983459, 1648.9438668956805, 1596.77139576586, 1653.9301549524837, 1694.2115494510092, 1658.2170293162446, 1530.8947903247604, 1580.9500497492709], "queryall": [1877.8953305694245, 1866.0623904740803, 1884.875879095191, 1847.5003261885136, 1832.1140583640304, 1811.4192342123217, 1824.0086608464878, 1889.3039577064412, 1826.1741831351394, 1724.1927281961875], "queryone": [1578.4787237205055, 1631.2065092457474, 1553.9913150010007, 1568.9554335971545, 1542.6931489761675, 1579.9106437978626, 1559.2037370199632, 1557.0124494317108, 1542.126454485326, 1592.2893828543115], "editgeomone": [1610.1572859738235, 1684.8439161626122, 1703.597103509432, 1620.4066855328208, 1703.7086113203613, 1727.0045442734984, 1684.4461863097863, 1726.4932647909777, 1720.8574420426892, 1703.9786199893595], "bufferone": [1588.771427163747, 1547.7877029697577, 1538.757820474225, 1529.8535824571857, 1589.488617769123, 1409.8027247288542, 1507.3938240765287, 1585.551042763297, 1558.3023897856672, 1610.3450965674326], "editgeomall": [1710.9832959050486, 1681.7576010476766, 1722.665847378483, 1794.2283547881557, 1780.5365237348863, 1662.6192670306864, 1750.4873582462626, 1705.1660074139436, 1776.330618059236, 1853.4146445373585], "bufferall": [5461.478011219853, 5074.8709045569985, 5221.666461752887, 5059.235859087234, 5193.013476922776, 5145.511803165803, 4874.13550650281, 5182.605861510252, 5398.657878155787, 5387.21066021373]}