{"visualise": [6704, 6883, 6463, 6626, 6664], "editone": [5611, 5896, 6142, 43626, 5678], "editall": [5074, 42312, 5106, 5539, 24515], "queryall": [5844, 5939, 5913, 6003, 5872], "queryone": [5819, 5484, 5447, 5377, 23255], "editgeomone": [5332, 23794, 5609, 6293, 24389], "editgeomall": [1591696943243, 1591697347290, 1591697409970], "bufferall": [29158.694047870962, 30462.79138284293, 30069.799465294116, 31082.92155507148, 31516.085324103762, 28364.003532702267, 31395.373621619583, 29933.075661143695, 31477.40414936642, 28678.57063732084], "bufferone": [9960.043998242694, 8906.312809549525, 8837.688026145728, 9126.102156770936, 9636.38911443378, 9376.786565729386, 9045.855786045642, 9096.120778104383, 9368.14523293192, 9066.61200903481]}