{"visualise": [2673, 2033, 20854, 2600, 2512], "editone": [21048, 3110, 2481, 2215, 20526], "editall": [2441, 1857, 2312, 2611, 2393], "queryall": [40064, 2561, 39729, 1591707101232, 1906, 20193], "queryone": [2048, 1832, 1751, 1920, 20537], "editgeomone": [2095, 21039, 2595, 2428, 2660], "editgeomall": [1591707603721, 1591708297107, 1591708416990], "bufferall": [5655.994483703616, 6006.828117681598, 5919.6497431380085, 5647.460816631256, 6008.380971701443, 5986.806024627624, 5638.014340973208, 5696.391713540593, 5969.671811162949, 6134.698800916346], "bufferone": [1668.2541993825223, 1609.7084506159729, 1655.4039267520834, 1663.7705738340876, 1726.5912747553555, 1652.9263270475599, 1639.0072283666832, 1742.352645559677, 1694.442429731143, 1658.2787843324832]}