{"visualise": [1591710272045, 62605, 1591710364184, 62278, 62215], "editone": [55517, 55402, 55304, 54763, 54813], "editall": [49584, 49562, 52169, 68515, 49660], "queryall": [49503, 49410, 49984, 48918, 49172], "queryone": [49054, 49138, 49332, 49124, 49839], "editgeomone": [55085, 99169], "editgeomall": [1591711982468, 1591712610532], "bufferall": [1238870882654.28, 1286544046852.2385, 1248428181940.343, 1316873368428.2717, 1257174850835.707, 1284151013345.921, 1212246126936.7256, 1336568619160.5574, 1235286155140.6714, 1358163195595.1418], "bufferone": [48029.19782501405, 46035.92349504738, 48819.40608019683, 48627.3652480149, 48036.16570438839, 45793.71768156962, 48665.20427476035, 47546.19327484485, 48800.566875830074, 48665.27116830129]}