{"visualise": [28225, 30156, 39165, 48029, 26895], "editone": [33067], "editall": [15315, 30108, 12149, 11366, 11558], "queryall": [11470, 11438, 11502, 11126, 11489], "queryone": [48706, 11490, 11489, 11945, 11369], "editgeomone": [12747, 12709, 12601, 12729, 12318], "editgeomall": [1591709310939, 1591710090940, 1591710203693, 1591710204422], "bufferall": [1293823106108.5042, 1305018369017.6897, 1294183151838.1519, 1270274108690.0002, 1238307436378.8467, 1307984574844.9858, 1264769222413.789, 1248725970723.5642, 1220784158646.0088, 1286656911139.1467], "bufferone": [11811.944584527519, 11585.53117070524, 11748.81703691264, 11407.60179589184, 11261.988958610884, 11428.799459799642, 11514.357486310886, 12149.625957660966, 12084.654337977789, 11511.03208743473]}