{"visualise": [2492, 2499, 2336, 2228, 2072], "editone": [1987, 1920, 1855, 1824, 1770], "editall": [1733, 20135, 20255, 2014, 2102], "queryall": [1935, 1894, 1925, 20447, 1891], "queryone": [2059, 1974, 1674, 1734, 1697], "editgeomone": [1831, 1856, 1894, 1845, 1911], "editgeomall": [1591696124897, 1591696397500, 1591696412038, 1591696412443, 1591696414164], "bufferall": [3457.578584324786, 3415.7141198587165, 3435.920898935801, 3494.9614425581713, 3604.6283598447303, 3503.943561669447, 3566.6503821030624, 3367.1880488912575, 3154.1501465377105, 3427.6615198021404], "bufferone": [1496.7145136269417, 1432.9378380204148, 1441.4861722641083, 1509.5581837153136, 1595.2753979716567, 1565.298171178514, 1474.3678202558617, 1599.5593162050632, 1497.730473531181, 1462.8693834938883]}