{"visualise": [3820, 3228, 2879, 2702, 2742], "editone": [20999, 4631, 2800, 2403, 2577], "editall": [2253, 2161, 7640, 2489, 2201], "queryall": [2312, 2292, 2206, 20816, 2587], "queryone": [2523, 2441, 2413, 2421, 2358], "editgeomone": [2650, 1591697735120, 1591697741220, 1591704547884, 1591704554976, 2465, 1591704687672], "editgeomall": [1591704694161, 1591704761964], "bufferall": [6274.9905899063415, 6462.5047429322785, 6137.450144547717, 6271.054147381182, 6053.303282012708, 6552.884361908655, 6112.57637263261, 6560.712641405814, 6354.203013948231, 6403.574848798911], "bufferone": [1898.7625895983804, 1863.7938230720388, 1852.5774220840028, 1791.9200660212007, 1898.5319005926249, 1932.2593232597542, 1730.4363130141169, 1817.3273383148728, 1866.3493613346345, 1899.1127841126145]}