{"visualise": [1787, 19876, 19829, 1371, 1474], "editone": [1286, 1365, 19685, 1356, 1421], "editall": [1860, 1810, 2020, 19918, 1911], "queryall": [1544, 1553, 1516, 19738, 19651], "queryone": [1230, 1277, 1326, 19611, 1306], "editgeomone": [1405, 1486, 1395, 19960, 1550], "editgeomall": [1591695590209, 1591695732647, 1591695749303], "bufferall": [3122.387018588279, 2992.246253095098, 3127.9034105265127, 3082.319724241968, 3133.682085020771, 3174.342682049285, 2893.3475812582315, 3102.9544659293488, 3197.44452495781, 3124.6348717656924], "bufferone": [1295.2274376794162, 1388.006907909294, 1292.141069319612, 1278.8355151797032, 1337.3143640024437, 1345.2079077972996, 1372.479571663122, 1417.058834497543, 1335.9137692698562, 1361.1324017176314]}