{"visualise": [23711, 23897, 41740, 23374, 23045], "editone": [21372, 21433, 21396, 39969, 21464], "editall": [19501, 19696, 19496, 19752, 19722], "queryall": [19911, 40650, 23621, 21874, 22142], "queryone": [21512, 22078, 20890, 21046, 19448], "editgeomone": [22316, 24268, 26008, 24627, 24739], "editgeomall": [1591705791914, 1591706213513, 1591706350183], "bufferall": [-1, -1, -1, -1, -1, -1, -1, -1, -1, -1], "bufferone": [16748.814304638665, 16568.21375717604, 16414.5649790945, 16499.907196753884, 16927.844826081804, 17140.812199765955, 15827.33618073861, 16008.442081687366, 15875.9240431888, 16707.459733356984]}