{"visualise": [38140.11297330654, 41881.22324145156, 37787.98318615645, 38031.061109605485, 39347.28653146827, 36538.283038224195, 39953.716249696554, 40032.07697293112, 36954.47279794219, 41043.54802384304], "editone": [25247.990896606752, 23986.599569519025, 25150.99052605659, 22731.300192100698, 24016.47881823793, 23893.44893644952, 24051.723220473723, 23866.673534376565, 23734.766919421094, 24679.231341525337], "editall": [7878.577786852016, 7559.828693778513, 7615.905591599597, 7630.259544679192, 7926.043104342633, 7468.297333367569, 7971.258180612518, 7596.989370110175, 7704.7692062379865, 7940.96932856853], "queryall": [12278.69601709041, 11765.967010085082, 11278.461200133452, 11444.345173111642, 10548.112930724346, 10605.266683798027, 10905.457123571741, 10749.8131086473, 12082.250274120848, 11030.896694723517], "queryone": [4414.502190463214, 4329.05164114561, 4487.518508398458, 4200.2198154106245, 4049.7865259097653, 4293.816078770002, 4219.342318228291, 4184.210408381469, 4540.738721358757, 4381.210002608005], "editgeomone": [23501.9197716853, 23683.21904433976, 22582.519673189498, 23692.867408867925, 23743.132960631992, 24117.975413930926, 23881.175891118524, 22587.98540931388, 23574.54152947295, 22905.563451808484], "bufferone": [1298.4211301515681, 1263.5995727780603, 1316.2867550391027, 1300.1634995338748, 1336.9094264965736, 1304.873271602207, 1318.4395661888193, 1352.4703139535652, 1287.8956297465866, 1220.9793882488557], "editgeomall": [24451.912267716285, 22929.876696046776, 24063.962353030056, 24748.588309247807, 23853.396203985776, 24617.02763118498, 23956.10899988266, 24731.88320055377, 24027.40662782065, 24746.601249359108], "bufferall": [32074.210049206526, 31136.336141366915, 29809.81595667932, 31046.16598313847, 30881.66570573213, 32478.39216570655, 31618.930862487825, 31901.830194316997, 31068.186506870406, 31273.279053859886]}