{"visualise": [3402.1666839939894, 3848.38547082018, 3611.421883196295, 3794.5849187384138, 3590.1625804606565, 3706.1297748947027, 3515.1231596943016, 3762.271434079677, 3603.9673588739574, 3780.5849705449245], "editone": [3390.1176132543055, 3357.305498639511, 3260.3159436667893, 2998.734143916348, 3027.777632723482, 3265.3977770249962, 3165.880896526837, 3273.876822366346, 3066.859847234021, 3183.2287796118876], "editall": [2114.0489368321205, 2049.0400397489107, 2098.6780042754917, 2206.0074673989893, 2046.347532721991, 2214.081874720704, 2103.6666106747257, 2032.6112980616454, 2113.5564747671137, 2207.954114324588], "queryall": [3872.6774883769726, 3834.8172161664356, 4007.5535476555856, 3985.7342294294467, 3986.309997583706, 3796.9724061127513, 3777.5190901236238, 3921.7000677620817, 4120.442657045222, 3849.4092396694373], "queryone": [1372.3185094808123, 1437.6234746987743, 1375.1440576487332, 1262.8654498226033, 1368.8932860035961, 1330.3592243804903, 1271.2864601137742, 1267.6224204001965, 1254.4868373219788, 1327.2147340833371], "editgeomone": [3380.770891662792, 3424.089687881075, 3273.398605930317, 3141.2616056467646, 3323.427086227067, 3333.611533361817, 3393.3396426752497, 3341.8953522795805, 3197.198091071722, 3091.276496261415], "bufferone": [1050.2795410182537, 1100.4994715476087, 1121.4406776823519, 1052.315443916921, 1094.5581856947106, 1078.0704609911024, 1107.7275231464512, 1129.9680092284239, 1109.3066537932586, 1096.0025271758805], "editgeomall": [3186.0059339920545, 3014.0620310185577, 3217.0970995150733, 3135.8108159053813, 3127.460971465099, 3347.5676554210736, 3172.3057671047827, 3021.199633459025, 3142.8526476806264, 3125.9133896867793], "bufferall": [2997.792075196565, 3063.653111116804, 2889.6607314332023, 3025.9891681532813, 2919.409576798287, 2969.588497693883, 2846.8660556598147, 2984.7954139779786, 2935.796013509937, 3014.161462333516]}