{"visualise": [38887.482281544355, 36422.447148966196, 36773.821574439964, 35616.56237850131, 37464.95282206787, 38341.50094781968, 36370.67882708166, 36020.632093427856, 37224.020344385644, 36573.30966782672], "editone": [23505.58511050587, 23291.70775653861, 23501.4947740042, 22382.066706710866, 23826.386776604875, 22663.590953322477, 23986.360584077185, 22903.820697769304, 23309.219860099067, 22571.618027432887], "editall": [8020.179242951973, 8333.53957506532, 7736.245284896527, 8229.846810259769, 8213.955100261142, 8318.641066656988, 8216.740654536261, 8066.411998422406, 7969.030628233168, 8026.872858109257], "queryall": [36357.01238012479, 37200.18312768669, 34911.11776188793, 34549.88423458556, 35048.256550502636, 35452.26055572976, 34425.410721695116, 33880.41866057673, 33579.50875030615, 35715.62249909242], "queryone": [4492.714757063239, 3994.7489999733325, 3664.5135281821367, 4301.346756215107, 4275.494199941473, 4257.505257247959, 4202.3183832172335, 3983.464956970866, 4206.307331761212, 4190.445305328431], "editgeomone": [22662.340782632415, 24139.96399887441, 22154.250736815557, 23941.04370399181, 24154.707957129827, 22897.744636249106, 22642.01141511691, 22038.676378298733, 23752.53820018344, 23954.645860566936], "editgeomall": [25048.179014094105, 24752.185910076332, 23992.098569827747, 23621.103951106157, 23465.004662690688, 24616.291636632406, 22564.986361252122, 24455.967836208853, 23584.06563767682, 23096.65821443407], "bufferone": [1221.4821661806632, 1276.8781315273895, 1307.4353306259422, 1263.5825365822018, 1305.265884634382, 1186.5727836624794, 1267.0117961477158, 1354.7175467165166, 1313.4558405809637, 1237.3850383235242], "bufferall": [32481.861751747096, 31501.880381846342, 30800.178205349304, 30632.104355543353, 32727.662013153702, 30250.41115171085, 30871.051371426674, 30155.727009810522, 31600.68881722219, 27865.880683107465], "decode": [889, 939, 945, 888, 900]}