{"visualise": [2291.1921104181465, 2283.726130709172, 2328.702784461866, 2366.885288570797, 2331.562495159964, 2346.7446644696747, 2406.0518903003554, 2320.1649590081242, 2338.0868246333116, 2231.4167910893366], "editone": [2207.4308863203564, 2216.3300121650805, 2224.2689486642466, 2237.042498562022, 2276.7682547923914, 2204.854839843605, 2155.118762325858, 2275.147613757501, 2082.5121331275795, 2234.2074417635718], "editall": [1356.3177720775868, 1400.6468631133387, 1388.0543877940859, 1387.267097989456, 1275.1938326419504, 1278.0838239100772, 1366.9921555885508, 1286.0202026367947, 1385.0589800169003, 1382.3254774968461], "queryall": [2412.5680613960258, 2375.451167627011, 2327.4142469287835, 2314.739373288306, 2357.885033533777, 2429.1662280769747, 2313.6900568659644, 2450.931321474169, 2301.631030818124, 2316.6961054284648], "queryone": [1204.2219656580367, 1179.7217655774507, 1211.051286347366, 1169.0470623842987, 1140.9240694340388, 1188.5110412899442, 1245.8919535359285, 1248.8319015220652, 1181.1177687585962, 1169.4071347186352], "editgeomone": [2167.117328236938, 2217.533470600142, 2126.3497804165663, 2149.5963215998518, 2153.5548203651033, 2142.0484136470445, 2259.3232121504248, 2295.2977050418067, 2214.767319674372, 2099.442814263234], "bufferone": [1128.9766157705096, 1114.661149319829, 1027.311910667681, 1137.0858070969466, 1019.2212356964413, 1064.4544700770173, 1093.4418096934057, 1058.6188414998412, 1095.3422975417245, 1119.442732726613], "editgeomall": [2093.230912691079, 2210.748270053788, 2042.9518978754113, 2242.8689026190546, 2163.193718005129, 2146.6116311468463, 2176.8209816848694, 2022.2360127632528, 2181.5558457038014, 2208.194236669454], "bufferall": [2788.8388376793605, 2735.3194248403997, 2835.7667807364733, 2692.5453487532, 2842.9044038477414, 2863.87338159403, 2562.6054608998556, 2756.1192119237317, 2850.105741679941, 2688.3750763076605]}