{"visualise": [38202.536831990576, 39839.608666510416, 41311.35863503791, 40051.779748196335, 41543.09208770321, 36792.2423267999, 39120.011235079, 38622.145621425516, 40373.5123627986, 38556.12124831529], "editone": [32345.68879234756, 32994.18815964518, 30026.351471807528, 29872.126643262876, 31802.457904363182, 31155.623219451085, 30248.01358127059, 31815.24770102811, 31788.96286305122, 30244.268508568417], "editall": [10484.027972348216, 10433.250253691984, 10457.53207443227, 10477.921294497666, 10301.35313965923, 10192.146824033898, 10389.178555976483, 10351.92190668444, 10374.716309992933, 10148.607416924537], "queryall": [49816.241067413845, 49029.267152839966, 51345.28511279671, 48540.380120800364, 50854.99730638443, 51655.07325071565, 52078.07112933269, 50756.12770450404, 50719.55799285054, 49492.725477897075], "queryone": [4816.340017431567, 4753.277599275143, 4433.578842536987, 4751.851888035606, 4550.316194934314, 4944.556044632817, 5006.074247797715, 4672.338339200068, 4944.390006045658, 4949.226877942718], "editgeomone": [29330.186742306578, 33543.55324961654, 29956.666417749282, 30919.904995950154, 32197.542984891177, 28851.175298845326, 31417.240251440813, 30168.040348853174, 31169.02806887382, 31888.959588987454], "editgeomall": [30530.28453124847, 29784.60095746697, 30280.286859254844, 29554.12938615462, 28879.10999566398, 31191.35149130193, 29963.42943963155, 30866.435294082516, 31185.03418386183, 30833.985994244358], "bufferone": [1433.8304345955187, 1345.7502397904448, 1322.0456047548428, 1450.1186482629873, 1441.089116540259, 1377.270241103352, 1398.634208750215, 1372.0009434659632, 1394.1268931233708, 1355.3024801586325], "bufferall": [45399.14548077593, 48752.254676731034, 46687.60491701436, 48187.56093486485, 46011.52739094122, 47008.764348746656, 46629.61524020103, 48312.72737282162, 49669.84970789833, 49654.05510248859], "decode": [1587, 1593371092798, 1528, 1510, 1559]}