{"visualise": [13938.657027212774, 14533.648409302106, 14358.746358629318, 14149.95682050539, 14489.813150179696, 13704.789810481287, 14413.124069241798, 14006.28149204113, 14307.53738306009, 14070.363106353752], "editone": [11710.112330451842, 11208.699832306205, 12121.630349210436, 11791.841036186663, 11934.993210099305, 12438.17242946421, 11299.434918553856, 11976.238461687954, 12400.821601847374, 11715.651668182181], "editall": [4002.074968168251, 4035.4626803909646, 4015.7052148437706, 3754.0142753102764, 3940.01830660384, 4013.5899063915926, 4006.061179758361, 3748.301513296117, 4272.099379482816, 3988.4068998279713], "queryall": [17463.13424756024, 17729.024639259358, 18583.178888822644, 17616.748181234136, 17241.037729027063, 17817.942108621068, 18003.016885355897, 19149.09522038741, 17290.626945395037, 18855.222646779002], "queryone": [2117.0171736296525, 2142.840253586773, 2210.639708718811, 2275.39725292856, 2188.396686315421, 2199.9162438066496, 2297.4525269785872, 2259.029832330134, 2175.738677212933, 2169.5289513332395], "editgeomone": [12326.101903380357, 12323.561882261281, 12459.670111847043, 11875.668480036838, 12608.157148356455, 12695.794102272199, 12414.274510686611, 12117.72124189422, 11742.228311425053, 11969.022291033953], "bufferone": [1205.273702874074, 1139.5958258246965, 1137.312569503025, 1100.230089376869, 1179.1725219045288, 1191.1437152444737, 1131.2946692500407, 1209.805217775468, 1072.7716253945473, 1220.7164342540182], "editgeomall": [12748.067002027787, 12368.137852111786, 11827.490160368323, 11778.128572843714, 11702.609523209132, 11709.49310005849, 11760.53607382666, 11657.57154541707, 12115.128383454774, 12454.249178145712], "bufferall": [22285.15195384997, 21400.83272564737, 20885.88500358678, 20494.08762723202, 21765.593434094844, 21457.889317250334, 21513.872463257507, 19951.872810283727, 20920.683768116716, 21316.54338175938]}