{"visualise": [1621.1636876750847, 1467.3471517184717, 1547.2991706531539, 1669.1639347971868, 1567.1100671363026, 1597.2548230199645, 1514.8625591999835, 1625.6957615512129, 1548.422012516332, 1687.171323890281], "editone": [1417.520649415034, 1528.2007511997256, 1350.446635553528, 1437.1150265715837, 1471.3939918327078, 1435.7177771599333, 1434.9483895142785, 1488.6223076359381, 1464.2144899694533, 1431.886495903592], "editall": [1109.5979862157933, 1191.0016839277394, 1189.3716930303663, 1189.036703076616, 1177.7609854751163, 1172.4311341452592, 1137.8915482154778, 1158.2575830063427, 1190.8699961680286, 1237.0141421075102], "queryall": [1633.3664315409546, 1606.1743441083786, 1532.9326701318137, 1617.8537589798218, 1508.3236828229578, 1581.3232290544036, 1533.2185641192611, 1555.1381178643023, 1533.6634323899189, 1671.3280381083532], "queryone": [1121.1500718651423, 1132.8514557834199, 1144.2167640288467, 1074.25912545651, 1052.5185058135462, 1148.8991096519924, 1185.7618534076182, 1139.7473022506947, 1058.5000276723247, 1080.3191337303476], "editgeomone": [1365.0094742710398, 1501.2645085756408, 1454.2257226264455, 1481.7396126568353, 1440.0362598756021, 1422.0690965763263, 1432.0962917065956, 1423.6223058455384, 1480.3789856526528, 1455.3954847389268], "bufferone": [1140.8363123575027, 1106.0065803692098, 1053.2347933658825, 1027.9394296440553, 1115.8040313314496, 1069.9058204479397, 1105.1226556606157, 1124.8238038528248, 1052.0047009031784, 1100.6165600247039], "editgeomall": [1451.9969902438008, 1405.6421017981486, 1398.7428297155661, 1490.87719223983, 1406.9213080220406, 1384.7597817397823, 1397.5142885466532, 1371.7562087448791, 1380.788653433386, 1489.2568029245103], "bufferall": [1905.7774964141074, 1912.0742001755136, 1920.2340464820804, 1901.7259448986042, 2034.6149667778407, 1921.3155368592886, 1929.4448605499315, 1955.5293993816795, 2052.237879587517, 2002.7752173396605]}