{"visualise": [2134.5781204733034, 2199.1354159233024, 2229.419707547325, 2160.410957395826, 2168.379361398852, 2274.1183657395727, 2273.0689701365072, 2138.0836456944626, 2043.0007023124942, 2231.3591204394797], "editone": [1847.249239474654, 1838.1670618976686, 1911.8777655007386, 1880.6343348778491, 1918.0084261373295, 1841.4433168884736, 1924.892010983073, 1859.6036414028897, 1897.023017966602, 1889.9272158323047], "editall": [1368.8280776204274, 1383.2384106040113, 1398.8433269281554, 1455.6663813134126, 1434.3549309134612, 1408.0302172706809, 1379.4170707617004, 1395.6438990123554, 1462.8410967604848, 1441.3531416637616], "queryall": [2421.0878194421234, 2353.6876947347578, 2207.570613424506, 2237.2154991050174, 2407.384309604118, 2296.3329526277566, 2113.9495305236624, 2242.0230723562127, 2259.110516295803, 2340.702844975758], "queryone": [1204.300204048303, 1148.8155434906657, 1160.4344392642156, 1158.2828230404612, 1128.4741900521335, 1136.0740331377638, 1148.675066452079, 1157.9355194681843, 1112.485444359278, 1174.3212579531898], "editgeomone": [1973.8111995603876, 1985.7844632522713, 1748.943261906946, 1982.6455347926767, 1862.5476676866092, 1933.0575235220483, 1926.8542636814052, 1857.6280946730437, 1882.887925548197, 1928.9703720022214], "editgeomall": [2084.8040553960136, 1950.7235585437786, 1912.2608272386917, 1918.424823946946, 1775.5575603802872, 1951.7684944253476, 1967.6297816726296, 1926.6769830055807, 1974.461195887989, 1932.6263371857149], "bufferone": [1049.5322020508333, 1047.708110606605, 1117.6426704567964, 1052.597157364701, 1114.4331516101952, 1018.5962846576891, 1094.9113099723095, 1042.7005888527751, 1070.6485461567079, 1058.8229706858338], "bufferall": [4127.915190992579, 4362.4019640934375, 4196.356445253003, 4238.512953253515, 4049.36280529881, 4066.9901432255833, 4258.179540649288, 4216.800323689054, 4301.0298007746205, 3882.9105539693155], "decode": [122, 143, 124, 123, 147]}