{"visualise": [3752.8271530604416, 3685.5108833764684, 3824.762678346646, 3816.086566455348, 3736.7726081754095, 3492.7066747600397, 3641.1951050232447, 3996.430017558741, 4171.565018743895, 3931.303494280894], "editone": [3255.8515230287226, 3201.9289964778145, 3318.5390791900436, 3344.737809514972, 3406.5270513176065, 3234.3302709797863, 3317.5013377601304, 3249.7007299845136, 3104.9195919324566, 3167.926447431898], "editall": [2137.569374692725, 2159.984923832001, 2054.7727895572216, 1964.253028152495, 2127.6448878624346, 1991.0844376944265, 2084.726344895409, 2012.8715036833655, 1997.9730163029321, 1936.4004373422285], "queryall": [3831.94499471001, 3836.9768280066273, 3745.18509957166, 3640.660525490129, 3729.16575445732, 3807.5821130843015, 3763.4238448910764, 3764.8060899419193, 3793.699245498799, 3819.8343537109413], "queryone": [1470.6718466853533, 1313.2808886077194, 1422.5971072260838, 1372.94573994414, 1346.106196861867, 1404.6274569166426, 1352.246590183416, 1336.0285961363259, 1313.3222022590435, 1392.0620951655935], "editgeomone": [3220.2155993180495, 3379.3754777773133, 3177.784956829738, 3214.8365688779277, 3260.049861685179, 3456.0379631944734, 3252.2705159005227, 3325.3491669326136, 3243.8257615869948, 3299.5283575200115], "editgeomall": [3175.9919168154233, 3050.3423095330404, 3143.5020932601683, 3093.382104655134, 3365.0720788571657, 3070.4277626660873, 3074.0406697150293, 3253.733172623243, 3170.864449169283, 3179.6112318478686], "bufferone": [1113.186796437619, 1066.7481597561696, 1024.401431562899, 1151.2849271504679, 1098.5389830517647, 1084.8939032696446, 1078.7911312724264, 1123.0959035336716, 1005.7728972170901, 1117.136902560302], "bufferall": [3109.7806037207374, 3332.767971546571, 2985.7617076448614, 3300.919484821259, 3132.4786263213127, 2925.9386483725975, 3216.921401842743, 3186.077307366464, 3058.2782447273876, 3161.7581612607937], "decode": [159, 159, 171, 190, 163]}