{"visualise": [2527.5335304472433, 2410.160933900218, 2496.1284826697365, 2455.200523746216, 2184.5699889434445, 2238.4674965904383, 2334.929264354748, 2611.0586746122513, 2488.4951569760965, 2581.243805816693], "editone": [2229.5439487657904, 2149.845465546459, 2224.8750975523585, 2134.740973442725, 2125.9683256858193, 2181.3124307341486, 2093.527775744726, 2074.97121141735, 2259.3594510309167, 2135.863861063321], "editall": [1432.480011353823, 1307.1945166593941, 1364.9574149568593, 1291.2217564913117, 1367.2019819931033, 1250.6666758096126, 1325.1926521904693, 1385.5548148902647, 1328.657458389705, 1345.2029575486624], "queryall": [2266.2554331036854, 2287.635327877238, 2265.974651935932, 2284.7466906786663, 2441.3059144530876, 2359.4562363802074, 2249.813324053549, 2355.12710591141, 2277.313146414286, 2372.592671227591], "queryone": [1219.2646701917934, 1207.0149715107473, 1150.7343679955038, 1224.975663245639, 1204.249799370047, 1199.2925146730277, 1117.6708332588803, 1242.8749974866232, 1152.1944633202124, 1174.0445728929212], "editgeomone": [2127.0665628971938, 2163.094511191643, 2224.7820128149074, 2165.114536640542, 2149.4545754069027, 2201.248050809441, 2073.740436887462, 2180.8235489697536, 2193.0156973688017, 2239.9907160118764], "editgeomall": [1931.7515477893533, 2139.650748644062, 2289.789001947781, 2147.855278463327, 2099.00534670303, 2181.9163561263235, 2263.6713313960618, 2131.313690947641, 2193.0721109587903, 2101.3224338280465], "bufferone": [1023.4105076735999, 1110.638823364435, 1057.7129759200309, 1067.1419384646185, 1054.2285313904172, 1012.3801529120096, 1066.359553265517, 1089.2998518093705, 1123.7416201549347, 1085.817805778996], "bufferall": [2743.280175368699, 2770.1493911944735, 2770.9298252040408, 2744.1763304722526, 2810.2859809276883, 2657.3500430401245, 2769.257536323413, 2557.61133738032, 2870.8315550593957, 2795.138521816899], "decode": [136, 138, 139, 135, 156]}