{"visualise": [35615.387327348464, 36686.45167347064, 35912.92678171117, 37653.31046094228, 36948.311949804614, 36989.85288416439, 36752.434897505365, 36843.3115858712, 36276.44102242705, 35640.89616453862], "editone": [52380.99633319474, 46917.5357920504, 48894.589906348396, 48362.627160408614, 53376.704360551754, 51098.53335054135, 52069.93019398597, 50503.23588315246, 51007.312482572874, 51269.72462419254], "editall": [22409.79822732003, 23329.76600923319, 22646.787767539987, 24771.37561897426, 23427.647138128028, 23467.613251699873, 22711.70487879663, 22501.468530322312, 24064.470765499234, 21147.579406034125], "queryall": [21671.45424682855, 22749.805965317675, 22269.362951042072, 23221.003281606536, 22647.230943008668, 21176.894294412632, 23152.48790242578, 21781.07249546389, 22325.89371165041, 21984.730245568313], "queryone": [22444.85534623807, 22818.142352882925, 22271.136133119835, 21346.394191550167, 23280.940901526454, 21795.322831738322, 22530.833081532797, 21321.89306562186, 22328.36468828074, 19949.64139322296], "editgeomone": [50124.739764693295, 48527.1322259295, 52345.32941164425, 47491.0400024387, 48781.564083250916, 49289.413020607775, 49750.4660424553, 51830.4798979004, 51415.962365413754, 50184.65021063717], "editgeomall": [50452.33542577281, 46868.66883813624, 51529.16468226445, 48326.03218578066, 50936.4633535473, 51494.90150712204, 50960.3956260889, 48041.70925915012, 49164.13602918162, 50129.614827664715], "decode": [6571, 6381, 4930, 4984, 4993]}