{"visualise": [8966.58564516912, 9314.945787242263, 9534.854780539465, 9272.104555463988, 9099.421577519981, 8965.388402554763, 8760.875395096513, 9351.32572901118, 8534.355370917963, 9263.84751658175], "editone": [6807.212965925535, 7138.482708513836, 7028.891359175564, 7099.975397506257, 7029.363553369063, 7013.802516096261, 7234.989082301559, 7352.948754440248, 7199.903560775968, 7303.070449068058], "editall": [3987.7661102287334, 4103.062659457519, 4044.30347783896, 3993.467256074887, 4078.6700025034356, 3912.8352908422357, 4134.134398582285, 4042.382333019121, 4190.789077721262, 3878.244785582313], "queryall": [12845.255558162431, 13537.278679436939, 13040.002965959102, 12369.44718982557, 13422.828372634789, 12574.375331565181, 12776.801206455126, 12819.776844433542, 12309.332047388198, 11725.675731688654], "queryone": [1836.770083226007, 1808.9502745202517, 1913.4072314912912, 1817.1882650640364, 1843.2303671138575, 1865.109986885138, 1729.490046865972, 1835.6625901428995, 1791.8263903858917, 1808.5615576484554], "editgeomone": [6977.324818834552, 7152.413035382939, 7418.326880652505, 6913.735040075481, 6928.857646500121, 7277.805637633232, 7136.477173807717, 7156.352068596218, 7304.692673513625, 7336.286884092724], "editgeomall": [6951.912899961061, 7113.022266331307, 7301.342228811811, 6748.4530842473505, 6821.0028744120555, 6989.39738579908, 7193.329021531462, 7163.191981868713, 7179.609663544441, 6961.903915466277], "bufferone": [1102.7018123602616, 1172.8857459298488, 1128.4475195660339, 1073.6727431085528, 1115.2135046095627, 1182.5480332300795, 1134.6279613232753, 1130.8149388216932, 1127.6753530717858, 1158.3342562138964], "bufferall": [15923.614533818207, 16752.409999036758, 16580.504283335744, 16266.595062583474, 17270.930349968952, 16221.056370160706, 16517.65562207262, 16742.039187433937, 17167.70007256644, 16496.258729227287], "decode": [451, 479, 448, 357, 358]}