{"visualise": [2190.550571886591, 2182.415321216089, 2275.6297706441037, 2361.999700286135, 2179.1762962820203, 2130.3380926482787, 2256.534101290547, 2215.3836079520056, 2132.7297950519037, 2318.55442690091], "editone": [1931.3793950265097, 1945.5754682550878, 1931.497802879513, 1969.2469566355508, 1951.833072375539, 1954.6116436163957, 1906.4239100671093, 1918.4987703243867, 1895.678981188621, 1832.2398877035803], "editall": [1376.2712665000226, 1406.3852488022007, 1375.0121230560032, 1485.9283572421741, 1397.5340059659986, 1388.9719353277246, 1423.079858277608, 1445.4442441392139, 1571.8999566428704, 1391.3988804243638], "queryall": [2359.846143798316, 2143.7738087415014, 2165.9892861671756, 2163.1295360871113, 2257.7645496600044, 1981.9225643765274, 2374.709750908574, 2238.0641331854995, 2327.714933325314, 2187.828085857286], "queryone": [1102.3387958061248, 1182.9562183809833, 1198.3544570340227, 1122.2495930182533, 1126.7133868233868, 1222.478266173208, 1159.9863476020905, 1146.771948326629, 1173.6735837548633, 1150.5374487330375], "editgeomone": [2069.5730008589385, 1816.385022762033, 1873.1264367911801, 1997.9680179127672, 1942.4588639737951, 2090.936289921564, 1947.0972461375018, 1941.3005475153618, 1890.0079025205332, 1876.4672004823046], "bufferone": [1096.9081850599753, 1056.6688209347565, 1095.7471630783984, 1081.6767019171343, 1048.482177825047, 1049.4693876536783, 1080.7756071739395, 1047.3000477798525, 1007.8995885089329, 1105.848468035284], "editgeomall": [1808.9169574359016, 1910.9271428869988, 1870.124072097009, 1970.5219629861488, 1893.0443896596944, 1894.2831162706466, 1943.5421899528008, 1946.9061514775958, 2019.4806952739714, 1937.272376551756], "bufferall": [3896.665036538632, 4186.30009294388, 3882.4846284482896, 4206.275783411172, 3947.7717248427653, 4051.7481970879458, 4022.0766337758096, 4049.2490181786843, 4122.110335400292, 3949.1655026689396]}