{"visualise": [47950.896036931335, 45909.23419925134, 44601.54635968531, 49091.405689971514, 44929.904059897024, 44582.95280290352, 50123.18509963086, 46520.65370334594, 49100.43131320993, 48327.61364487488], "editone": [-1], "editall": [31562.043799824885, 31256.850491763456, 33076.2020003552, 30036.156776784494, 30654.48250011685, 33536.62483173971, 30419.633157486292, 32111.340852202746, 31212.763970501474, 31846.862544005166], "queryall": [28808.57042754403, 29149.42935543073, 28271.857812267845, 28478.89576263226, 28326.922385369548, 28890.088138274295, 27846.548373506357, 27356.25338011874, 27741.046216315277, 28640.552544057286], "queryone": [29517.060095452718, 32151.776282390223, 33043.89377314925, 31397.22687849441, 30702.437675345453, 33658.84002868508, 31260.43513413302, 34016.58304991199, 30192.91198053995, 30344.467280745637], "editgeomone": [-1], "bufferone": [25815.95015481416, 25491.149336495422, 25150.413279734454, 25536.729282608096, 25962.77161595465, 26082.848706758457, 25183.82205707717, 25580.957454966494, 26677.31699578563, 26052.14231610491], "editgeomall": [-1], "bufferall": [-1]}