{"visualise": [1491.615591236115, 1555.20629188232, 1483.7305335836063, 1632.8315369861177, 1487.1148413867575, 1525.3353773428883, 1497.362897059364, 1576.7924369039242, 1548.6150169687003, 1454.028553423738], "editone": [1480.5168438541114, 1488.0003720046907, 1383.5363603146757, 1398.0392742958995, 1477.9147517775796, 1469.2534265407196, 1478.5637101776372, 1452.6334445240943, 1390.7457197086264, 1406.6308657350346], "editall": [1176.2330701245, 1135.4136213276333, 1075.6476035441374, 1210.2027842895534, 1173.0354656932932, 1136.8951041549133, 1206.8571537491407, 1173.8609908520289, 1119.7307191751754, 1116.591846955119], "queryall": [1481.1704168517686, 1603.057162441505, 1511.5780676903453, 1482.2390709413294, 1520.946792076136, 1483.528958256418, 1506.8837448026243, 1498.1870847706853, 1462.0775644684502, 1448.7142508147933], "queryone": [1141.170924097709, 1075.5254235003956, 1103.6385830631677, 1136.7675476140616, 1152.3981188271318, 1079.5685225206514, 1102.7194034603217, 1140.5237905855333, 1108.5917971345486, 1131.292682679185], "editgeomone": [1429.7904720583053, 1429.76086329066, 1389.1776221641792, 1326.7710467869929, 1381.8904802145537, 1490.8416343395847, 1396.2268335572576, 1450.3480619677662, 1330.802681711159, 1489.3654810502005], "editgeomall": [1414.2125563280222, 1484.581440853977, 1409.933115006748, 1329.3662121135778, 1430.9182152340966, 1417.2500177967702, 1464.0522319227687, 1437.8590130793336, 1417.002117931922, 1359.9444789387915], "bufferone": [1036.8431787490451, 1085.7320562821035, 1039.4957258407662, 1125.1548865189504, 1015.8946128186864, 1094.2636865895488, 1075.6842291753485, 1027.0954725082615, 1043.2669725520702, 1100.7028292009618], "bufferall": [1951.0728606223952, 1825.5998955963657, 1845.965252081444, 1802.9403010177382, 1917.2338930353446, 1917.427043738284, 1915.7936041469595, 1840.973598723578, 1738.9432423783483, 1852.4235001675474], "decode": [95, 79, 95, 90, 80]}