{"visualise": [34513.02696132796, 33429.654493717426, 33046.89023306057, 32009.593941782437, 32096.76833274333, 31332.201779689636, 33170.089847585405, 33304.78275390564, 32935.614699242695, 31755.85987450348], "editone": [25198.69854091662, 26423.96154950474, 25417.488154553666, 27046.516085333275, 27990.120459442875, 27307.337245469458, 26534.10767105669, 26536.090203813834, 26103.18271824095, 27659.20684940585], "editall": [9126.253342171756, 8609.99207080641, 8814.655389414838, 8990.248663670995, 8090.018973664073, 8589.069569824638, 8387.268066536953, 8402.726457010389, 8268.3157003333, 8298.86862115286], "queryall": [43039.25653804722, 43134.17947263906, 41881.73793481929, 41651.39516776625, 42807.58255293765, 43558.221863713596, 42158.3750764394, 42014.28886643434, 44007.354990673215, 43812.67579090438], "queryone": [5365.574637966837, 5477.575967432095, 5477.031010421111, 5173.635173952512, 5167.101281348188, 5565.326443671658, 5559.772057719857, 5301.904651760077, 5489.327711859131, 5255.938944335428], "editgeomone": [31442.14794550683, 30464.883887268967, 32803.72861766599, 31708.58120379119, 29409.85450266373, 34074.35796302513, 34107.632195620434, 32229.172698897604, 33016.219819546815, 31039.7626303406], "bufferone": [1483.657740083275, 1641.5289577318006, 1555.9882807643007, 1463.3104612594354, 1604.1901230294593, 1510.4000351988275, 1507.251694120494, 1544.0248181658199, 1482.6218895497686, 1517.253592791099], "editgeomall": [32178.480752199826, 32181.57302445783, 32506.258950122286, 30103.29281569643, 32553.764366659445, 33385.85776503615, 30161.75249968953, 32608.09519783376, 31908.657404461534, 32565.24665133316], "bufferall": [53307.153524392925, 54049.41212989399, 50712.642877192586, 51878.62537620222, 50741.34533942219, 54308.96894044038, 54999.46474222245, 51699.353043177274, 52786.11378057866, 53985.74587679027]}