{"visualise": [1646.34084242375, 1655.318264471887, 1720.291609672198, 1633.0407756585805, 1657.7675294855867, 1615.3900238803492, 1735.8735995295642, 1651.5791050724592, 1644.7906715343813, 1666.0260541250568], "editone": [1447.1435734412003, 1487.2966070180657, 1501.85272277475, 1476.8397559983043, 1503.2941107172119, 1505.3863099168689, 1569.7630907553712, 1479.8492947665611, 1498.3792334837462, 1502.8390023862296], "editall": [1152.9268511389516, 1140.7300141731469, 1219.0837803771624, 1181.7815712110628, 1215.3645543209263, 1171.6256290234605, 1127.5377515616192, 1079.7508242350598, 1189.531854212471, 1176.2056492333124], "queryall": [1559.1024558362017, 1674.777602503097, 1571.6060286330983, 1534.145191686756, 1600.2262192747953, 1522.3096579282953, 1595.5185262761436, 1694.2769105640891, 1456.4781361021592, 1654.7857148541157], "queryone": [1131.7164477044514, 1130.1864797356723, 1177.7228246399288, 1143.7071903651429, 1152.31834245764, 1123.8582366980836, 1102.054659949183, 1159.5461710669676, 1132.9552256916552, 1128.9104953336885], "editgeomone": [1475.0182952273403, 1516.5813735427228, 1580.8496393309906, 1538.8663005497185, 1560.9938649614596, 1549.1973435440846, 1678.5665891800877, 1450.6052931771223, 1547.9807691041, 1509.0043484994103], "bufferone": [1001.9964039181241, 1013.3495025778649, 1078.8744663249183, 1098.3253102737915, 979.2934264051339, 1074.7340278845372, 1028.3790118892744, 1052.6907000867707, 1063.5153790112226, 1051.929463243167], "editgeomall": [1420.440709215279, 1512.3926523608195, 1488.6658387631348, 1474.3969002828676, 1528.7871362438982, 1557.3724242655926, 1511.8952527634112, 1475.1615001938308, 1461.4314858832474, 1513.777316431075], "bufferall": [2263.29184715762, 2368.479091423712, 2126.7479006241006, 2260.639307545857, 2190.7875964038944, 2359.018665617, 2245.01697497919, 2371.561062626229, 2284.051749147415, 2293.4241981857817]}