{"visualise": [4647.61441622725, 4515.13236001724, 4731.545070351297, 4617.458720495376, 4569.264396259824, 4641.603349654856, 4822.6392501978635, 4658.715244986241, 4762.269290310819, 4527.560660430255], "editone": [4357.260292487819, 4162.878447668011, 4179.195361118472, 4415.474314360876, 4069.51015032332, 4254.770553560772, 4164.341267074587, 4064.7278036839666, 4002.5019966834116, 4119.0779903566145], "editall": [2221.987711544994, 2145.2311951780616, 2244.326570290678, 2232.847492457987, 2124.1915741052194, 2184.315077728487, 2207.7510632071453, 2258.24297401747, 2210.896146744125, 2131.210845486822], "queryall": [4556.397662131487, 4550.530571743667, 4720.042924068892, 4502.458325995901, 4826.698440804149, 4827.112221988999, 4869.60244673755, 4693.656656043943, 4777.904067286395, 5031.671078405406], "queryone": [1467.7177906752615, 1396.4323010382127, 1331.2625220561863, 1421.363808281025, 1458.7160080661433, 1339.0178532409707, 1391.5865514312802, 1495.5529070371745, 1443.7459805050053, 1413.7878458169855], "editgeomone": [4121.432330041231, 4109.063264772301, 3968.327382734948, 4067.6661900593363, 4274.058646845664, 4279.057327069347, 4257.915147738141, 4084.3436131485423, 4143.820557530744, 4016.073408533381], "bufferone": [1221.6892309040052, 1109.9536939907932, 1092.4557070910887, 1094.7434934471198, 1187.3335399660216, 1113.8291769112536, 1180.953576707273, 1097.060820858877, 1142.110114701502, 1110.8156130491066], "editgeomall": [4369.197804899009, 4058.6366885312887, 3986.3289551330176, 4150.5643528621395, 4541.473051668568, 4049.3229313947177, 4306.492908458301, 4262.267838434261, 4231.286163749493, 4326.417394491679], "bufferall": [3915.293202105066, 3818.5018331699034, 3829.300975628952, 3912.9490526475997, 3670.887677700448, 3747.050532104868, 3548.702744268758, 3899.911177003315, 3535.5724857153473, 3937.2089669656757]}