{"visualise": [2949.5173540697947, 2858.2914400543114, 2725.3663445630086, 2790.893370081552, 2771.7062092283622, 2813.9033428610564, 2786.296074361953, 2694.214972000507, 2954.415032630111, 2603.57589438203], "editone": [2355.0956389420717, 2422.1846131135394, 2572.1473726989907, 2271.8485971695723, 2516.213013033496, 2549.0108041316166, 2465.7847802310475, 2427.2947374020555, 2362.8673770000764, 2400.63901685575], "editall": [1478.747618262215, 1479.166883320846, 1527.4876091706637, 1435.4715249955987, 1459.478756898819, 1448.9516055528684, 1560.8174286679878, 1503.9096738414653, 1476.6899468704185, 1537.3886144450046], "queryall": [2834.664589772332, 2722.237663202688, 2805.6446246821743, 2703.099352910585, 2690.7178204353863, 2569.4752990238, 2941.229792278865, 2676.582613288444, 2815.628500959954, 2679.984275597], "queryone": [1105.2674955993698, 1130.9542522076786, 1158.4366678654876, 1167.5266769828893, 1120.7590868782702, 1155.77570161812, 1155.3435870635788, 1205.628124690608, 1142.0512728850692, 1164.4544991023383], "editgeomone": [2325.8323766630238, 2460.9280545652514, 2489.456365015478, 2414.838447135104, 2427.8958729582682, 2412.0994561964353, 2518.7483261365765, 2430.50287386791, 2398.497590581183, 2402.6666008290586], "bufferone": [1076.5708245528858, 1062.0281711391165, 988.2343032999157, 1159.0517891661336, 1112.0754436116185, 1043.731801642398, 1048.5352867453746, 1154.5480900941734, 1115.7427449573784, 1176.6258268876759], "editgeomall": [2526.204859735659, 2379.5584017714464, 2423.1760379465713, 2425.65600482816, 2607.492785468794, 2458.043098677492, 2499.0292336507814, 2281.0059879333307, 2439.2606016757554, 2401.039896124828], "bufferall": [5447.0174500278945, 5563.36770894676, 5452.736217675889, 5744.952921389555, 5683.795690628103, 5612.870753168297, 5655.898689437495, 5593.010827489616, 5797.775342131596, 5895.197580327062]}