{"visualise": [23849.08361321057, 21581.475208239546, 23221.849148898982, 22482.34470252795, 23666.616425384254, 23372.26345259807, 22834.573271200938, 23382.499100617788, 22423.08975594048, 22692.328914167956], "editone": [21654.954601262205, 20637.43322793279, 20639.048106970997, 21404.779489367174, 20996.27836635511, 20801.732842592235, 19299.261418099522, 21240.637893461586, 22147.677668889373, 20877.71624915693], "editall": [6270.033729709456, 6451.1470085262945, 5844.7061975779, 6032.3019695475405, 6356.5572043341335, 6014.927858624199, 5894.318244997634, 5684.095031144001, 6006.743615723722, 6215.5903259173065], "queryall": [27080.72088956177, 28038.940016060238, 28261.9490745865, 25570.53326746883, 27221.51775001558, 26193.52165254805, 26506.708839165032, 26333.074547154058, 25929.833465329648, 26099.574572168025], "queryone": [2370.0816358097914, 2181.520810854576, 2232.3360054677305, 2187.7289178142437, 2210.3492299401487, 2237.7456321027867, 2202.602164888634, 2286.791303464037, 2145.205368444891, 2239.3132003297], "editgeomone": [21150.44495682133, 21843.324586131745, 21729.58866422628, 21256.45637832311, 20682.48795032028, 20280.14163487815, 20964.97125113601, 21123.09789841056, 19947.801876557845, 21476.283251871388], "bufferone": [1162.442138624886, 1103.4599066265034, 1178.7558395081157, 1270.1648285303131, 1116.43558731974, 1175.3256275036526, 1144.2473849821738, 1117.509223200498, 1163.8679041571672, 1176.691264305716], "editgeomall": [19794.530750041464, 20036.27104359913, 21099.888802731974, 20304.612717162774, 21250.79946451458, 19781.40884014901, 19121.25260667227, 20569.26872515144, 20859.993848669306, 21135.340694781193], "bufferall": [35193.94109788574, 30731.896069640734, 32681.375975753952, 35392.394711389716, 32966.10129754237, 33333.56543350743, 32970.92863976553, 34132.66241406091, 35988.967068448816, 34497.383136510325]}