{"visualise": [58885.23057208141, 57122.248363516985, 53642.62686777665, 51046.29387175278, 53233.58976495232, 51172.611790407005, 50478.116333593105, 53193.05157426122, 54413.51628604624, 50936.11344507275], "editone": [48009.46184230681, 44234.593811040984, 48373.34321562327, 47745.63319130985, 48402.03069671607, 48003.79686490839, 47803.46871125264, 49165.95487590875, 49138.340070000544, 46708.66873273838], "editall": [12416.778599786368, 12736.293661269068, 13012.393040529903, 12305.074242104736, 12580.917485009939, 12356.730585058409, 12382.133449850693, 12094.832243143308, 12945.566034823862, 12155.909816151452], "queryall": [62673.95520391949, 64225.381856641405, 60402.11705032113, 66447.61394415537, 62635.97244330728, 66011.7999373857, 58869.04219607748, 60971.67592121623, 63618.54370787606, 59793.178113125025], "queryone": [3916.7933702469077, 4187.675265057476, 4093.030131036997, 4209.404534387111, 4114.55813981387, 3967.2517690258237, 4145.084488747236, 4049.489222767809, 4282.6586540762655, 4320.091532189263], "editgeomone": [47517.71606833967, 47927.10500977659, 44869.42154132238, 48914.50212436666, 46706.689352932364, 47912.139995788995, 47149.56254297848, 46426.522334883965, 43854.319122234294, 45859.97559868647], "editgeomall": [47006.10521977998, 46554.3014000391, 45584.42082546126, 44731.99095824343, 46221.33793524981, 48293.7229766636, 45691.71219708575, 47872.56029846339, 44590.26579074659, 48014.606687712716], "bufferone": [1306.056478247525, 1327.6793972527523, 1362.3148870943858, 1246.4422587629135, 1312.843481598225, 1287.6229973124236, 1351.854602762779, 1289.5250298297756, 1328.4269216522262, 1281.3602906876554], "bufferall": [73380.6448580846, 72482.03660581146, 71541.52403260773, 75747.56789861676, 74239.769433325, 75418.85496138653, 73159.61909178807, 79622.06599777717, 74021.93792765042, 75008.24022281865]}