{"visualise": [3163.892893655501, 3017.3296976241313, 3017.7267321003774, 2965.618176330357, 3023.857627975232, 3077.45489835251, 2744.234047458105, 2940.981521434503, 3184.502073930534, 3059.426363538556], "editone": [2777.6356659324847, 2796.321611419201, 2781.4760743748334, 2650.3327125958544, 2776.8275129676504, 2718.377637955799, 2783.2126108010307, 2905.7778951554133, 2758.87684007659, 2777.712243936513], "editall": [1367.6849164915295, 1294.6324534632236, 1358.7249458757271, 1315.8423636442772, 1293.7263589693773, 1330.4278393546433, 1313.5217275041061, 1325.2682274515582, 1315.239937383259, 1383.7227508918602], "queryall": [2823.355013344746, 2726.47907022362, 3073.4292095833343, 3054.80077263215, 2910.5689516588554, 2909.353139232518, 2824.9399996501484, 3029.6915861561406, 3023.5695874321796, 2930.5184950359408], "queryone": [1137.783971466682, 1135.34998194423, 1157.3328983753288, 1233.3756737774775, 1151.9337283386292, 1207.1307820860463, 1201.2261911376522, 1209.3457897287512, 1281.264099484432, 1229.2883397695525], "editgeomone": [2881.5061480499753, 2763.8065337761805, 2729.9905615045254, 2651.0207791507282, 2792.1940353480745, 2864.053390148503, 2678.616428896552, 2699.8749369046022, 2777.5621312890985, 2855.856216446591], "bufferone": [1074.6553442821828, 1039.5251618527218, 1106.4318174872506, 1096.3893771294881, 1061.0486898841893, 1048.015064192457, 1030.651044934937, 1079.4884884692171, 1071.7766775301413, 1131.0326073801327], "editgeomall": [2829.833552833065, 2779.3159752298557, 2766.9407617969914, 2615.7982834734576, 2714.973236658513, 2588.091885118639, 2565.7310037476586, 2805.1537257025198, 2598.2787932283104, 2663.7261291552327], "bufferall": [3981.9123496050584, 4258.005808913093, 4260.941150312422, 4307.735564343968, 4286.889376955868, 4052.9313891999536, 3761.216756809515, 4217.13613194105, 4123.910284577982, 4111.858600135173]}