{"visualise": [12306.63478087354, 12468.049138029548, 11949.308426294432, 13148.968358589555, 12849.899475753578, 13446.760986422523, 12764.852571889367, 12556.385341413035, 12057.49635237826, 12735.643762652942], "editone": [10389.638192590439, 10036.499964922463, 11086.602496385563, 11203.671047365902, 10497.445110901823, 10609.372222637734, 10832.46203257621, 10041.614583885272, 10794.195249668337, 10234.717833080738], "editall": [5830.601835102814, 6182.8413039196275, 5969.229031398519, 6308.302788327376, 5899.089943781464, 6340.162436330097, 6089.59599029991, 6427.064233277176, 5993.518201579021, 5462.223628627556], "queryall": [15939.386631959369, 16292.46410417542, 15913.22363066407, 15519.494169015175, 16380.42030960339, 16915.860967616856, 16100.638920471667, 14769.966150547736, 16522.697616482947, 16771.509577791465], "queryone": [1843.0182656926781, 1843.133033237718, 1847.8763307385345, 1889.245717574365, 1975.8166632278471, 1862.0980475235453, 1850.953249026065, 1886.590262700616, 1873.7320234808, 1995.3921629364202], "editgeomone": [10770.27789244346, 10493.051054213525, 10614.37353564315, 10985.681864707845, 11187.414422798995, 11496.029857396705, 10975.126123238488, 10206.146411543066, 11224.26164916398, 10952.438070451544], "editgeomall": [11120.873760914921, 10788.713794030355, 10260.933131759259, 10557.75874058546, 11174.080202259225, 10946.37702958766, 10925.760212475545, 11110.848971380774, 10367.191207864098, 10828.748851079383], "bufferone": [1121.1394762076368, 1143.2040307427596, 1212.6836951885143, 1137.5312953189152, 1078.5371673352881, 1130.0356154364358, 1129.5437798149323, 1112.569272485396, 1156.5415886642184, 1128.7460542426504], "bufferall": [23762.50030626083, 23784.55287007048, 23159.33402166994, 23635.28982399391, 22683.16588094595, 23887.750332200918, 23247.272829337056, 24525.251575706556, 23825.50789184059, 23484.734796162615]}