{"visualise": [4537.2426773272055, 5122.046740047195, 4558.329137388595, 4635.276533883677, 4530.4760542163085, 4445.042774107468, 4646.0384991430465, 4663.082962720917, 4545.400319421159, 4569.566633533297], "editone": [4568.144925926538, 4013.1455921175548, 4194.540299682407, 4216.614211004032, 4295.953499309743, 4220.6354989034235, 4283.352252917806, 4157.6361669472, 4372.450118759448, 4142.538824719676], "editall": [2194.9460840668066, 2146.3677616935947, 2297.0522784713216, 2188.4753868596886, 2307.561135751074, 2210.4671204012657, 2357.1745653873113, 2243.082319303779, 2240.628230406844, 2258.5658584470953], "queryall": [4693.65670361159, 4883.773192265211, 4834.265653076909, 4682.4213264810605, 4482.174741572131, 4826.814023112251, 4813.815524558265, 4855.725768179323, 4528.132641437744, 4692.269394997601], "queryone": [1419.0947690542778, 1358.9780019541527, 1413.0253898948895, 1403.7946032773982, 1390.575665840525, 1376.4717558698642, 1400.7242623093755, 1336.7150908850053, 1336.3380254824876, 1465.223035874227], "editgeomone": [3915.5368868682854, 4193.050222047931, 4101.379744450803, 3923.6940576799843, 4140.331273636544, 3938.0019109056857, 4178.684706625425, 4155.270744017821, 4113.803465713801, 4112.041079362401], "editgeomall": [4332.386569804305, 4012.146340347029, 4162.940687687945, 4373.6837655730515, 4222.099403544911, 4314.356229266077, 4162.82149312946, 4385.108202582307, 3864.330263715111, 4145.522569547687], "bufferone": [1097.4827618779227, 1188.3990916643472, 1134.86224273627, 1124.8129759151693, 1146.6658795127764, 1077.2220032937603, 1153.2419543843178, 1118.6121305901127, 1088.7601505774826, 1097.1807367168894], "bufferall": [3818.7577206130854, 3610.9765329391357, 3738.089337880794, 3679.5850779571356, 3738.301321875803, 3616.3610850704094, 3690.905244474526, 4009.482610534753, 3703.8618250094833, 3649.4056070477764]}