{"visualise": [76432.0180378352, 82107.50356845022, 88633.51405952, 82596.82456667224, 83630.41102435662, 86009.34079180704, 82821.89259463242, 81756.10539187296, 84544.62365869926, 86177.41306979141], "editone": [65882.1038519079, 66662.40803459327, 62023.06248315126, 70715.04875757254, 68480.70826059837, 63435.89874326378, 65744.94402166756, 71167.08579960704, 67595.54872369647, 63161.72110870536], "editall": [65003.35116917136, 65777.2424792983, 67680.02094561867, 70835.05864999391, 67944.06142588009, 61995.56221015229, 64302.95918559857, 67298.57515946595, 66232.4175218508, 70395.49969858934], "queryall": [63700.84087709218, 63872.31155687767, 66381.69471316606, 61421.69560725085, 63100.44653323839, 64246.219392244726, 61605.13144346425, 64733.8182305473, 62941.03546913291, 61639.5845631035], "queryone": [63665.41203681602, 63478.219473402714, 62207.128341033254, 60904.30830352872, 64423.40964260871, 65408.93288243894, 63653.09962316647, 63794.81866860897, 63739.2714633986, 60791.51098634389], "editgeomone": [64399.19907282012, 63221.11962641401, 62997.38806450362, 66986.76881122382, 63589.435399695896, 63651.53389399681, 65606.4565012028, 60818.40554124818, 60912.04020408975, 62828.40350260885], "bufferone": [62842.30100378187, 61045.18623184694, 63878.94797136109, 63206.47853852917, 66257.2883902487, 61797.45831376231, 64171.650317645865, 63291.158224427505, 66209.96823963748, 61205.59648250239], "editgeomall": [197173.0563713939, 199741.83475933297, 211883.20175866035, 207546.26580886194, 205950.75614845604, 200739.65610871857, 199821.70287507694, 195328.6168163965, 211449.3905708854, 206157.03325183335], "bufferall": [-1]}