{"visualise": [2701.6364642309363, 2752.7372502861926, 2683.4804409116086, 2568.374762917033, 2650.279368598589, 2638.798657032915, 2615.11030487052, 2676.1687783104667, 2730.424404388789, 2718.4477635595013], "editone": [2300.425817764077, 2318.643827528139, 2493.705918681808, 2453.5072613052675, 2201.53427299836, 2436.9206000259915, 2269.400243729556, 2456.564950032413, 2360.693160913472, 2285.6317176609164], "editall": [1523.585754825219, 1439.4376304838445, 1414.5466239294956, 1501.9197922156998, 1446.49962086458, 1459.8393051856115, 1445.5227693254933, 1480.138542892877, 1535.5584924975662, 1501.1711807748015], "queryall": [2786.0805620686815, 2705.6357180033897, 2684.970761568669, 2758.9934542304923, 2646.876526982889, 2707.409623024396, 2787.437815324936, 2687.3804932095118, 2696.2040117440515, 2685.646840836854], "queryone": [1133.5240763795675, 1123.0161272911294, 1131.9132997902836, 1165.4281356597378, 1115.7035269099122, 1112.5778232776606, 1159.4327557816957, 1151.6999822284063, 1160.4418693134674, 1147.1743036677378], "editgeomone": [2326.6810829630517, 2275.7453128763686, 2451.6865544878697, 2340.0937570927663, 2404.6510404044902, 2327.742882675587, 2186.8599320588046, 2448.0538084308164, 2338.7892329283936, 2463.0561434645874], "bufferone": [1106.5717715590442, 1033.7692120382426, 1162.5353172842124, 1115.9718070069848, 1156.1714350839152, 1115.3118100405602, 1068.5081639895889, 1071.9014158028867, 1127.05079358839, 1066.992187293863], "editgeomall": [2387.9854465936155, 2368.002747450151, 2194.115472217502, 2317.2132018449606, 2346.845852871207, 2571.6029540523186, 2356.934098694259, 2519.806603530518, 2337.2128188683578, 2409.421240038518], "bufferall": [5436.83871686059, 5588.757970887609, 5383.316475866215, 5322.597625863321, 5499.853159470675, 5846.969404686631, 5713.42944026678, 5734.4695854394, 5708.219981143372, 5515.294236115104]}