{"visualise": [86380.57616225745, 83838.52125641437, 82353.62724096976, 79375.66047313408, 83660.41833483246, 82769.85448652256, 83555.976192702, 86687.66175888928, 88989.38069382419, 84557.50902926197], "editone": [68729.8776204304, 70684.08556322691, 66437.83583524247, 70226.80307898966, 64971.85997716317, 69196.55574941412, 68041.82224217453, 74037.84176841206, 70577.84097786919, 70719.56898577584], "editall": [67037.39408590205, 68636.68488544639, 65834.89994665033, 68025.46608362132, 71166.76592417952, 67308.6766620261, 72071.93412791469, 68369.84421317301, 68652.70641935708, 73754.00543480425], "queryall": [66692.29371859631, 68234.6367424584, 66991.30873765635, 68933.3877418503, 65655.36532283148, 66882.63367361123, 69494.89819911904, 66929.09146598268, 67262.10439990637, 65473.406922600494], "queryone": [70172.77679043471, 65538.14998716557, 65045.151031226844, 67470.18138131451, 68563.17301265021, 70899.22644053756, 66092.01633455805, 69108.17250404996, 68985.8731756055, 70679.07141861082], "editgeomone": [66545.16603375808, 70319.69137376832, 69661.43033749335, 69260.2154964079, 65902.93067441821, 66222.89918099043, 64732.28980180727, 65676.51361534276, 70266.42327601815, 65489.919429779424], "editgeomall": [67225.40934156804, 71068.57468167567, 68817.02330636313, 66298.43086098028, 69888.24374295933, 70519.48811645882, 70089.98301442881, 71145.78916168552, 70792.21449235523, 65323.97725207983]}