{"visualise": [1573.5275750762194, 1495.2126054386868, 1599.9504185000342, 1527.2549300758483, 1445.6051483292647, 1465.3988834189804, 1589.1201708454307, 1511.8659217268912, 1550.6962107342388, 1630.7114911598223], "editone": [1352.3552019582407, 1507.8586668895525, 1500.6869292778847, 1471.3804662691775, 1399.3390466062938, 1422.0347512332278, 1519.4936248071208, 1462.8197901315482, 1432.5148687350504, 1458.502303947396], "editall": [1161.106146064031, 1097.0092668962463, 1198.070137278847, 1171.5106510103878, 1191.7957979124267, 1217.8014976508568, 1126.7877950715435, 1084.352601673663, 1174.4300170003203, 1118.0056237017334], "queryall": [1584.8536010487, 1494.7026975209162, 1540.2530342532668, 1518.1561743173256, 1664.706836495901, 1513.0032347384417, 1430.214980268119, 1478.794683427275, 1475.4111840959986, 1576.717902060503], "queryone": [1135.589579531779, 1128.5875791613216, 1085.9375159172805, 1063.8372692129537, 1154.7968640033082, 1113.708364399992, 1134.0244457213641, 1105.326294610392, 1063.9400383802263, 1176.1260066319908], "editgeomone": [1474.2595842570497, 1369.0917070712073, 1469.1630191672123, 1398.4954996397041, 1473.1198216451203, 1508.1586708162179, 1473.1373816744579, 1342.9852895257768, 1544.3459391834701, 1449.272441918297], "editgeomall": [1480.2716929367803, 1396.0778059631778, 1362.2648957663819, 1413.624391975833, 1360.0733361038529, 1476.7877362474064, 1494.826754151716, 1393.792452814263, 1442.5654889224293, 1472.6802921011658], "bufferone": [1028.0017042285783, 1112.5948425256286, 1067.3289729574446, 1112.8561696421773, 1057.2563159292565, 1109.5873319099028, 1055.4080158966997, 1071.9391071100968, 1054.948377098855, 1115.769322747988], "bufferall": [2297.8319461835376, 2268.6914030136304, 2148.170555681734, 2166.643914407797, 2151.087980071465, 2254.418765522153, 2104.1319337025507, 2285.8168959727104, 2163.912862287474, 2301.287900389982]}