{"visualise": [2930.2371029270907, 2994.612278509894, 2911.657881048294, 3093.4942619721305, 2975.602150318748, 2949.0157373737175, 2981.968507550113, 2908.8204804544907, 3235.124923544656, 2897.961296358089], "editone": [2673.16298384465, 2822.3704876395914, 2813.2634515624104, 2609.413130807378, 2677.957676420344, 2703.428698555328, 2806.007813087114, 2756.3242017428333, 2740.1194238593885, 2591.0544216472385], "editall": [1308.001466056686, 1304.0312550013323, 1308.234170193381, 1286.3784748106575, 1344.0880501468605, 1326.4067991082327, 1373.4509480339707, 1330.2400679202142, 1368.2892020371555, 1282.9160326750068], "queryall": [2973.981211153579, 2897.246575898726, 2838.599610907126, 2799.449166343737, 2774.845749519819, 2873.2234269308306, 3200.348601683535, 2826.358270078934, 2900.187503963281, 3095.331542818665], "queryone": [1144.0153765868795, 1167.1857878786798, 1202.790285323087, 1155.3370686696594, 1191.0276782904625, 1186.70788374064, 1210.1273145299067, 1137.756247742484, 1192.3978644169229, 1241.1022053296167], "editgeomone": [2643.7455253603207, 2571.218027278122, 2459.35454926902, 2697.4930039319675, 2682.801940722621, 2601.6672035707497, 2697.1507180763465, 2862.088789431642, 2829.9349446920196, 2721.2604850277394], "editgeomall": [2768.8764402891543, 2731.231279890021, 2675.187206757922, 2839.9352841114496, 2715.4603727008966, 2760.0187977243445, 2663.039070396364, 2695.8118192124175, 2785.519292497674, 2912.288375819996], "bufferone": [1109.69042498238, 1040.8709155623555, 1064.4793686477851, 1051.1735932143856, 1079.8578848753898, 1120.6404125928746, 1063.1220810210382, 1077.3342044040546, 1090.3351051838288, 1035.52345111129], "bufferall": [4118.177337262106, 3902.406899347087, 4164.77988180763, 3728.341986451994, 3823.0911945540374, 4085.7721337889134, 4006.0828909108895, 3760.3943986759714, 3967.7592628207326, 4023.58320767012]}