{"visualise": [45210.10172149744, 44891.89644818513, 46154.69302523372, 43831.831118999544, 46125.41986295822, 45869.30710023711, 45113.6806560938, 46322.20743487468, 49150.264381702735, 46417.790344803165], "editone": [32198.901525450347, 32147.32557542462, 32378.78352065164, 33229.38193334411, 32057.637997439644, 30451.34677113804, 33568.97968368447, 31758.531299369333, 31754.833020863753, 32939.05467420044], "editall": [9246.683071088224, 9060.583311426713, 9045.273615730957, 8771.817781472928, 9364.281570333724, 9874.94409335099, 8821.634107688198, 9313.944638211806, 8985.128739083268, 9826.786936222472], "queryall": [44018.383545771714, 44774.50202326487, 45252.155861306404, 41502.962186689256, 43472.925144063025, 44950.699856206396, 42700.81834355592, 45264.03359830756, 41527.56677914852, 41189.57102849141], "queryone": [3988.0380506032957, 4255.90752974642, 4139.361392553991, 3857.175054397304, 4105.512720126177, 3928.734639504475, 4108.326346543145, 4118.978256145882, 4037.849662364267, 4013.8293345747466], "editgeomone": [32340.12329849808, 30912.315049356534, 30873.23131347016, 32862.87792407983, 31646.934614600978, 33252.838317585345, 32880.13194556223, 31941.06634207146, 32840.99476748866, 32406.969127026583], "editgeomall": [30079.5598157923, 33423.770521796905, 32961.858555437975, 32345.30872128149, 31209.42906282916, 31646.739272983108, 29126.12636608378, 31796.971120112426, 31025.687403094194, 32266.63073286654], "bufferone": [1364.2525901592082, 1240.1220523375548, 1297.5298125055983, 1216.0934020897153, 1285.356379952211, 1306.8379479800674, 1235.5220053828305, 1218.999696568039, 1277.390445798046, 1266.9716164071751], "bufferall": [43635.768193718046, 41767.79546252312, 42658.69609041435, 44878.333024591695, 42434.728796972726, 41647.92762674811, 42464.66594130938, 45298.901126365476, 43958.14536583422, 42280.388341686725]}