{"visualise": [51872.54782872444, 52564.24365774594, 57322.72420789267, 52363.09556308271, 52696.42275714875, 53653.992524205816, 55181.262565852456, 53800.126888053805, 56183.80972734898, 55391.27461139007], "editone": [51294.50627910537, 47456.91879584073, 45913.087312832875, 46268.4973904237, 45088.916618704214, 48123.62187663476, 45472.74593190275, 49804.72251089058, 50293.747727975104, 49869.30848152857], "editall": [11916.563396166788, 12119.423733932206, 11887.126181366342, 11584.416901605306, 13006.791859249824, 13251.31682302439, 12505.157906044089, 12198.372546246535, 12369.788462575782, 12054.05232562777], "queryall": [64639.2589896713, 63609.217613665714, 65480.77448441553, 60495.65867021075, 65015.03150127683, 62403.35558291773, 62900.35201655132, 63415.50045972961, 66308.11113270935, 58622.243880887676], "queryone": [4287.9505705305255, 4057.0728480718617, 3917.639573838155, 4108.278427145031, 4047.5328514747107, 3977.744391722863, 4220.2539848994165, 4124.253452700499, 4242.119714733414, 4045.521449276221], "editgeomone": [48689.436429021065, 45534.42989332862, 48262.18747148474, 45789.90951283142, 47447.12703641568, 45290.68683682425, 48441.04855408907, 49362.46195174164, 47002.46216158529, 46156.61922664537], "bufferone": [1324.3276506485088, 1350.6183989344474, 1288.3815898074972, 1288.7402586140604, 1408.377469836483, 1343.9213853698811, 1283.9010017321036, 1294.1557182639974, 1455.44105556537, 1364.0408924462865], "editgeomall": [46689.3217612646, 50188.039820028825, 47152.18340788016, 48900.63336751487, 46289.5813324849, 45698.131623718735, 51560.05645799303, 48053.03720437087, 48787.47550678636, 46890.82338050885], "bufferall": [74110.24753701844, 76022.74237356425, 73805.88419312563, 75525.39682723775, 72604.03508947353, 70775.4860833451, 74938.68837342756, 75289.49624751433, 72610.06720479521, 76711.02077576284]}