{"visualise": [44477.34430773857, 49757.07965854003, 47521.93447747802, 52905.8005862175, 49432.291999755565, 48607.529464218285, 50475.581457864144, 49551.541161832654, 47551.85512651699, 48042.166149237804], "editone": [34226.83436561298, 34458.478940248875, 36521.41178431495, 34429.69371224382, 34381.12603388162, 35012.130338357696, 33664.67974584451, 35745.39141912499, 34907.502230353246, 33071.302584776284], "editall": [8928.341038816747, 9329.56164470526, 9221.133174319995, 8734.359597323124, 8974.711796148005, 8987.52727913313, 8989.892724216132, 9426.54265785059, 8845.15623031066, 9270.102621848857], "queryall": [12875.008221983275, 13121.877647470756, 12487.355573256178, 12802.410839144239, 13184.77032287088, 13336.895441904067, 13354.549978230567, 13472.777471472342, 13028.961779296314, 14037.602377192634], "queryone": [4185.006720838777, 4178.4949783199945, 4186.115385920807, 4190.8664736733235, 4054.2859395861565, 4094.632490114662, 4268.279602354745, 4037.067717334505, 4247.303063591403, 4188.195589191621], "editgeomone": [35319.27448036354, 34961.94570005033, 34662.76377240127, 33482.155931605404, 33581.24372266654, 35273.59557043497, 35047.418098424074, 35710.41318381589, 34503.461634130625, 34111.18362073858], "bufferone": [1313.2505607244868, 1257.9979024928032, 1299.1588327038758, 1296.0954151138135, 1288.0968940361029, 1296.2748838056025, 1248.9350565820569, 1319.9110724411687, 1306.2399983138787, 1246.8799489358328], "editgeomall": [33784.38081401583, 34881.25742573332, 35003.78776283285, 38053.15882194486, 34361.73656919692, 36353.98816747696, 34300.52876747993, 33748.94633728165, 35968.34816616684, 33191.10996178586], "bufferall": [46900.76716779966, 45471.313995725985, 46595.52584696779, 43530.38856848258, 44626.06258030899, 47584.16981186605, 47717.27024358704, 45232.68634054532, 46278.4569532826, 44950.47296529816]}