{"visualise": [30693, 30459, 48995, 30656, 30753], "editone": [26372, 26258, 26342, 26455, 26299], "editall": [45181, 26895, 26968, 26871, 45138], "queryall": [26300, 26285, 26301, 26308, 26395], "queryone": [26265, 26278, 26274, 26284, 26273], "editgeomone": [26403, 26380, 26301, 44645, 26290], "editgeomall": [26298, 26360, 26297, 44687, 26332], "bufferall": [-1, -1, -1, -1, -1, -1, -1, -1, -1, -1], "bufferone": [24372.44377583806, 24873.060464549162, 24856.791555610744, 25475.292817828034, 23576.04812564181, 25499.087066946282, 23892.582202470665, 24459.437037471358, 25818.788921868585, 23697.00490836009]}