{"visualise": [84045, 90109, 80965, 90611, 81175], "editone": [69452, 68217, 68362, 69356], "editall": [68617, 70037, 68665, 68644, 70211], "queryall": [67704, 70618, 67778, 69137, 67806], "queryone": [69489, 68332, 87397, 68196, 69061], "editgeomone": [68063, 69630], "editgeomall": [67971, 70038], "bufferall": [-1, -1, -1, -1, -1, -1, -1, -1, -1, -1], "bufferone": [60967.94850904531, 57835.50898613019, 60047.01633807721, 56500.615263105996, 56952.11858933099, 54714.029671262004, 56879.667590283876, 59862.764042672505, 56934.65215502158, 59106.589977173135]}