{"visualise": [8395, 8428, 8619, 26809, 8468], "editone": [6845, 6847, 6908, 6873, 6809], "editall": [7372, 7407, 25684, 7392, 7364], "queryall": [25202, 6891, 6871, 6928, 6812], "queryone": [6811, 6845, 6851, 25190, 6823], "editgeomone": [6839, 6858, 6869, 6850, 6851], "editgeomall": [6852, 6835, 6878, 6933, 6872], "bufferall": [34157.28364209668, 36320.48068847084, 33786.90900927815, 34336.27019676064, 34574.353789196546, 34588.80362688113, 33887.51932393851, 33061.49145038858, 34044.63501587472, 35729.60665660691], "bufferone": [12355.75383707314, 11986.081546371228, 11846.308177521774, 12186.33875141372, 11666.072352872312, 11846.988264114463, 12261.516942320384, 12287.826460003418, 11774.060984061449, 11985.640066349026]}