{"visualise": [2394, 2344, 2342, 2377, 2464], "editone": [2250, 2155, 20523, 2221, 2206], "editall": [2491, 2320, 2311, 2243, 2277], "queryall": [2035, 2078, 2073, 2049, 2004], "queryone": [2003, 1998, 1983, 1983, 2163], "editgeomone": [2312, 2290, 2151, 2167, 2259], "editgeomall": [2134, 2139, 2245, 2190, 20378], "bufferall": [5019.649987299929, 5315.773420382582, 5023.706107312992, 5372.257778569696, 5080.565387406717, 5265.2734649321, 5413.811450097313, 5132.949997156256, 5387.580499419731, 5189.650787209669], "bufferone": [2016.315180532569, 1984.877151561064, 2104.1446003579476, 2110.886240928032, 2012.6391585648169, 2001.7865139395337, 1952.8014518600821, 2008.0250576574867, 1854.4156034994596, 2061.4340047736555]}