{"visualise": [2884, 2854, 40353, 2811, 21242], "editone": [2573, 2585, 2536, 2519, 2529], "editall": [2730, 2826, 2683, 40143, 2752], "queryall": [2529, 2545, 20880, 2511, 2551], "queryone": [2550, 2579, 2536, 2571, 20899], "editgeomone": [20918, 2543, 2559, 20883, 2520], "editgeomall": [2557, 2583, 2578, 2560, 2581], "bufferall": [8556.404890001175, 8768.560568156117, 8337.067251475235, 8713.352750331089, 8530.67566074825, 8067.660834342164, 8417.135096065655, 8576.828059402133, 8443.403837086018, 8629.4411918174], "bufferone": [2143.9691003215744, 2209.7081663967347, 2163.3432042023387, 2029.2731364812491, 2165.1068946314927, 2201.2364138488615, 2247.073680792507, 2104.021975848245, 2140.635846481166, 2090.3157939352172]}