{"visualise": [32112, 38055, 41161, 34409, 32386], "editone": [16364], "editall": [18881, 17200, 16933, 16651, 16481], "queryall": [16059, 16482, 16868, 16826, 16976], "queryone": [16454, 15955, 53709, 16357, 17039], "editgeomone": [16985], "editgeomall": [34350, 16157], "bufferall": [-1, -1, -1, -1, -1, -1, -1, -1, -1, -1], "bufferone": [7161.72155063629, 7222.667793610963, 7995.340562328707, 7175.04412210376, 7944.081434804168, 8818.605809225017, 6708.20894080159, 6243.412711850839, 6935.689344898343, 8015.416453706348]}