{"visualise": [19917, 1552, 1397, 1352, 19831], "editone": [1333, 1310, 19635, 19627, 1277], "editall": [1684, 19993, 1680, 1684, 1620], "queryall": [1309, 1249, 1381, 1292, 1323], "queryone": [1291, 1394, 1285, 1276, 19652], "editgeomone": [1316, 1249, 1326, 1294, 1280], "editgeomall": [1277, 1245, 1373, 1363, 1332], "bufferall": [1220942178093.871, 1209573530251.6748, 1301255726970.7637, 1299504991443.7385, 1280075501415.9321, 1268621593574.6953, 1266274515784.1604, 1303012872155.6245, 1302450057981.0042, 1220194189034.6501], "bufferone": [1250.09711367385, 1282.1218074351027, 1273.9125373378195, 1243.8351008877578, 1211.4847201950674, 1149.4415637375419, 1245.0480567827672, 1233.3633220174015, 1147.83549008805, 1197.6819611509475]}