{"visualise": [2080, 2186, 2181, 2347, 2159], "editone": [1777, 1789, 1781, 1772, 1792], "editall": [2152, 2141, 2194, 2138, 2300], "queryall": [1849, 1783, 1836, 1802, 1813], "queryone": [1823, 1798, 1803, 1766, 20163], "editgeomone": [1826, 20145, 1802, 1805, 1784], "bufferone": [1555.1625778753987, 1590.3553093987784, 1581.4079775089285, 1634.0583842373428, 1630.482841138246, 1565.9770306555588, 1643.9819897475768, 1565.0191590477787, 1530.3135709265134, 1637.1336404274339], "editgeomall": [1811, 20167, 1838, 1831, 1826], "bufferall": [4132.496858199244, 4474.167666752258, 4158.7226349157, 4086.929994529884, 4131.665802909998, 3955.303376145702, 4236.850029987689, 4397.8294993012205, 4137.916395552469, 4095.122871052796]}