{"editone": [24034.422670789892, 24216.55955603721, 23264.68193664955, 22919.89998662254, 23797.162345496497, 23046.36683432264, 24434.609552311053, 23381.392807477325, 23921.547363608417, 24552.93211926804], "queryone": [4874.8150180133025, 5035.084049561969, 5129.835384258053, 4918.978358176478, 4947.322660472255, 5471.2640882978685, 5014.9749781260025, 5171.206061201809, 4786.231185288213, 4860.255265004653], "editgeomone": [19562.519841342175, 20812.616242369677, 19718.33204164991, 19481.103348154935, 21478.37717699043, 19427.95411908739, 20371.250424676513, 19958.053852469206, 19202.10569128219, 20915.427650843438], "bufferone": [1758.2829258359156, 1926.0075381568868, 1793.7362855715405, 1868.653388818908, 1795.6560101293067, 1763.837902519593, 1903.0363678887377, 1923.0786890730508, 1892.088525996708, 1809.1108760467603], "visualise": [35134.64246227884, 33762.04419516454, 34638.17643588176, 35759.83328205746, 35575.950058967865, 33855.3142046451, 36526.46054428986, 35815.77070833002, 36670.91932787625, 36504.833945749095], "editall": [23573.243091127075, 23344.979740506074, 24019.64255323607, 23286.27973688711, 22825.460010266503, 24029.157248919233, 24849.745019275513, 25129.390482756913, 24989.179253644787, 26004.973906443618], "queryall": [37274.538992617774, 40676.59098220826, 38785.708127608785, 38669.60018230926, 41004.316051124726, 38548.53997988326, 40144.628886331855, 37543.439648445616, 39850.60011593058, 39427.58420917902], "bufferall": [47267.37070511161, 50109.47671861096, 49531.3240405592, 46434.95777096376, 49073.72959112338, 49298.093093809046, 46813.14952296405, 46525.009071076056, 47946.81340887016, 51365.953353646386]}