{"visualise": [1950247.3544080518, 1934212.6470306283, 1816748.9061010126, 1909144.5756115997, 1855959.6986918808, 1952988.993488062, 1881294.8796810014, 1838197.5991716005, 1784443.184289995, 1868247.4731897884], "editall": [1826704.0331484333, 1792526.1220421598, 1753207.3272894882, 1881255.9008468117, 1825738.9233778103, 1963863.1179197608, 1845784.5099770965, 1709584.249918111, 1991261.7111961772, 1874231.064103966], "queryall": [2995456.9652371933, 3214026.3493124507, 3075568.6983030564, 3135836.6605324727, 2938516.5701861116, 2943217.5470649954, 2827279.8376111058, 3172159.761757295, 3024221.6128657907, 3059663.1266055056]}