{"visualise": [8325.162225688096, 8507.309850034497, 8314.268289719852, 8393.895520291051, 8968.99922552129, 8370.834376063427, 8394.456527815442, 8503.976213440861, 8329.956408682907, 8111.709664246781], "editone": [7674.879003788862, 7399.15634655664, 7319.961867853487, 7507.484761246432, 7963.9421308574165, 7380.11529202917, 8329.076540042252, 7959.671305664492, 7954.337754085361, 7415.543548780865], "editall": [1847.0195363584041, 1810.112032659282, 2001.956908193847, 1975.423910139001, 2015.0039116478433, 1846.5322858957677, 2019.5621982462549, 1972.858299527134, 1769.447535586636, 1818.482189672132], "queryall": [8132.309348453385, 7971.225393221676, 8067.878213843492, 7952.91278140998, 7377.175955055678, 8129.832824265113, 8010.735644209959, 7893.7122921602895, 7727.1810141748665, 7493.237304842797], "queryone": [1938.7445244423163, 1793.393264595486, 1787.6912076605115, 1868.8201182505088, 1856.0262511405078, 1947.0152840563808, 1862.35990134237, 1936.5058635503738, 1795.2771168745865, 1932.932432949012], "editgeomone": [7740.441146814546, 7913.040473731023, 7596.499656430713, 7489.287688936837, 7862.256712354533, 8196.522507139889, 7748.865300068133, 8432.02339491872, 8177.81857095563, 7759.528038055963], "bufferone": [1805.008541223978, 1974.0438073828318, 1819.716706030853, 1880.9770677658048, 1852.817965160991, 1798.2892900171835, 1860.812085185391, 1800.1806376374716, 1745.0631742525286, 1872.0971235383065], "editgeomall": [7458.483912241265, 7813.753987333166, 7367.981773762879, 7552.730052755455, 7595.268925160197, 7489.3680874715965, 7751.946410442891, 7786.336236576503, 7955.667921542057, 7764.040878193815], "bufferall": [8151.816199603176, 8687.721305513218, 9334.410996451448, 9001.430365572302, 8960.39167121935, 9445.545051897585, 9052.264282524104, 9263.829134777454, 9132.286401246693, 8967.455246686031], "decode": [467, 441, 454, 431, 471]}