{"editone": [341491.21091491857, 353748.48527078977, 346585.9106909358, 332950.961540831, 352040.3164836764, 348344.72278482467, 353135.91108147555, 348510.6918778074, 341839.242851986, 369341.8425364295], "queryone": [4714.959187110551, 4742.797099051904, 4726.1361875468465, 4957.986531760018, 5124.303074118189, 4741.005653920934, 4828.876822134898, 4890.348678481445, 4575.808288680455, 5167.937166409062], "editgeomone": [340242.20280652173, 340886.67798722954, 327888.01987174974, 359831.1047247346, 351297.4236789571, 343354.23103373393, 325016.9429504607, 335078.1906273115, 352004.25430360937, 339028.1029670636], "bufferone": [1755.0315825361727, 1905.6903341681825, 1836.230879699886, 1840.6324712178118, 1822.8770176843952, 1799.6803693100585, 1799.6283746241568, 1861.3473436956367, 1731.4923102683858, 1805.3438074558546], "visualise": [361847.0544264375, 377018.9414070756, 371032.169661052, 378889.84960422956, 359704.1355024548, 358298.5407964797, 363371.80693625467, 379217.1080800813, 366233.30910885567, 371198.40627694904], "editall": [344964.4132809424, 371613.0057040368, 354607.60909947153, 360652.4167061649, 346067.09012194915, 354953.10905675095, 358666.7565343738, 353245.08002001594, 347687.5564067634, 324303.1685542827], "queryall": [371732.6491272298, 358550.6965480533, 353763.2396635369, 371905.07957060356, 384551.97304502747, 371294.933584484, 377632.32313366124, 371704.16497969377, 362519.27926506515, 388110.33618947223], "bufferall": [368646.94341045397, 365283.8024143636, 368831.0015001245, 371982.32358769176, 394096.3012022846, 377442.5695728085, 374631.356043227, 375953.1016714206, 401548.3800430024, 354921.48489589733], "decode": [2108, 2316, 2187, 2255, 2117]}