{"visualise": [4236.832075939726, 3814.5534328208346, 4095.6954350406018, 3707.108537047557, 3991.7554529578365, 4068.9781773891045, 3844.683803243075, 3774.3584507792402, 3718.568162926232, 3954.534636888266], "editone": [2851.319360122154, 2737.2912872687725, 3004.8966130152417, 2688.4031435013085, 2685.5746138925488, 2843.6316590719184, 2681.6403837698826, 2613.1743491824004, 2651.7527369739573, 2802.0645881067194], "editall": [1809.631428061438, 1777.9404225869926, 1687.419136127042, 1695.9942914047476, 1796.0754014138295, 1836.4563840142073, 1904.9420258425257, 1725.2023100137196, 1721.4939929247319, 1715.647666467187], "queryall": [3416.5497685274536, 3344.588849460817, 3501.1487921976786, 3393.904102316441, 3428.6380456395614, 3473.874238276601, 3362.60929575908, 3787.9246963968485, 3486.487527180572, 3482.3273892143866], "queryone": [1957.3948487252412, 1924.6871845695157, 1865.19898494747, 1825.7241731267966, 1803.472702179022, 1941.4149116053616, 1949.9356382326612, 1925.444433073437, 1883.6543801069383, 1905.279424298634], "editgeomone": [2834.953118728355, 2757.0527632843896, 2680.651381884476, 2653.724282059774, 2731.708509109751, 2761.2755898080845, 2828.138721200729, 2648.661154049432, 2579.106263104744, 2772.6758588296325], "bufferone": [1598.3992093916704, 1652.0351732891806, 1587.5682344105935, 1672.665300748784, 1597.1226454604155, 1534.6243412126985, 1653.7550565468123, 1654.4006007472508, 1629.5909152967076, 1610.1985145356725], "editgeomall": [2871.691247623572, 2876.5112218744193, 2827.437018797131, 2639.841434039432, 2897.9065481774824, 2788.7408508266017, 2785.5744781399, 3004.0840770076675, 2798.1554002842063, 2738.015139149337], "bufferall": [3243.9782789216997, 3156.7931222658476, 3167.162446297455, 3329.9863428138137, 3048.706694598653, 3466.7233762174887, 3083.219524518164, 3264.7906142353404, 3203.261794081526, 3026.247702678117]}