{"visualise": [30196.171235231643, 31448.368257550843, 31714.62112827669, 29764.052660111225, 31469.449105198557, 28566.61742169914, 30107.643426974755, 29318.43459715643, 29966.046173698895, 30177.696991009827], "editone": [29930.40085540906, 30371.977080895987, 28780.738464712107, 27545.333127872014, 28787.546853765645, 29160.93762675321, 30335.049816779494, 30472.842573245707, 29600.137312659182, 30362.72332560597], "editall": [1819.1063005563449, 1786.8170736025222, 1823.9650742485233, 1725.2208711458725, 1782.3617982339647, 1780.937197212758, 1663.6927973767447, 1783.3539339085614, 1705.7947587116817, 1754.9045955449997], "queryall": [29308.50588973218, 29131.029012471106, 30466.864949325478, 29709.696335386878, 30270.802525942207, 30690.84887304468, 28770.54144187035, 29757.78221857606, 28553.531092999725, 29354.085711668842], "queryone": [1722.7027781588047, 1806.6340156604122, 1779.4657275601728, 1749.3429567896187, 1698.4964388352428, 1664.5855389556316, 1670.7918407352124, 1782.1860600656842, 1788.9490637797678, 1750.8251520390788], "editgeomone": [28484.725423383104, 29173.873490982434, 29577.548599365808, 28147.39309936148, 28677.056113832863, 30174.627985440686, 29584.14567613359, 29763.75962665703, 29848.761975802674, 27938.82170748575], "bufferone": [1641.3107764173874, 1665.639962581956, 1644.4312238499879, 1678.8035850211586, 1807.2674968220151, 1676.848596846673, 1751.068897435217, 1658.7385854435547, 1579.1690779027126, 1734.7837138780833], "editgeomall": [28486.109220878952, 29101.8734748932, 29758.4070230695, 28534.81219727834, 30184.279908721197, 29494.20275912485, 27755.083640818917, 30048.001910096064, 29066.89473677435, 29906.618833706278], "bufferall": [31072.30972955491, 29689.831066723284, 28664.01595094429, 30485.641176077923, 30149.520919077502, 30024.5521194794, 30550.73634024583, 31071.048111850243, 29450.377528505705, 29712.37238568996]}