{"visualise": [4057.327859656768, 3924.825594871052, 3886.0147215799207, 3748.9464219897563, 3748.054075334683, 3879.2634385809715, 3854.279732882683, 3863.6957965333413, 3994.64278893504, 3684.9551821025198], "editone": [2948.5148760273164, 3023.1850622467405, 2966.3382679096107, 2982.476396761564, 3096.228316815613, 2872.8556488744803, 2838.8116476793493, 3043.791260251566, 2857.772963410401, 2859.9826046154617], "editall": [1874.1556249170055, 2007.921901669718, 1847.781545360286, 1887.8043498068635, 1935.7497204910237, 1827.0265867379308, 1882.7274866127802, 1979.3525239379126, 1836.4530420221006, 1874.7382991951804], "queryall": [3438.1521916773086, 3388.4634174831112, 3587.137444711422, 3445.150722496888, 3362.19896744805, 3664.3979714218303, 3481.594522096092, 3509.647769690366, 3600.0467410114657, 3372.6689870815208], "queryone": [1878.406927636109, 1913.5875588234712, 1847.9372651518277, 1811.954561622286, 1909.0455914656313, 1823.4900306299005, 1826.6636936901943, 1908.0047549085293, 1833.944328045895, 1908.8909717378758], "editgeomone": [2885.7636285631643, 3020.848460493533, 2987.491379136398, 2730.9370075190436, 2991.314641247276, 3008.373162472957, 2941.02000112324, 2780.7576388116713, 3030.2858459055346, 3068.287113730575], "bufferone": [1772.7946315337344, 1911.0255757056445, 1832.9406180006426, 1744.5127596407274, 1825.516767383883, 1812.0698840611599, 1737.8310821297791, 1695.638645361867, 1751.9087694526083, 1730.2835606770498], "editgeomall": [3104.48903118873, 3175.892485419594, 2968.8810641504174, 3017.352703668387, 3077.263956957435, 2918.638977174356, 3004.740662532154, 3002.54159318955, 2944.7124116335817, 2840.9407857976976], "bufferall": [4431.215309997394, 4483.017070229022, 4214.504582839774, 4297.410524268062, 4427.141924078289, 4176.373703031139, 4150.126448710792, 4507.491496808557, 4412.483447427136, 4337.564939088451]}