{"visualise": [3890.631865217538, 3858.378774598665, 3991.201093765686, 4063.2465871657, 3992.2465053475717, 3848.692251917691, 3894.4060828008114, 4082.1312867436, 3940.986098085162, 3938.913863863006], "editone": [2840.73382363322, 2904.6470859040237, 2905.9504691282855, 2874.124514382265, 2701.7598985820878, 2770.6487807094322, 2732.543830243391, 3071.226048074313, 3121.7081260293357, 2934.6076239976896], "editall": [1722.6559225336964, 1823.7560698682178, 1795.3686287584258, 1740.7900981718053, 1793.5625328139583, 1688.6577857400916, 1652.735941217139, 1670.3029388759755, 1772.7967170807424, 1730.7751404197427], "queryall": [3663.818698083887, 3540.9997550613098, 3768.933128736886, 3817.663629016548, 3794.071025050864, 3656.7338204275557, 3846.617410233789, 3857.9204074509, 3850.2175982846256, 3684.9210006141893], "queryone": [1886.092130590962, 1975.4015717805732, 1884.6163345726652, 1888.6726676088456, 1988.4791827267704, 1962.4211216028555, 1885.8270720196529, 1855.3551336380378, 1914.1068411401245, 1890.8281411002474], "editgeomone": [2925.825110575488, 2883.6611591287106, 2726.781067680604, 2888.471551389924, 2876.6308440092093, 2956.280806558233, 2827.5439379379327, 2916.9580168098814, 2762.061240215058, 2925.0004907697135], "bufferone": [1654.0179281206513, 1592.4490545615743, 1478.9049844599729, 1613.2559394652505, 1662.542677193369, 1585.2713267458375, 1710.7695077194417, 1535.0913101384467, 1588.9577551993716, 1588.8081010441153], "editgeomall": [2964.53655729696, 3024.1779460796456, 2987.739012827013, 2945.9740451654566, 2965.4761354832376, 3062.88673602905, 2995.856853021096, 3013.020081965108, 3085.0805095640253, 2861.910137149832], "bufferall": [3247.3870612308206, 3241.4901472912115, 3462.1999020493827, 3160.3000155994573, 3267.855344872491, 3195.519477741746, 3402.8346743259135, 3274.4570759111957, 3347.423991329172, 3335.8774191033085], "decode": [403, 413, 394, 381, 394]}