{"visualise": [17209.045565051914, 16491.01672540671, 15564.268190127583, 15955.820455552519, 16654.1906497641, 17280.17104516619, 17024.88013494675, 16788.71538334187, 15246.450062105028, 16168.781399327921], "editone": [15851.993670733484, 15517.88566327864, 15422.850904461331, 15519.367720895623, 15242.745765235395, 14473.440320470285, 15527.842670244843, 15959.155742193983, 15229.601378379894, 15436.201274736646], "editall": [1782.010801803457, 1846.4634430665376, 1868.6677555461122, 1801.934015632297, 1794.3007843872692, 1731.0952516194418, 1719.936532350515, 1860.5445815765397, 1801.2363523312122, 1810.7619477856524], "queryall": [14948.0461329096, 15518.85750993499, 15546.06508714568, 16111.599166069638, 16515.595981435246, 15177.847309117325, 15146.414842380762, 15496.44456909476, 15505.329665411995, 15857.905995966874], "queryone": [1898.9683027080412, 1797.6379558313429, 1616.7483848242587, 1824.2134680184913, 1700.5061122224347, 1859.2835850527742, 1702.5653619591758, 1882.8776573790715, 1728.3063801139429, 1774.8237594925592], "editgeomone": [15710.580929585045, 16100.738259650469, 14919.344624119356, 15665.922610092879, 16131.685964166118, 15245.452255602082, 14290.858151843164, 15444.18387794042, 15280.079312940852, 15815.989795115434], "bufferone": [1652.6139590831688, 1701.3025482678288, 1607.4463506724103, 1705.1112971720484, 1707.1849713878405, 1561.0086549281348, 1652.7086747290793, 1666.556427440156, 1696.5082933622064, 1603.7475967608323], "editgeomall": [15372.235267933422, 15653.082202585638, 15674.853342626297, 16261.571036523725, 15224.020730715667, 16167.341694287923, 16592.7089178328, 14737.370285722023, 14797.65184487163, 15928.6785386332], "bufferall": [16062.499038204618, 16719.53542824797, 17054.22281498628, 16222.405818094767, 15233.44163601045, 16188.844238556885, 16101.163983790115, 16270.255251953646, 15534.085125303443, 16525.007997936442], "decode": [525, 569, 472, 467, 488]}