{"editone": [248548.06874449682, 258256.42141027327, 262732.73045470484, 268243.79508180416, 261189.75617989112, 254497.79082299763, 254934.5875383068, 263630.65918128844, 268518.91157951666, 252935.79222251178], "queryone": [2814.806689765605, 2871.866672363673, 2850.8687621433764, 2795.138961252714, 2857.513368439655, 2775.793012796322, 2882.7248199870373, 2798.363563322449, 2850.539169429998, 2849.1971657113077], "editgeomone": [243434.53425914136, 257662.34281149326, 263428.17890469544, 253282.18121490025, 250677.2727081263, 251286.98392254597, 248472.20231601977, 251550.79137024863, 275968.8784891589, 243631.8315673847], "bufferone": [1517.217842866862, 1488.3921226570037, 1733.253119001364, 1654.4378526719283, 1570.6641999857763, 1587.7681368374738, 1608.9335967508673, 1685.2064892131968, 1590.1445387096064, 1655.2605911674916], "visualise": [262434.93851187406, 255053.91167857283, 259556.4717467638, 268611.8414733544, 261954.1236976872, 264290.1460405868, 264123.72493858734, 260833.34802852647, 261216.58550900695, 258673.07496814916], "editall": [241728.61127789502, 262758.12321996863, 252916.94327625353, 251597.13024147507, 270157.74742587586, 258190.6405257236, 248947.84890094085, 243414.09815717372, 268999.8296873731, 252888.25180988453], "queryall": [256699.9067981849, 258858.99288794788, 265328.1053674507, 246493.8955104201, 259962.25466970415, 263388.6692845917, 264582.9788102854, 260561.23063431683, 267437.88577158225, 252692.12301292352], "bufferall": [283125.9189430777, 261857.58927844814, 262229.22063419386, 267685.92501935846, 269791.85387453024, 259594.35029985328, 258717.14952937272, 260710.40003321346, 269073.42839603056, 262472.90807787713]}