{"visualise": [842088.1902547345, 831453.517806588, 833636.0884707192, 830644.5211688287, 864282.999887013, 842521.9850253934, 821420.1852233573, 813107.0269919412, 775445.6661640854, 857773.0427517145], "editall": [848412.5534528283, 756118.6799640101, 810646.8483255989, 727273.6737444323, 788440.7882756944, 756536.2757973301, 779733.5751824176, 799941.0412024828, 812129.9932112581, 772025.4958418235], "queryall": [2186677.0988991274, 2093935.139569711, 2179989.7505882946, 2078093.9652274025, 2164715.431263457, 2073554.3023583875, 2077970.58559525, 2151095.41722496, 1969893.5962391733, 2086111.0268123846], "decode": [4206, 4173, 4247, 4227, 4156]}