{"visualise": [2616.5373982157025, 2623.9875429218796, 2584.374876081663, 2622.390230229337, 2548.135291879438, 2529.4505935227535, 2589.011005053375, 2447.239205700448, 2383.9305470411837, 2631.1682490659023], "editone": [1834.9117265140796, 1945.2353349184766, 1924.4454893228335, 1950.4366193696585, 2026.8153596569925, 1878.815187850876, 1946.7924954990813, 1900.0222845163414, 1871.0710435324638, 1906.548705336879], "editall": [1665.8392230891607, 1639.5278759487767, 1720.726367022464, 1718.3953060554038, 1637.7995923470833, 1637.5779166895993, 1618.784843564276, 1694.620281702952, 1738.253179878404, 1621.5299643181922], "queryall": [2129.4991060710536, 2002.1069940574444, 2026.9746419609721, 2058.307498279132, 1985.228616622339, 2037.7747237196545, 2065.5645358607458, 2093.1684624711634, 2083.8136754277243, 2050.892973610159], "queryone": [1629.4727802772554, 1682.6878063391446, 1594.739235114253, 1603.4269927737548, 1686.3469361452528, 1674.1133925229337, 1620.1629693773068, 1601.1813213024864, 1771.1420846189828, 1671.0176135715792], "editgeomone": [1848.996341918106, 1969.7611539230718, 1853.597231236239, 1941.7824860838234, 1993.8713406280058, 1997.0686037786118, 1897.950488231875, 1966.5590866905102, 1853.6857838705278, 1922.069587424764], "bufferone": [1718.0534325463154, 1608.4527562934452, 1615.034839386641, 1582.2779673304376, 1588.8841881914125, 1667.9704432548733, 1676.8598946015388, 1613.4975238121235, 1617.3251594449105, 1611.2791929092512], "editgeomall": [1922.775138209759, 1984.9430792926776, 1955.8796928768552, 1958.233204002186, 1929.2652236840645, 1946.0816296537557, 1980.0462319465769, 2002.4893053504952, 1955.727104312986, 2016.786413504193], "bufferall": [2294.056352209356, 2358.676286578637, 2424.902102452301, 2374.6346344759527, 2271.655589687658, 2277.3712358145935, 2278.0636145495505, 2408.9711547395436, 2312.1162282509526, 2332.875783982559]}