{"visualise": [2552.0553659994594, 2472.2177596640777, 2599.735492578602, 2481.5524588753437, 2545.4174087020297, 2532.7758340258583, 2485.8771575211176, 2503.1789178229487, 2544.178474653746, 2590.682513432468], "editone": [1842.032837082228, 1881.9661514644592, 1937.1835844739223, 1794.379023386851, 1781.8956995686724, 1865.725211416349, 1804.8959469743377, 1756.8922509286504, 1864.9334259182015, 1759.4884462224013], "editall": [1688.5640958557422, 1594.735191611757, 1711.7255302622711, 1554.0558844949253, 1589.3501820436243, 1733.3943983865267, 1656.0202440619391, 1662.5651940515272, 1583.7597295620592, 1702.3362029154937], "queryall": [1950.1092434791606, 2007.5492570839058, 1965.4129694651701, 1909.7573080418365, 1971.7885884321422, 1926.585369221856, 1894.0919882981443, 2001.1514621509787, 1832.90131436681, 1871.2437979088106], "queryone": [1629.3389765927645, 1684.492461223061, 1705.4522320388546, 1698.5916261097966, 1621.9914598174664, 1686.25748373686, 1647.0310949291866, 1582.4602999342321, 1761.8228727695137, 1567.6849181796156], "editgeomone": [1868.7779267628512, 1815.375933291345, 1851.2312554842065, 1891.1757845336158, 1792.112183971695, 1802.7234121995502, 1769.0137313474386, 1754.5064950100568, 1878.4011018736783, 1845.2334784929592], "bufferone": [1596.6952100079673, 1580.2319246524532, 1545.5222026118752, 1687.2657184629984, 1664.8053531877865, 1572.1155402721506, 1628.6626697199572, 1606.421957064261, 1610.7520338039164, 1587.273924312583], "editgeomall": [1840.900878676501, 1794.7498780315075, 1776.7232702575752, 1873.6029753184791, 1798.0771994301556, 1840.6780182471105, 1914.2272319200083, 1895.0394395983901, 1869.0821616376625, 1908.1239386496345], "bufferall": [2215.0664986134007, 2164.340271706413, 2229.5940431798276, 2274.518103936856, 2393.5023457229345, 2362.197781785369, 2253.1692889452092, 2362.2857571592795, 2420.8659946925936, 2338.345796492941], "decode": [391, 365, 367, 377, 393]}