{"editone": [103641.98267867602, 101918.92520139275, 97831.75755149522, 102543.22566088605, 105086.4239389194, 100245.90843901038, 105653.4947334606, 99120.24751640708, 103572.990616497, 102623.00483328177], "queryone": [2401.5021312930594, 2366.029133958287, 2477.3005849271217, 2490.6874528413887, 2375.81349704485, 2405.059444620469, 2512.549909492714, 2646.470262422582, 2541.014128132223, 2330.0293372396522], "editgeomone": [98154.27540757984, 99452.7339125845, 102229.14799835891, 101989.7332906992, 100430.59581188885, 107548.25490512782, 100383.71910883131, 95631.15653524006, 98472.92482334001, 96124.67794738754], "bufferone": [1583.6111033353059, 1608.076456986685, 1605.2836523859967, 1653.8062974585996, 1596.4730386745662, 1520.305547674285, 1567.4926151135944, 1637.3371801596304, 1612.5375850249543, 1516.5661006981784], "visualise": [110097.01411241233, 110551.37038190673, 111386.86361141833, 107316.11549613149, 110748.4669144832, 106635.73405937472, 101391.34743630308, 108794.57588375185, 106627.89096212258, 100745.60539580221], "editall": [98626.72257503634, 103666.978362822, 100736.29472076919, 106935.60853800735, 110145.5976506433, 97401.05973811206, 107877.75244653685, 93297.91631809731, 101834.05694090415, 98785.17454033444], "queryall": [113872.31979337193, 102941.42343319517, 108239.27954450784, 111827.42769765134, 100029.62131906519, 108046.13527350433, 105765.91626676173, 109379.08295366327, 111591.52710893241, 105079.41844790033], "bufferall": [107900.24873966227, 112996.07769122446, 113556.42878878307, 108504.4398432889, 116580.16587810048, 118541.39798864497, 110462.93619151095, 108012.62619862477, 111706.06660652049, 111326.34769305206], "decode": [1161, 1080, 1092, 1145, 1106]}