{"editone": [17052.552624611413, 17425.28160832317, 16548.34301749222, 17542.807875948103, 16105.123116999843, 16840.445479223265, 17688.67456900219, 16095.348871699021, 16926.599691245858, 16981.157214631894], "queryone": [4894.769402672927, 4987.49389330464, 4962.952668215246, 5090.253824936822, 4717.777347560038, 4773.406855933106, 5238.594000679439, 4818.233113871206, 4992.189003937172, 5046.070820330721], "editgeomone": [16208.744489266017, 16497.30648629147, 15783.900170040182, 16703.068730699088, 17057.467431492267, 16435.04841476196, 15871.23315791167, 15933.500169313766, 16388.839535209372, 16327.227891284898], "bufferone": [1797.3363160797815, 1782.4359621629237, 1742.0794535338073, 1763.73769348588, 1860.9598042815442, 1774.0645759399479, 1718.7444878849174, 1838.3185661080447, 1806.1792312253406, 1798.5581936564004], "visualise": [26600.058222721924, 25361.11917532434, 27949.410265375718, 26291.529056163796, 27127.870587996444, 23504.349534991477, 26572.267420345303, 25198.3174174905, 26380.788325308557, 26238.576485174068], "editall": [18540.959857287904, 17641.67648530639, 18799.56609533845, 17969.3132985949, 18697.507197648392, 16751.818075972307, 17776.773527273413, 18303.260889784564, 17702.720918448103, 18178.72155110944], "queryall": [30266.975893647726, 30802.34554629658, 29088.289315080794, 28567.593312678386, 29309.623588559123, 32441.88541618883, 30369.50753572029, 30956.06968642084, 28786.906453685348, 27858.427307747585], "bufferall": [37882.39029531048, 37292.552316490146, 37784.97562036186, 38496.16039007473, 41707.33343309466, 37959.02931993034, 36944.94874222616, 39520.5089261603, 38913.77285530209, 38926.28540907335], "decode": [1516, 1638, 1546, 1578, 1610]}