{"editone": [26667.424989251278, 26270.746807920306, 24704.39112366866, 27927.14302991305, 26058.152709768856, 25055.457691293035, 25978.149117912257, 26439.768712511614, 24632.44931165367, 24948.469639783965], "queryone": [4807.79948660908, 5198.022837023159, 5302.796587954206, 5085.1072834978, 5336.446427780922, 5082.560240540607, 5121.910873176943, 5187.677906828977, 5155.646989859552, 5178.463704080982], "editgeomone": [21780.150709408226, 22261.67961279684, 23831.74195285306, 22976.338248942757, 23375.649243086977, 22536.184794559915, 21870.46246549569, 22891.664623007746, 22299.885383637855, 24152.140061499416], "bufferone": [1849.6995293984685, 1695.3301394500577, 1854.3464416164315, 1819.4237947325912, 1938.43174728982, 1875.7547532988888, 1818.7482197053998, 1840.0613894865778, 1833.4173790542948, 1723.5763471033356], "visualise": [33055.94618614763, 32924.62561434862, 33135.68620444263, 32158.519974628103, 32964.74904200189, 32260.64803886874, 33585.872657380896, 32001.016841659413, 34003.994157159235, 34116.27220388233], "editall": [25473.620137544633, 24353.518565920946, 25708.81997185059, 25827.38695118271, 25386.77423342287, 23777.683138198074, 25685.04621356385, 25876.130283021164, 26884.939788860327, 26318.098496150695], "queryall": [29618.39876036234, 31480.73441019733, 30701.125501761977, 30301.90907913273, 32009.12190947344, 30899.299424580502, 34234.32397154326, 31731.622688635136, 32246.415473142835, 31848.50925743746], "bufferall": [45287.48454736394, 47644.489986800785, 43317.585654209004, 43980.182937536796, 47878.10869611407, 45723.013079905366, 46158.61235987651, 47291.87906521788, 43717.03445428364, 47585.55773736495]}