{"editone": [322094.2689764102, 304027.99671373615, 316041.0590665386, 317636.8245256139, 324148.1047454846, 327629.9390351448, 302495.3705910503, 307029.6941639842, 330412.87420210475, 312919.47833456943], "queryone": [5788.064160528081, 5683.427104943424, 5753.826582825399, 5656.7346441359705, 5779.081712039493, 5716.486001578967, 5592.84473446165, 5661.626369572466, 6081.257896390566, 5901.70548538497], "editgeomone": [355335.4232867126, 362947.3814807677, 351892.1867448254, 352337.15874539356, 363761.45304255147, 363471.18246104865, 350007.32322914136, 346048.0818093996, 354246.7375521955, 361418.22467783076], "bufferone": [1998.1992374735044, 1928.517292278736, 1840.1959476564332, 1940.1191321995204, 1965.9801550265188, 1929.4102647019797, 1868.964576055137, 1903.808105827534, 1975.9141892824562, 2021.7282584685152], "visualise": [369114.7428410749, 392984.0866675752, 361633.37400418986, 368702.9335221442, 376776.68995965354, 366396.88314506045, 382332.383175009, 374875.9105170463, 378553.46091402223, 369103.1993948716], "editall": [355175.00809895794, 371684.59555793746, 356328.3650675987, 356646.64215842047, 363378.2990055504, 375188.73074839887, 367373.34300187975, 372386.8739707758, 361754.64440782013, 339919.5956883932], "queryall": [373573.088218332, 398537.59605375055, 383216.59878213546, 365425.4125626321, 347788.98019554565, 382354.5607920775, 388830.5908234846, 368916.425622268, 394323.5950454102, 397648.99477688875], "bufferall": [153539.35800839032, 143779.0634287764, 157424.7962061014, 147003.98827642523, 145569.4412644723, 138511.68118215754, 152685.04419811614, 154273.04263253615, 146154.0061788654, 145517.58776254643], "decode": [2755, 2908, 3049, 2919, 2727]}