{"editone": [14765.851784030916, 15594.550178155936, 16202.075451774737, 15475.064363816464, 16490.850676438637, 16076.109911887546, 15914.574822847713, 14836.930484232973, 15633.726427253232, 16492.5509466222], "queryone": [6361.597458098579, 5908.62741611873, 6150.64013734558, 5918.979552259191, 6091.881116294355, 6022.468343354619, 6181.975626777498, 5915.482846262436, 6236.955139514058, 6165.526756995684], "editgeomone": [31642.15219957802, 34899.03264031112, 33144.61424957151, 34532.71561821336, 33005.50809111924, 33074.71504205199, 33763.63039799004, 35110.823393455415, 34605.02482744146, 35740.98144866615], "bufferone": [1958.165018900316, 1980.6120409938803, 1999.796503792614, 1901.4794590750573, 1936.9096423443823, 2042.7114071297908, 2042.3438725616554, 2034.2813525499757, 1994.493614451256, 1861.1753943475883], "visualise": [39079.40093037059, 42492.77577964497, 41567.15468317774, 40449.19966565568, 42734.11923115791, 42724.0382961991, 41192.79088760237, 42390.83625337222, 42258.72775098681, 41963.66943928276], "editall": [34359.75264008216, 33448.05079916766, 33935.79936672236, 33130.55977911093, 33698.05166965862, 35449.74496218567, 34520.32705084581, 34274.61896250466, 31410.817447651854, 32476.438753817925], "queryall": [37709.65973254219, 39476.20361089177, 40533.16002941394, 40120.749175006145, 40120.45568159734, 42253.42065860298, 39760.13370159281, 40765.460689414176, 38277.80325416094, 38384.7523043226], "bufferall": [123180.60072318194, 122298.7345393996, 117111.58072253273, 124088.05925134808, 124321.10714896994, 122473.48714776813, 130304.5963430052, 119840.86713626783, 122701.13328941657, 124042.98094860117]}