{"visualise": [4354.798881611562, 4624.769794419, 4445.547649230163, 4739.767611650196, 4241.917677413918, 4455.109691297474, 4379.630936074279, 4195.907935790341, 4625.182524570228, 4527.742638950565], "editone": [3493.79048562569, 3478.4078751734723, 3417.8658771575942, 3466.0974248421935, 3468.057289138073, 3120.2767311147577, 3353.444975574293, 3341.979192530465, 3207.362952250576, 3240.140841887998], "editall": [2492.402700113722, 2281.8664611719387, 2418.9851986140516, 2344.4084528169465, 2453.8810952921135, 2329.2000471840247, 2374.468981113633, 2412.6730609435713, 2381.4535914301937, 2286.993583440827], "queryall": [4025.900951413882, 4017.457844446415, 3834.7445429324944, 4071.3549434726388, 4188.485174249331, 3874.579397612638, 4104.303899414699, 3989.0690944134462, 4325.510820851246, 3997.832651438105], "queryone": [1851.310645839213, 1954.945465817927, 1867.1315173115784, 1724.660028905657, 1825.2253045963084, 1929.603670036211, 1950.9034769987823, 1925.1838893352797, 1841.5386238984208, 1852.9160085886629], "editgeomone": [3218.337355787036, 3220.7701708616314, 3669.9026515635637, 3433.9163122850714, 3386.8025314525567, 3449.069802920175, 3404.838201070134, 3367.08358700062, 3380.381172633528, 3543.7133836455437], "bufferone": [1620.4898673532275, 1613.0933720081828, 1571.1835532608145, 1534.2267257119229, 1470.5602322541306, 1592.2998663068618, 1558.212222822577, 1474.7447634287957, 1617.2750988255257, 1569.3309797879124], "editgeomall": [3302.772637426668, 3335.371119509499, 3544.1029686510487, 3368.7980948057966, 3301.545375496955, 3278.25116351757, 3248.8681723814634, 3326.094365002126, 3323.673777513597, 3286.2102548363378], "bufferall": [4978.335357386161, 4824.628640137872, 5253.55055640019, 5098.268749672262, 4924.354392605865, 5158.93404599219, 5086.87857331188, 5112.766278935425, 5125.010293040067, 4784.715451820628], "decode": [447, 425, 427, 426, 525]}