{"visualise": [13906.838062561752, 14946.518014219508, 13376.237132465523, 13572.580654733561, 13720.94498642229, 14042.142426306913, 13283.725860052285, 14342.45348342754, 13986.805480121233, 14109.27121538272], "editone": [12703.21953022063, 13277.044190030663, 14030.591141364854, 13616.040898233025, 12310.984178860414, 13194.531406154361, 13545.644349836613, 13730.157172567931, 12821.606639830357, 14081.191156928293], "editall": [1758.8915492352212, 1747.769836845447, 1707.075658495822, 1726.695628310427, 1538.1487291270987, 1673.9123080475326, 1809.9351944068394, 1702.6689140531187, 1743.8549289340851, 1755.3901320619152], "queryall": [13967.464044534807, 14266.381833003597, 13056.96420151913, 13325.033881819594, 14114.921646559184, 13796.703787139664, 13162.551528766497, 13817.287655608568, 13568.563156772454, 13563.394479440338], "queryone": [1220.931922211843, 1263.609371284703, 1298.470947842314, 1291.967274773662, 1262.497779982652, 1225.421913530325, 1228.414563498456, 1292.0802749512, 1299.635777808297, 1207.449195613386], "editgeomone": [13222.03975129018, 13442.063801060938, 12221.708050290266, 12864.916563913524, 12659.263980565422, 12444.306487678148, 12529.938035784999, 12896.627537365808, 14307.021461350174, 13057.106078005361], "bufferone": [1504.7971093100007, 1606.0248103323534, 1534.7180735309732, 1504.2371408263482, 1572.756447408231, 1584.458870113453, 1525.966476265992, 1491.2827381864377, 1725.953718012104, 1507.0419625691843], "editgeomall": [13025.601501263081, 13168.490135762107, 12599.423201365122, 12379.590956793229, 13298.333124646862, 13252.366444088497, 12899.67980632068, 13309.876018892941, 12016.563581625036, 12519.651698081325], "bufferall": [9059.818630289774, 9395.380888102878, 9501.275184060447, 8533.576065747699, 9140.31223967281, 9077.085143824304, 9280.162379236206, 8541.754919707015, 9146.50783288332, 8776.76155211177]}