{"editone": [92807.21890077069, 93490.68396953872, 97793.74838140022, 100529.53284304282, 98503.03831761164, 98058.87300568343, 94684.76730390756, 101599.43315741779, 94132.75386893957, 94380.38994571636], "queryone": [2914.5944170541616, 2838.7437798757055, 2791.123900473306, 2790.9596521569297, 2903.2700009279833, 3035.245335046131, 2869.7909423718543, 2906.3457971639114, 2922.5377940382123, 3075.4176522744747], "editgeomone": [243735.78751257065, 245293.49133641357, 257853.48050197607, 250131.46273180438, 250146.5629007373, 241147.0576882633, 248639.9941407223, 246174.25267847787, 248574.9870128702, 245147.76229806023], "bufferone": [1718.9029761079491, 1626.0379760625128, 1535.6943183397793, 1584.6690346031664, 1611.5945515239052, 1618.393208523654, 1617.0762731294194, 1611.9470933130954, 1560.7132462078805, 1658.1068164273063], "visualise": [248957.0647425551, 246454.30915972765, 248554.47107397937, 247135.67088905253, 258541.01429139392, 259954.32204535085, 269295.3698646907, 254977.13670774642, 253440.55163790262, 254476.61504690428], "editall": [259124.98685318144, 254949.18563393637, 256522.5495277592, 260993.18817713446, 241675.00349837387, 232346.32740003793, 247644.16879434208, 254192.22746081298, 229569.72205594496, 241838.3405977578], "queryall": [237629.625646786, 252961.3773960472, 253598.73404276505, 250269.97759295316, 244450.19595606718, 246513.43962774065, 245048.79033851472, 235746.17951229098, 265292.70773997053, 248995.1260708575], "bufferall": [95020.52244855333, 90420.91157345328, 98861.1812343242, 97523.35422161278, 100740.71094963036, 97250.70171566118, 93495.23908009836, 94547.14957824262, 98444.440280969, 97620.01609710995]}