{"visualise": [8838.65337608347, 8192.789340730225, 8623.092056946653, 8231.291551152775, 8025.213146419887, 9010.68832734399, 8559.421691360889, 8146.4853932178885, 8745.316915899053, 8347.10011093323], "editone": [7702.7893546740015, 7920.673758553714, 8042.725484164238, 7756.796302322254, 7774.217655804062, 7850.751353134487, 7679.011526243523, 7530.191004003486, 7722.914772080321, 7731.389544054937], "editall": [1889.8232454003632, 1874.2883795143705, 1922.365634038516, 1901.8361301881164, 1923.1010421184862, 1907.76562622258, 1974.9991324262444, 1967.4714836194269, 1848.024428896945, 1869.8286207135334], "queryall": [7836.0669639289235, 8468.706302366807, 7503.304860241079, 8067.479278464775, 7810.759255041482, 8102.012760704209, 7756.176462670753, 7753.195526565194, 7842.467320834767, 7589.701371887505], "queryone": [1659.6210173268869, 1570.1098982207022, 1662.8959532234562, 1647.4845926193316, 1599.5316034782863, 1695.261913100711, 1564.9426786722506, 1629.6496322722955, 1615.216952656851, 1666.616793930898], "editgeomone": [6904.794677124275, 7854.877728358956, 7516.310095697516, 7069.984992416641, 7625.096536703686, 7547.996694862765, 7315.99580125163, 7265.489943968587, 7417.312007600468, 7548.826087174859], "bufferone": [1501.7628766397743, 1522.7913282800773, 1462.5015711126043, 1568.1503217212678, 1478.6610306292976, 1547.9177676479972, 1565.9743924450725, 1451.4401203882198, 1577.2825950125723, 1559.5946132118215], "editgeomall": [7592.646910494409, 7581.53912924458, 7757.18082405697, 7501.541976610017, 7416.151274559757, 7997.922916486567, 7410.057224029762, 7293.499771400567, 7191.178490861667, 7419.468598639752], "bufferall": [14116.074496859375, 13590.530909038196, 14578.650401769453, 13370.68909766179, 14241.700847367572, 13787.456385012096, 13512.942987062037, 14056.969256058528, 13561.777853215213, 13475.998911178704]}