{"visualise": [2373.281035302569, 2185.498441401566, 2334.661921368056, 2264.311224614206, 2248.780713839083, 2203.1664833163563, 2292.0920734665824, 2335.0818235170436, 2324.2528650545837, 2345.0898939457006], "editone": [1662.1874140199222, 1718.4303246723584, 1651.9362788331935, 1773.8680825576846, 1657.6434793508554, 1762.8071195852492, 1659.6156960553244, 1680.0634740073986, 1676.328824265538, 1684.083083619393], "editall": [1635.3122413582025, 1579.384219367459, 1536.4202744188947, 1604.4808202858292, 1567.562315032657, 1656.2949942246548, 1505.5008272245482, 1584.4567212677343, 1619.9550046012378, 1600.775953260689], "queryall": [1797.3221012803267, 1867.576606585371, 1854.1402402020751, 1707.153653726774, 1761.925744219555, 1771.0966167722238, 1940.5574776390856, 1776.6930835637665, 1800.1854361963558, 1736.5092821219894], "queryone": [1467.8488316523312, 1545.3073017449237, 1570.315535652611, 1545.538957753087, 1611.292352902637, 1599.8277680479596, 1573.0790144663472, 1598.5316019827835, 1539.2437270427, 1568.1460615090282], "editgeomone": [1634.4675969167963, 1646.4522224631296, 1639.5739980985375, 1756.6143569741837, 1700.4936192663015, 1776.3656961916868, 1740.5105029542701, 1703.9134864907053, 1645.9902370673026, 1634.883584459789], "bufferone": [1563.0485056793427, 1417.1974403823315, 1555.6738969975859, 1516.7127151506652, 1661.239054998062, 1548.8498993307865, 1644.8681728233428, 1629.6203661076165, 1580.7539196144066, 1580.7472776999753], "editgeomall": [1691.2312107562602, 1614.8515516448615, 1768.7171959213738, 1637.0692564270607, 1631.5618257198125, 1720.0943814838797, 1707.5882050690152, 1737.607608465668, 1726.7593597267908, 1709.1859859174915], "bufferall": [5216.742861481769, 5089.400866522508, 5191.103953186257, 5153.985442531377, 5408.417005486252, 4976.95418728707, 4961.951904779159, 5376.242476138851, 5480.881140106871, 4869.302013047413], "decode": [360, 351, 394, 382, 398]}