{"editone": [14822.079974112019, 15419.588694236561, 14938.659091334166, 15838.580835593326, 14213.079447263719, 16567.08358460354, 16158.888757796864, 15480.002175250258, 15061.190312618046, 14955.912064396078], "queryone": [6182.552049700078, 6162.033977427693, 6274.305217161723, 6209.43853083008, 6220.00772029947, 6384.620039855621, 6303.972194541595, 6261.861570462834, 5879.989839676147, 6358.356363687186], "editgeomone": [19112.258890240406, 17599.811499361105, 17990.412893610828, 18382.48060958632, 19759.42893025387, 18973.39085621476, 19344.243486867377, 18411.33728118407, 19191.33213419971, 18121.235913358123], "bufferone": [1942.7512331669864, 1928.3082078302639, 1969.6393647682587, 1854.3147328602242, 1902.0570712911904, 2043.2910161419481, 1908.3810703582697, 1970.9744845368448, 1991.0830279910897, 2002.9317379919376], "visualise": [25491.656906517946, 26147.925153782, 25665.148291301975, 24099.506301404897, 27884.798894553634, 26446.49800878166, 26544.312919583255, 26315.301155618243, 26624.73064341848, 25971.851417585418], "editall": [18607.848326957952, 19285.59792395408, 18824.02652036913, 18961.554982436646, 18301.14647838038, 18485.29242631542, 18696.35025146609, 18571.24868510714, 18846.509834891658, 18696.62482728904], "queryall": [31562.56228435244, 31096.00862932027, 30379.91278670675, 30645.27016955655, 29174.760271775183, 31146.045225315836, 30224.1566763193, 31859.260314412702, 30980.49696693462, 31636.339603435892], "bufferall": [121031.78222426314, 124454.98624909422, 112332.46925093819, 129635.46262147606, 120121.41196855319, 119291.2125773169, 119578.58341983147, 115190.2414523788, 121271.60405583665, 115830.85378319096], "decode": [1551, 1510, 1619, 1573, 1577]}