{"visualise": [4620.385076134489, 4624.318960345159, 4728.561752525593, 4349.707460858589, 4297.7529140438655, 4553.625460490252, 4418.97647480899, 4228.561179835794, 4358.342194809486, 4474.498464572226], "editone": [3249.2482190471032, 3330.6217532187657, 3483.125398631453, 3443.9709845113102, 3677.8564253483414, 3427.757513217579, 3166.221719121267, 3335.3342755469935, 3258.161697427488, 3328.5546443083435], "editall": [2429.598140649659, 2385.9044035851675, 2257.1350117993716, 2403.3045899108247, 2367.6814892276802, 2439.392424776076, 2412.5923828354594, 2535.604723096719, 2558.288428882382, 2387.223973206766], "queryall": [3952.0474189877273, 3880.426482718532, 4198.094502956273, 4090.4724350005476, 3869.015644599667, 4090.2765057886627, 4070.617026881148, 3955.07017051769, 3979.645617636345, 4043.802433332078], "queryone": [1832.2931638588007, 1770.426725984924, 1825.4451801919463, 1766.9790272552011, 1739.0109980576237, 1922.7731686761579, 1893.9838026525606, 1873.6737497388278, 1888.1726211225966, 1772.5217086849993], "editgeomone": [3376.1360105120757, 3287.5524899251695, 3236.2828588412162, 3330.595104995467, 3349.2948113209127, 3286.6338523192944, 3207.80183075265, 3366.588080375883, 3236.044475268696, 3193.5851655050483], "bufferone": [1614.6342922647664, 1521.6074237187306, 1552.9984990537776, 1492.480718309974, 1625.969849241595, 1526.9642510936512, 1545.1662130636325, 1531.6157548140097, 1575.7163144906315, 1607.4620691022162], "editgeomall": [3433.1488061318714, 3464.310871516428, 3504.3523311569243, 3133.1881552952905, 3370.270423049602, 3406.9831501593303, 3365.9879487983544, 3299.1167739174607, 3532.669806922185, 3312.321970125394], "bufferall": [4780.2186377775515, 4845.309937340909, 4732.849496802401, 4963.880954133941, 4842.143601569247, 4912.43656568622, 4998.0834448229025, 4952.246985118702, 5217.408118021025, 4687.876019772401]}