{"visualise": [8351.114605712442, 7964.066905952876, 8273.003155947987, 7971.290324913921, 8105.172146145059, 8206.764339981073, 8540.147880291397, 7924.992959434558, 8409.748886631207, 7956.5171001471435], "editone": [7658.479517264444, 7681.880929504468, 7449.216051771522, 7585.5163362524345, 7889.459652619731, 7564.64705853615, 7687.197082082476, 8071.386441397256, 7653.005807203125, 7597.744242188269], "editall": [1951.1797743624334, 1836.2051489765197, 1861.4136588489537, 1853.066452430445, 1857.934332283381, 1770.671468697825, 1873.5118458766626, 1804.9940623654804, 1834.0781861359903, 1988.9254007882764], "queryall": [7637.509504291413, 7616.904298742726, 7737.683614026785, 8181.724620919126, 7364.8662258594595, 7714.464392852936, 8074.21648259533, 7316.51766050951, 7515.570060195457, 7663.427930106742], "queryone": [1731.3724528076555, 1723.2065467554162, 1546.525837587017, 1648.0231803695142, 1687.111528719366, 1693.78489816216, 1546.7159040739484, 1676.5323932049257, 1698.6659467946934, 1591.5108755712479], "editgeomone": [7894.213313184076, 7564.889612303074, 8022.187761278677, 7938.842439624607, 7626.742456163102, 7521.012794571274, 7753.400224382533, 7316.141975264913, 7251.043048962868, 7547.097453214002], "bufferone": [1581.893894221645, 1585.5008454776282, 1492.838015422383, 1580.4131737267746, 1521.463324386551, 1535.4140780842615, 1582.7531729527536, 1558.1991636524763, 1504.0084448634525, 1608.1470464223376], "editgeomall": [7707.909924369247, 7664.185216970149, 7791.378715898891, 7806.013413468406, 7822.658388402514, 7099.095779035384, 7606.208392119006, 7852.373946676111, 7842.8004569649265, 7964.057506350716], "bufferall": [14931.28101143284, 14243.20327566572, 14420.783999544854, 14476.201919472773, 14370.321446018681, 14177.415384199583, 14413.170819324261, 14063.112147545375, 13625.714121027477, 14634.226922522175], "decode": [500, 449, 461, 485, 439]}