{"visualise": [855052.1591933419, 874935.3878909645, 890543.9157893152, 833984.5753371529, 858220.8111299512, 865276.9894342729, 820251.8169854851, 857162.2420841956, 856401.7624343754, 873606.5759405966], "editall": [791032.4294004921, 820329.4448521561, 824965.6751651828, 804250.6534428308, 815766.0440763353, 866468.289939497, 807754.029392611, 858064.8979631334, 824909.1570624515, 804451.4581590721], "queryall": [2130534.276493049, 1995491.8206535499, 2014908.3695588044, 2194147.6232941416, 1954749.5160658043, 1983888.291995448, 1979728.6153947439, 1917927.1997268836, 2049192.1279801668, 2254675.6685901936], "editgeomone": [-1], "decode": [5494, 5277, 5363, 5464, 5318]}