{"editone": [278464.4843118667, 275052.10325102793, 282582.1097910924, 287754.3351859124, 277815.4237666158, 302510.3204657201, 272811.4071667273, 267509.2825002352, 281698.9096095778, 289583.1863281801], "queryone": [4735.373883640312, 5012.554581142926, 4770.10302185492, 4541.184561524356, 4725.846371393748, 4847.902703442631, 4803.711813591376, 4744.947137326546, 4569.889105929067, 4915.074553355465], "editgeomone": [639463.2654532541, 593210.4546752378, 650629.235776251, 613145.3814552453, 664776.2703511314, 594576.0532043506, 610970.8846677202, 634705.4570284626, 648929.9196855918, 614858.8762020584], "bufferone": [1933.3899181399488, 1839.2577079163075, 1890.665667331163, 1863.837476171793, 1864.115820495659, 1907.7678977485557, 1830.7376805688857, 1782.3488458257527, 1824.9390205208153, 1919.1832076197911], "visualise": [628537.5082178174, 634609.9142856176, 648493.6266332276, 672834.1772106561, 620498.8661165617, 642268.6095220131, 624330.1688781331, 657918.7604781676, 648234.8753446965, 636230.8997017286], "editall": [656434.1362099072, 613589.7801255957, 628889.1419491945, 651652.1912120729, 614574.5280741781, 636698.7590252034, 590256.1997496517, 660737.3906771048, 628189.5760695622, 638338.9729555316], "queryall": [584937.3882222649, 676413.7572958649, 649862.092118086, 616390.4474000752, 644212.8689884184, 657097.5731886403, 688306.6340916153, 681778.9136190906, 659928.6013028811, 637772.1449979931], "bufferall": [171677.44863228613, 169257.56772803672, 174450.14374448388, 170108.86657722702, 168687.34997659223, 167122.86623871923, 172240.4336528068, 174024.7098463223, 173137.92211414306, 169851.98477202738]}