{"visualise": [13736.261620569216, 14323.884314837891, 14067.482354401242, 15166.264308220863, 14902.087175220646, 14559.417179932481, 14129.110462377335, 15079.89625843579, 14473.306250759912, 14379.160248985281], "editone": [12473.552421896984, 12525.392760511939, 12990.250803547777, 13422.740281051912, 12843.063122177939, 13729.457506313758, 13538.186914769376, 13063.169142854511, 13545.510929608205, 13105.97213014289], "editall": [1698.0774192721383, 1808.7152822709209, 1744.1844440864027, 1687.4812376123314, 1808.963193049307, 1706.676555199529, 1618.589623246954, 1639.0352731484518, 1718.6545418974954, 1729.984845080366], "queryall": [13844.090293493175, 13676.725446355775, 13385.752388348787, 14533.017162061587, 13434.013570545967, 13526.270959365229, 14413.218983727353, 12687.947261286996, 13332.894790269062, 13699.236162575937], "queryone": [1630.0124118761778, 1681.2358515603103, 1741.252632106956, 1609.192222808169, 1657.163717555252, 1617.7506386827163, 1640.456284842404, 1572.5913638871073, 1605.1922595030298, 1705.6744257743703], "editgeomone": [13467.835608077012, 12274.226759741026, 13528.10739914686, 13397.921931830762, 13023.38527440531, 13320.792881758149, 13399.38724497322, 12762.988074760522, 13442.301316802928, 13957.229716337819], "bufferone": [1578.8683890342945, 1665.0425060148714, 1606.6990753279524, 1513.1721717134187, 1617.3040250400568, 1672.855502526995, 1580.5192472862466, 1640.7721655496307, 1600.828508442453, 1674.9429943351934], "editgeomall": [12030.19968298683, 12962.693899719814, 13158.209231806504, 13871.217424123539, 13467.428909818236, 13100.996287514481, 12435.930194444583, 12696.36720563179, 13249.001194476257, 13718.052195374428], "bufferall": [8670.942159582006, 8499.247549666024, 9410.367105095645, 8542.557767807535, 8446.32095455222, 8633.551779330419, 8970.332212369642, 8877.841729157095, 9480.546384924526, 9076.081638473916], "decode": [470, 489, 492, 515, 551]}