{"visualise": [3814.747127004067, 4040.575638131443, 3939.718288784416, 4230.194689383045, 4186.060992036789, 3887.3176858776515, 4106.558595947357, 3840.559835210657, 3905.894233950534, 3770.269749439575], "editone": [1871.0067160389685, 1770.3252628860441, 1747.6239932298265, 1684.0922498022203, 1744.2087448669838, 1878.5823363946574, 1805.9499492673092, 1796.657933969528, 1669.5833028532213, 1722.8503962380987], "editall": [1581.2980552031374, 1553.476780508895, 1694.019494203742, 1676.1358715357092, 1570.1710880175328, 1574.0181038546696, 1638.871781242379, 1665.3686075314224, 1611.2571570140249, 1639.2374813879783], "queryall": [1888.4096058813318, 1861.196044413602, 1710.27724925476, 1912.782900088994, 1895.8504025333586, 1874.773508512979, 1862.9460893390765, 1862.328102798508, 1878.2630447471502, 1942.4269196522353], "queryone": [1601.732461405846, 1515.0996570390546, 1531.9513600078312, 1602.5441626132142, 1538.1492625383007, 1636.0683535503897, 1673.2962934164323, 1651.851881099239, 1673.292473890863, 1619.1861833294602], "editgeomone": [1808.840803200867, 1819.9269316999328, 1794.937985945824, 1711.6230226031246, 1793.2841879295008, 1791.7937737340505, 1768.866387074383, 1774.8912352212142, 1945.713374159548, 1913.412378575078], "bufferone": [1537.8252623528676, 1619.325397367496, 1595.1815352823974, 1504.748061258641, 1621.1291202609327, 1584.8325794853645, 1576.3617702170516, 1522.8070143469797, 1517.4033451864257, 1603.5018528235375], "editgeomall": [1816.6675461176344, 1743.8631820523058, 1731.7690291711747, 1819.259623981429, 1726.8331173943302, 1744.800985438516, 1800.7352260712298, 1809.9709809849544, 1730.447367552225, 1786.051584575648], "bufferall": [5219.0608794154095, 5316.678672760911, 4865.229294267911, 5374.545398505112, 5317.1339346176355, 5389.42437172894, 5089.7429051487015, 5307.522308102591, 5435.983657840309, 5201.442735216834]}