{"visualise": [1601717.9373033557, 1557274.1581475236, 1644654.2545326152, 1562290.1356185162, 1567478.3052347135, 1621941.3337274035, 1583481.775653173, 1589038.1616299367, 1700007.8623923333, 1623732.7334194682], "editall": [1617197.9935970453, 1451067.885262487, 1629042.1464817848, 1573217.2880677183, 1563406.8688380555, 1585010.1160674985, 1610953.7930759198, 1597660.6453470122, 1628611.6874380202, 1555562.1098175156], "queryall": [2731209.825361864, 2809713.865624738, 2628467.1926114974, 2595947.796387401, 2817344.9333568295, 2819436.8866699906, 2797110.279485483, 2898304.901823515, 2662590.267250061, 2983197.0128513346], "editgeomone": [-1]}