{"editone": [88368.17350277372, 89696.63947635042, 87059.75067509322, 89841.648973575, 84583.1384595625, 91476.00055162108, 89822.79333157006, 88513.9895843622, 86654.62069036998, 89346.98058266197], "queryone": [2583.421088435698, 2509.737348264661, 2369.524642578457, 2438.5003316634884, 2483.8190843063103, 2415.4046655714437, 2560.4336404222745, 2486.486563899993, 2459.4918267372013, 2386.5077350832985], "editgeomone": [96197.48449932059, 104736.32460623614, 103096.1255369948, 104579.32846522283, 101058.73630739049, 105678.83088716229, 99479.25930398593, 104391.02224652002, 94818.61714977227, 102834.87968595515], "bufferone": [1657.3785458242544, 1575.4806337969412, 1676.61008160354, 1591.1647565716812, 1665.3598106520071, 1601.1358935521455, 1527.8905036896256, 1667.382044165207, 1634.3333855369478, 1694.9468302293246], "visualise": [109969.56714901366, 110470.15865564228, 101097.53529700455, 104246.19214720023, 111920.18952706712, 106855.18176337155, 107512.4693974458, 109700.4843814848, 112639.41514927836, 107354.02172102971], "editall": [95331.40545948045, 100119.67208411027, 100920.32655361449, 104923.74894104322, 105128.10552958678, 103926.50750758866, 96461.02429851632, 98691.11296853267, 98407.50647309776, 105514.50565902871], "queryall": [108291.33291982897, 106272.50163731386, 109544.50015592024, 107504.73991067418, 104169.53755502711, 104231.51327797063, 105076.51113558638, 109583.98965042882, 108217.28664918848, 104647.7038560848], "bufferall": [60157.944942499635, 62563.19328996824, 61391.07209382339, 58565.519769116814, 59475.0836430233, 60259.45460277801, 59433.711982844805, 61364.000230812366, 59086.92404654449, 59478.1455903968], "decode": [1237, 1251, 1164, 1323, 1290]}