{"editone": [-1], "queryone": [2486.0493814002098, 2503.744933308672, 2507.0585884951574, 2629.7657625957836, 2537.1862054427766, 2454.139903949169, 2431.4480361458627, 2499.768354467423, 2467.5208576272466, 2608.6320724897546], "editgeomone": [-1], "bufferone": [1597.0566041058933, 1574.198339721895, 1669.2538139431126, 1607.8323758859908, 1626.8863010766124, 1690.5623110146964, 1620.1789653739195, 1629.7532175379947, 1611.8254125428364, 1704.8016635443826], "visualise": [-1], "editall": [-1], "queryall": [-1], "decode": [1593375880317]}