{"visualise": [2642.4131613367435, 2661.632739995024, 2521.0950039840577, 2629.3857521298164, 2665.7878224990127, 2543.8865096233544, 2560.885085540734, 2565.029996353112, 2571.588652713606, 2542.043437340746], "editone": [1928.4486002448082, 1838.7973404004117, 1987.3815432025178, 1952.0503462956, 1979.48028581425, 1891.559813153988, 1986.9593622623497, 1856.0053151237662, 1947.1390814620422, 1894.5274900575075], "editall": [1796.6694732624028, 1763.9406001765947, 1772.927900487794, 1739.709506589842, 1807.3162845828483, 1676.681610248079, 1718.9306302714788, 1652.192517320948, 1758.7893173777838, 1731.6630945933987], "queryall": [1991.6976866625803, 2016.465756517719, 1955.7670113359989, 1941.803165916893, 2071.6517399408744, 1968.617764703384, 2061.5348040826125, 2070.8733992607827, 2104.8530395872863, 2078.7559404543244], "queryone": [1732.3357008723053, 1857.7013789575008, 1704.148422814923, 1770.0537983048337, 1784.0916688253847, 1747.5787426295092, 1686.3488676349268, 1709.5032867279895, 1783.227592566231, 1647.847028126865], "editgeomone": [2052.437252554782, 1964.8208651299776, 1874.3214149020591, 2002.6022152186665, 2059.362364705096, 1998.5453309747868, 1974.611829381477, 1933.4432889153934, 1801.4018436419674, 1905.2831526915313], "bufferone": [1732.6196594249454, 1701.5958765297783, 1754.9896285132093, 1666.9826051782627, 1716.4071007723583, 1715.5559999641562, 1662.1561367033814, 1767.288403632836, 1757.2341391701048, 1708.2518761380932], "editgeomall": [1952.7903967656334, 1922.8904502586652, 1875.4726934287887, 2013.4863184308433, 1928.3792673792648, 1998.2598063132384, 1913.6699439342274, 1931.9507500767954, 1941.8545518016406, 1986.9946514218516], "bufferall": [2535.7578974308426, 2306.045286724603, 2443.999440701199, 2522.727572186106, 2256.888623175176, 2373.2561852055005, 2363.27884684556, 2451.1306523143567, 2269.974735537065, 2386.221738217642], "decode": [429, 368, 366, 410, 376]}