{"visualise": [1976501.6789952465, 1948986.4520312748, 1969204.1220324857, 1994058.5607956338, 2080992.0646537507, 1921544.9922220942, 1966776.6139153633, 2025480.0819521123, 2019380.5898065686, 1946211.1260839393], "editall": [1976040.6208465362, 1948580.039948278, 2055734.1066695128, 2006170.52690945, 1926777.1235012813, 1911204.9065801671, 2006523.2780121702, 1907945.5961668938, 2073601.794660228, 1938203.2948747776], "queryall": [3436163.8063341645, 3259049.547655021, 3227414.980632134, 3521111.7841274114, 3203412.6925084544, 3347356.585754688, 3178475.775830568, 3380181.1466283225, 3392451.835168852, 3341062.1258464023]}