{"visualise": [30707.504378740137, 27732.007940377996, 29991.243597150402, 28928.731460264196, 29010.399822175845, 27883.547205961153, 28931.063977319056, 29586.330626137795, 28413.16236404333, 28856.910401244233], "editone": [28530.053421980974, 28915.755976924702, 26663.405647536074, 29125.93084822817, 27612.20107332114, 26644.295651750115, 29280.292560718823, 28195.93655522444, 28239.375119163342, 27574.098309519206], "editall": [-1], "queryall": [28286.93950611911, 29598.68470555668, 27852.61136434821, 30348.537137567742, 28342.025880554404, 29352.28773458676, 29092.06437833338, 27488.298325748874, 28265.277501216864, 28523.195716353428], "queryone": [-1], "editgeomone": [26932.5426611751, 28423.96559774777, 27413.45334079047, 29898.94136083816, 28892.741250960662, 28643.3748575839, 29275.762565120644, 28243.958265313195, 26121.426193023664, 28470.116480007433], "bufferone": [-1], "editgeomall": [28977.895254393636, 28213.30743383494, 30219.769777668673, 29351.166404916006, 28666.794824427005, 29051.126398498665, 28033.479425071146, 28887.35994179559, 29416.804900060066, 27501.65891993712], "bufferall": [28170.770093436277, 28784.849555472447, 29201.289912165874, 27815.68773002022, 28527.39797747613, 30903.622010880405, 27814.905804981277, 29045.297321251775, 29477.499418976906, 28309.053983403883]}