{"visualise": [5789.668908766546, 5478.789167297189, 5783.663797215502, 5509.799336226191, 5634.6110899708965, 5496.199426239766, 5612.41444352186, 5160.135186718306, 5567.6647320977745, 5805.9847853854135], "editone": [5600.805849620782, 5802.260008625913, 6002.346758426335, 5492.013578520768, 5489.250047360053, 5610.517019480486, 5568.454740264803, 5528.239950084191, 5699.706725729029, 5551.077121938714], "editall": [-1], "queryall": [5818.010149199551, 5267.5783867519995, 5747.061036311177, 5673.684748532632, 5803.960051303673, 5242.356913208389, 5730.3747362237045, 5837.8392764747005, 5689.975046600949, 5855.839721257436], "queryone": [-1], "editgeomone": [5195.033261172537, 5416.858622655513, 5480.694010084128, 5354.7713560507045, 5713.376642477235, 5884.5510455221, 5850.687894266863, 5847.461497911815, 5778.0993873900925, 5500.115735879774], "bufferone": [-1], "editgeomall": [5749.407097667229, 5414.19821268324, 5733.766041921743, 5454.021180198317, 5203.682186272894, 5847.5950275936775, 5506.1955572319175, 5339.667696349805, 5539.405059435559, 5261.045526871495], "bufferall": [5942.643750595296, 5481.238287289709, 5766.987773447043, 5837.960245358464, 5725.340295055763, 5715.508934642393, 5787.030937731323, 5480.3204065252385, 5880.796621283406, 6007.073936288835], "decode": [1593375670489]}