{"visualise": [4030.4622793235203, 4167.46794837485, 3982.6782330667775, 3692.330074360295, 4001.5378962755913, 4011.8512453747453, 4047.483052434443, 4167.590658982568, 3885.99227034739, 3812.704357824253], "editone": [2878.429107949134, 3011.4626482356084, 2824.4691107282174, 2943.912228691431, 3024.6760194441435, 2913.1297354869566, 2938.5757750740727, 3029.9570290654046, 2878.112304703807, 2883.5729906248366], "editall": [2050.463586003389, 1848.7859263617115, 1926.362871307779, 2121.515711871948, 1994.6473859258447, 1960.8068792062381, 2037.324221955367, 2023.2520814014342, 2147.0515346605325, 1877.42929114781], "queryall": [3684.105349455834, 3634.7271289651517, 3752.1257058355422, 3581.901268895841, 3868.1801026373514, 3883.971404247483, 3836.7512630613937, 3906.6031149659602, 3760.4548317153394, 3681.1889561788907], "queryone": [2139.8626405004866, 2274.18358302467, 2350.9814495373985, 2325.056916791249, 2484.0264561301146, 2463.7515241691, 2443.9019653775686, 2380.1270549040387, 2355.9111849089436, 2388.8216716672605], "editgeomone": [3410.4550146885467, 3308.1497130936295, 3352.523523920485, 3152.09621891866, 3470.6462350337956, 3372.720301313216, 3226.2959472517846, 3142.692156475693, 3342.6813510099496, 3255.599547136408], "bufferone": [1816.9295818801706, 1847.0787945196153, 1892.9940428945515, 1893.0135076940778, 1828.3330990375132, 1906.3158790437637, 1848.251991799714, 1769.249326853368, 1782.690678768654, 1975.6633533850131], "editgeomall": [3056.8375034244787, 3127.719006625803, 3251.852856478292, 3173.415546042346, 3173.169352644596, 3267.9261110823677, 3187.59539626249, 3210.23313729239, 3149.1456213951624, 3262.6729544015952], "bufferall": [3828.985163906353, 3948.224872878361, 3777.3600757176446, 3592.2910088122353, 3708.751232206145, 3708.287796246272, 3646.8680087575895, 3594.7614557903817, 3713.125374322086, 3716.145075049659], "decode": [411, 381, 369, 395, 465]}