{"visualise": [7875.292878915681, 7937.771940330969, 7644.554998016113, 7720.9834321343305, 7403.781463462563, 7602.573844190979, 7666.958692370048, 7846.571928725477, 7992.750813501139, 7969.742804066852], "editone": [6453.225898267601, 6348.567476795645, 6735.751009470269, 6137.709081050325, 6082.137888784119, 6249.19156008048, 6506.807502550701, 6974.785374254455, 6213.590133083838, 6376.559206338884], "editall": [1651.8327635976405, 1744.194269178358, 1691.1168268105866, 1635.6881027028269, 1561.747113450545, 1679.1732670940673, 1688.8664689427944, 1726.6944024002696, 1607.8794278466528, 1752.1252733058086], "queryall": [7410.363438436484, 7334.546464053864, 7704.1119766889915, 7354.091853013459, 6807.900966861434, 7159.429239481874, 7334.6173796810735, 7082.200571183846, 7201.688011294636, 7584.091692382663], "queryone": [1900.9554778574407, 1924.0946522028564, 1877.465808310018, 1999.002714415772, 2012.3596505714404, 1910.1417210978586, 2010.7865430896481, 1923.2522426324122, 1982.5529939150772, 1896.1282205479095], "editgeomone": [6327.9118867489615, 6356.513034645429, 6295.552471791124, 6637.748560190416, 6764.1484758808065, 6269.423206319844, 6916.702319642686, 6485.182616073052, 6897.283919395918, 7188.576706576676], "bufferone": [1695.0478331293386, 1614.7152837683868, 1664.7592126314541, 1637.755387726365, 1680.5114928085425, 1625.18016851965, 1598.0838257083076, 1735.1555158108038, 1715.3485644549285, 1709.8542522750856], "editgeomall": [6721.293775940627, 6111.334487312049, 6623.003299649311, 6652.631075646185, 6596.999466932033, 6770.038018003938, 6747.345922760451, 6633.958223121495, 6443.409867506422, 6606.07869828129], "bufferall": [7162.019238775299, 6842.173257945806, 6534.9486267655075, 6796.972496948862, 7227.525350929158, 7110.442088812921, 6862.588682689155, 7040.431748081756, 6913.237958440625, 6901.12887543165]}