{"visualise": [1002.1827566582831, 981.5202069267157, 940.0381232822322, 1002.6736642705454, 975.0764254854798, 982.9984741186692, 971.7633640468473, 988.1624681461409, 969.26426087596, 952.8705480160758], "editone": [1032.4862066174717, 1013.3242846096575, 967.2416138039123, 988.957196636878, 956.3883086164582, 1012.2170361322433, 933.898632801563, 976.6676026103459, 1033.525510484366, 978.5705330936473], "editall": [-1], "queryall": [1032.4749674786801, 954.8914250212609, 991.6617466729015, 941.5129589948635, 1015.9715603141259, 956.5178865292339, 960.1038355174691, 984.5732488390439, 1022.5424986183759, 999.7917646915856], "queryone": [-1], "editgeomone": [1016.4648937690487, 958.3717208894136, 893.9185789186475, 972.5149720955475, 935.7860694507053, 931.8328521145957, 933.3551919798363, 967.3847898366827, 1047.690478221936, 992.5359495816576], "bufferone": [-1], "editgeomall": [979.0392962913469, 939.4316728665209, 966.550384155741, 1035.427744897522, 972.8907981455897, 994.3267743446338, 987.5926324747142, 956.6452467106022, 1010.2180893624987, 954.1055868208294], "bufferall": [979.171231917661, 977.7704486461807, 987.6366915741927, 963.7193293719863, 996.9709888160075, 985.9176498372508, 925.2187521527273, 981.314485277882, 971.4821811951361, 1007.4230212278937]}