{"editone": [-1], "queryone": [4774.230484969087, 4919.960639593325, 4883.999581530992, 5235.841950605597, 4795.414765386627, 4911.00182970581, 5135.891658330291, 5202.694721869553, 4921.2732195505805, 4730.7070542152], "editgeomone": [-1], "bufferone": [1857.3057130812188, 1765.9009984314198, 1888.345509413437, 1727.103888329144, 1767.8571403793799, 1820.09547888769, 1693.5868927076167, 1776.8060752565063, 1804.2815101428841, 1819.9115180703657], "visualise": [-1], "editall": [-1], "queryall": [-1], "decode": [1593376369791]}