{"editone": [-1], "queryone": [4686.747793056875, 4652.836752909043, 4885.359614066327, 4941.847623786084, 4495.290344793726, 4907.244294003335, 4655.614950077522, 4496.0214857237115, 4660.044619877034, 4897.336461810877], "editgeomone": [-1], "bufferone": [1771.0169382079278, 1942.2969998948172, 1859.0811968906098, 1941.2831374367718, 1867.9613209528252, 1807.29117199256, 1905.495312127507, 1956.1353264237273, 1885.5251889608555, 2016.8164736067056], "visualise": [317714.48437259375, 316887.20445576723, 326864.8545127885, 315651.3161705197, 310895.509897548, 320315.7836125253, 333464.980901766, 332051.06700022554, 323483.6603980252, 326211.79596661916], "editall": [300035.6092754547, 317490.29682456894, 306583.21141086105, 302691.3335559731, 310979.85034213966, 288526.4861530029, 294944.12328069226, 301908.5976160755, 308290.6900358614, 312495.61939690163], "queryall": [323080.8785407655, 332255.6442974279, 317400.39048878866, 361192.76105268655, 336316.8523256137, 323091.6001532298, 319675.908534634, 311475.65554216446, 309248.45982115093, 324841.9473885405]}