{"editone": [-1], "queryone": [4931.23749139032, 5006.996879602027, 4819.793887148059, 5037.5633115102055, 4978.18442431806, 5096.588012082151, 4925.149777622798, 5026.794456855944, 4690.005523078949, 4970.5484063706635], "editgeomone": [-1], "bufferone": [1982.8626796653944, 1672.7981400479982, 1920.6082023819918, 1869.029630084599, 1962.610078711909, 1862.974922198665, 1870.0196104216986, 1897.333016065184, 1810.1165406557677, 1787.794356746833], "visualise": [-1], "editall": [-1], "queryall": [-1], "decode": [1593376139737]}