{"visualise": [2792.5957034138005, 2787.0441785606095, 2704.53656541157, 2800.6743758594557, 2937.487223643309, 2674.264874974996, 2862.9090776235807, 2921.7779804216257, 2828.445197202782, 2783.3715345457626], "editone": [2207.2075843431967, 2071.7111031081786, 2045.639886350454, 2086.9118992265844, 2140.191795167848, 2198.1357219892852, 2021.0231272056765, 2058.6053406142455, 2167.634751782187, 2019.5660161512242], "editall": [1591.6966627219117, 1784.4518853925192, 1774.2787409758935, 1717.8157308008485, 1815.9944594585372, 1810.0666972616004, 1731.2162814571584, 1691.3430156206634, 1614.2485629964915, 1744.4235867080233], "queryall": [2248.171141267225, 2310.4399003348135, 2262.349452884921, 2218.0095968153805, 2183.2629057827735, 2145.522161703749, 2210.8348317192153, 2264.3524225134774, 2196.3040838948727, 2273.2394532148774], "queryone": [1699.8443799433478, 1741.0580324844586, 1757.167105781877, 1831.9370650132046, 1813.3893659425858, 1684.0105425496843, 1806.3408806601888, 1717.7663158401442, 1780.283916730112, 1804.194248979912], "editgeomone": [2113.4735644131847, 2189.5493541842243, 2185.387784748268, 2127.2656050349688, 2092.4512683007365, 2230.212841568912, 2201.7370331095285, 2101.3857608642766, 2174.457532408679, 2093.9552320856683], "bufferone": [1794.2557412059575, 1800.3407455303745, 1619.8121222045204, 1648.8344041684581, 1600.22776381246, 1703.5454674259379, 1696.436819141716, 1709.565767856173, 1787.1279042869664, 1691.4908830487268], "editgeomall": [2134.38210161692, 2016.0643908982174, 2115.564178276572, 2078.2693977309655, 2214.2913209769576, 2113.0294434234343, 2108.4831256739276, 2062.801858425836, 2143.8147570056703, 2091.7087705203576], "bufferall": [2657.6101225260077, 2424.707259060908, 2604.0472366014574, 2571.51870301753, 2524.210423150005, 2720.006300633824, 2702.2745541403096, 2614.628480094949, 2418.17871891121, 2505.134717715468]}