{"editone": [-1], "queryone": [2828.236898060034, 2853.9804831764422, 2814.630296283868, 2760.825761473887, 2787.6379536773443, 2848.9967247711847, 2782.8074889878167, 2907.7807512946565, 2801.5435330816404, 3014.5444975978085], "editgeomone": [-1], "bufferone": [1586.1027655650237, 1671.972268152492, 1687.7879034061762, 1583.0721317418577, 1672.1305711727034, 1629.2198609483069, 1609.3626318628335, 1695.7801785621843, 1611.1515395190397, 1716.6513615778485], "visualise": [263031.103791393, 261473.32748254982, 269033.99040752527, 265464.761796971, 258971.73787741226, 261143.06864572354, 256332.7931838155, 251112.00053408724, 263101.5473241032, 254233.1719572675], "editall": [254076.4946762496, 257435.45923346482, 272052.95760186296, 262717.3999652917, 257343.09418451283, 258496.84139416483, 260224.18690178543, 246266.75833059606, 262796.54302369914, 241123.51981741688], "queryall": [271731.83531757706, 263725.16622191615, 257315.65957276194, 274241.9064212672, 266645.52385611157, 273105.76328335353, 275795.51272237505, 265665.4103657929, 255976.01449259042, 261425.8169220877]}