{"visualise": [13043.657892594229, 13098.52986691373, 13974.266564518308, 13872.695875666757, 12869.956013248937, 13439.349309943476, 13555.996788815552, 13627.648732209023, 13336.825712576496, 13524.426193597767], "editone": [14487.403307067587, 13783.35604736907, 13882.73410880977, 12892.746893881076, 13316.668632993507, 13468.1076458612, 13432.484139582088, 13489.951211934373, 12556.262300444605, 13670.079882158581], "editall": [-1], "queryall": [13056.023369523742, 13271.759101526148, 13529.954505783306, 13444.285380489968, 13225.123779816748, 13562.599872352517, 13305.697923036114, 13437.365779093703, 13037.357058446662, 14147.824222107522], "queryone": [-1], "editgeomone": [13080.085001591335, 13968.85968027583, 14030.071724286217, 13528.834504799765, 13733.031450627715, 13728.188013160583, 13104.382381098249, 13575.985088191273, 13438.56191403337, 13467.502095724105], "bufferone": [-1], "editgeomall": [13780.527053500315, 13828.081282679876, 12730.02120137062, 13135.570616897508, 13510.325780007312, 13337.755303131113, 13471.967240798742, 13692.33046204902, 13218.659872402546, 13468.69874014233], "bufferall": [12484.48774587705, 13753.822970551648, 13716.993696186168, 13687.102107536253, 13035.771247591341, 13575.409543073532, 13428.612311116794, 13276.905242127405, 14228.772484333413, 14128.1150529579], "decode": [1593376337655]}