{"editone": [-1], "queryone": [4935.767947329439, 4874.669082573621, 5022.985365779404, 5098.357105946104, 4751.390460969187, 4754.096204847112, 4925.497433797477, 4797.463045469836, 5000.810669112816, 5078.868055454207], "editgeomone": [-1], "bufferone": [1821.405596422742, 1793.9381768444166, 1831.6758479284515, 1847.0942554614282, 1781.4947955168898, 1810.440383507624, 1835.4313632281426, 1777.4864223696507, 1893.4507682206645, 1932.6371748575098], "visualise": [209751.75017066562, 226577.99986391023, 221678.191235773, 208855.1889600482, 229153.15046445906, 214383.8170724982, 217277.72429938157, 222386.8092488489, 218412.3538526512, 220957.57909052624], "editall": [209288.39850613414, 209473.0374230502, 219741.66215273133, 214367.41279740928, 202091.02974459357, 209674.23008344264, 216538.30747201742, 216120.2086709424, 198875.4860474251, 226695.2857070992], "queryall": [226720.4158277825, 217667.54831104403, 234583.3004821219, 221176.5466983271, 215004.55053376532, 214899.22465264864, 204900.40709582315, 203360.26658768574, 223256.26785359497, 205272.4094337117]}