{"visualise": [1916, 1911, 1908, 20327, 1963, 2070, 1891, 20334], "editone": [1734, 1742, 1784, 1731, 1743, 1799, 1814, 1794], "editall": [1785, 1790, 1811, 1824, 1742, 1778, 1739, 1767], "queryall": [1747, 1728, 1707, 1690, 1828, 1878, 1821, 1957], "queryone": [20429, 2163, 2048, 2159, 1927, 2366, 1976, 1880], "editgeomone": [2006, 1982, 39676, 2097, 1973, 2075, 2045, 2158], "editgeomall": [2012, 1990, 2043, 1950, 1835, 2009, 1844, 1912], "bufferall": [3136.586638005779, 3280.1661353336344, 3302.442552369148, 3291.9033130570033, 3215.5684726714303, 3269.685966993829, 3207.4104787936735, 3327.9621770973667, 3501.8969668649515, 3350.5112801152404], "bufferone": [1514.752426138006, 1597.5896617735093, 1529.7262276673803, 1507.8386355801108, 1522.4367381153852, 1572.845157273912, 1572.0880272600489, 1510.8695409720938, 1651.447348866136, 1533.1154280507412]}