{"visualise": [53172, 1591780598985, 45162, 87618, 41385, 48142, 51909, 59565], "editone": [27365], "editall": [33021, 31123, 29510, 26856, 46665, 30933, 30340, 30215], "queryall": [24849, 24012, 24802, 45463, 26928, 26312, 24732, 24811], "queryone": [25613, 27198, 25627, 24680, 42752, 26861, 26924, 28071], "editgeomone": [45018], "editgeomall": [27834], "bufferall": [1494968231838.49, 1520428926116.8096, 1514949641574.4673, 1482445849024.154, 1499242903853.8901, 1445551486312.6545, 1523340497889.6912, 1601826881238.3062, 1462447871117.1619, 1604462664563.7988], "bufferone": [19443.60745721468, 19207.769609646253, 19862.667783028573, 17760.981475776156, 19114.325088126185, 19301.647470699554, 18873.148696974447, 19427.89252585506, 18365.087543441532, 19108.564759492863]}