{"visualise": [2321, 2470, 2305, 2319, 2308], "editone": [1858, 1972, 1741, 1778], "editall": [1829, 1740, 1783, 1798, 1794, 1888, 1772, 1769], "queryall": [1710, 1805, 20115, 1736, 1808, 20093, 1717, 1749], "queryone": [1805, 1716, 1717, 20088, 20132, 1740, 1726, 1732], "editgeomone": [1777, 1849, 1755, 1793, 1808, 1755, 1761, 20188], "editgeomall": [1797, 1750, 1735, 1743, 1777, 1828, 1760, 1765], "bufferall": [5386.169320313017, 4794.125932252004, 4836.6781190325355, 5159.297216375441, 5166.9947341484685, 5374.291795896949, 5269.859282928883, 4752.889104891437, 4824.671241628695, 5340.544465565168], "bufferone": [1711.1969746200605, 1827.8242565833975, 1754.9835637570397, 1679.4506196811262, 1700.3880405030593, 1761.02288201872, 1606.1455799117005, 1735.0523818219447, 1702.58357165993, 1817.0716284848559]}