{"visualise": [13607, 32179, 32123, 13884, 13639, 13578, 13912, 13639], "editone": [12871, 12992, 12764, 12815, 12987, 13158, 12647, 13148], "editall": [13648, 50874, 13594, 13281, 13617, 13269, 13381, 13531], "queryall": [12022, 12077, 11994, 12192, 12300, 12202, 30426, 12204], "queryone": [12481, 12134, 30553, 12027, 30478, 12169, 12046, 11985], "editgeomone": [12736, 12848, 12863, 12675, 12674, 12644, 12760, 12704], "editgeomall": [12950, 31212, 13277, 12796, 12808, 12791, 12718, 12897], "bufferall": [39335.277236520225, 36454.75402473644, 39126.70722671192, 39873.20433307447, 37265.890139272575, 38697.39432434514, 38261.67433598307, 39626.16037725631, 39026.96678042108, 42259.90929067209], "bufferone": [13185.415571761923, 13363.220965587945, 13803.59521062869, 13564.739570959226, 12712.12536988264, 12958.510198412407, 13529.60875003105, 13889.439845481185, 13855.964049326016, 12805.742723295249]}