{"visualise": [1631, 20305, 1766, 1958, 1883, 1760, 1763, 2001], "editone": [1599, 1580, 1722, 1689, 1571, 1786, 1919, 1568], "editall": [1608, 1538, 1643, 1605, 1539, 19842, 1437, 1470], "queryall": [1454, 1446, 1632, 1677, 1691, 1766, 1560, 1727], "queryone": [1586, 1675, 1795, 1678, 1650, 1564, 1473, 1425], "editgeomone": [1472, 1438, 1634, 1471, 1582, 1422, 1736, 1473], "editgeomall": [1638, 19869, 1479, 1526, 1541, 1536, 1466, 1460], "bufferall": [4339.70753329566, 4252.635626419193, 4318.748011176002, 4308.529455441499, 4168.217596960697, 4283.577522485497, 4221.041312113053, 4226.781940993719, 4638.204201072164, 4433.980215581975], "bufferone": [1676.5041554166826, 1714.089686189795, 1766.4121484154332, 1652.8720815568206, 1785.6400170066545, 1790.878732899622, 1706.251913531783, 1745.8693583897375, 1817.2708557230567, 1809.720050793939]}