{"visualise": [100052, 1591782166103, 100695, 110152, 110927, 98948, 1591782742623, 1591782862909], "editone": [126899, 100191], "editall": [1591783294346, 1591783441228, 1591783591765, 1591783732043, 1591783864078, 1591784007239, 1591784163405, 1591784290535], "queryall": [79058, 78754, 78548, 78890, 78389, 78447, 79344, 78119], "queryone": [78508, 78635, 78432, 78430, 78270, 78856, 78033, 78642], "editgeomone": [84241, 83815, 84023, 83198, 85190, 83880, 83652, 83532], "editgeomall": [83725, 83696, 83914, 83718, 84247, 84419], "bufferall": [1246791630190.3643, 1341446151846.2136, 1263607030057.743, 1278189390279.2021, 1337786604834.4067, 1268187612075.1868, 1351995184525.0312, 1266578837151.2678, 1314275030688.2808, 1279256299609.5083], "bufferone": [66900.47283442943, 65237.39318149087, 62583.52542743665, 68506.82094967554, 64815.575011043045, 65768.18790609436, 63414.00628939766, 63500.038373238676, 66344.02245596092, 65643.4151345317]}