{"visualise": [2247, 2221, 2188, 20533, 2221, 2191, 2257, 2184], "editone": [1966, 1979, 2009, 1976, 1981, 1927, 1974, 1963], "editall": [2028, 1971, 20336, 2028, 1978, 2044, 1985, 20327], "queryall": [1926, 1956, 1904, 1903, 1892, 1879, 1899, 1928], "queryone": [1925, 1916, 1953, 1950, 1892, 1906, 20285, 1909], "editgeomone": [1986, 1996, 1980, 2018, 1936, 1989, 1981, 2030], "editgeomall": [2149, 1994, 1919, 2023, 2007, 1969, 2068, 2003], "bufferall": [13639.867561149453, 13453.556351024094, 13188.010116071544, 12581.234042661692, 12481.444204882038, 13719.41472953298, 12546.760182718655, 13225.73149926872, 13296.554335022414, 13524.542039897848], "bufferone": [1746.5589447944758, 1790.8213189247251, 1915.2284014808336, 1998.8289285524188, 1838.5632105599398, 1777.042696201878, 1952.772517314071, 1916.9276588991409, 1961.4630798631297, 1719.5629454567893]}