{"visualise": [28177, 65194, 27996, 28024, 27994, 28065, 27728, 27998], "editone": [25170, 25274, 43988, 25293, 25323, 25143, 43822, 25310], "editall": [27984, 27990, 27683, 27832, 27548, 27669, 27812, 27552], "queryall": [23894, 23920, 23920, 23786, 23888, 23755, 23849, 23826], "queryone": [24178, 24072, 23796, 24083, 24026, 23973, 23946, 23863], "editgeomone": [24906, 25093, 43970, 43407, 25201, 25161, 25109, 43390], "editgeomall": [25167, 24993, 25081, 24950, 25428, 25121, 25143, 25630], "bufferall": [1535921369112.5674, 1493984933281.2266, 1524358063251.1055, 1454495850945.2305, 1506262116135.9954, 1557761465411.405, 1502454485279.1057, 1507707025922.4243, 1531663552326.7788, 1505286813043.7458], "bufferone": [19654.19420211171, 20085.06441368066, 19109.744887346857, 20334.16734860529, 19385.67578659826, 20763.619005554232, 19948.144114182738, 20143.88897970361, 19636.156617221364, 19980.54040695405]}