{"visualise": [37122, 54599, 36374, 55124, 37062], "editone": [51561, 51566, 69826, 51481, 51978], "editall": [29037, 35847, 52312, 35323, 33169], "queryall": [28943, 26456, 28670, 31189, 33362], "queryone": [29860, 66155, 50762, 29588, 26560], "editgeomone": [1591725669624, 1591725756398, 1591725840873, 74333, 1591726078382], "editgeomall": [55563, 1591726249966, 56609, 1591726429653, 56782], "bufferall": [1409710897034.3728, 1330133077992.9116, 1334721498057.2915, 1343371360249.1294, 1342453467404.425, 1394924516121.6106, 1307141700419.972, 1341902522001.3396, 1412995499654.645, 1325934371329.6829], "bufferone": [28376.947210740316, 27309.938016191678, 28347.463530959114, 27225.219868967346, 27690.957002483865, 27697.186515371784, 25645.381035924376, 27436.172202373502, 26576.407930299705, 27174.26205158616]}