{"visualise": [5256, 5750, 5442, 5576, 5263], "editone": [7291, 7206, 7322, 7093, 7176], "editall": [3826, 3620, 3643, 3649, 3786], "queryall": [3727, 41155, 3610, 3642, 3709], "queryone": [22009, 3884, 3705, 3602, 21980], "editgeomone": [6773, 6916, 6829, 6970, 6823], "editgeomall": [7290, 6811, 6844, 7290, 7149], "bufferall": [24319.632815273933, 22693.987709117395, 24160.892410372846, 22458.625790647584, 23201.350043241186, 24630.569328032358, 24150.682259619407, 23768.807692289905, 24075.42582884262, 24899.707921904894], "bufferone": [20372.077544274445, 18085.088431047785, 19118.468027217084, 17860.193611411065, 19099.313089825617, 17881.981368328834, 18749.041265977583, 18161.35481296123, 19998.268194866218, 19800.71766398224]}