{"visualise": [13190, 13056, 50906, 13342, 30880], "editone": [17171, 16748, 16875, 17026, 16470], "editall": [8811, 9042, 9024, 9132, 9287], "queryall": [8930, 8678, 8826, 9076, 9128], "queryone": [9049, 8679, 8760, 8942, 9086], "editgeomone": [54247, 17001, 16902, 17104, 16790], "editgeomall": [17025, 17007, 17292, 53873, 17239], "bufferall": [1268443204996.328, 1227010752301.6052, 1318407937311.0928, 1278075951158.5251, 1260424058491.5479, 1320482146800.639, 1253614682188.878, 1351726176688.9683, 1375462951421.446, 1268246176445.2449], "bufferone": [9132.532642884635, 8618.33833985674, 8220.845404408014, 8500.93869530784, 9242.159141048613, 9163.278913830381, 9378.211750123286, 9074.458418471528, 8646.151036781897, 8873.411529719506]}