{"visualise": [1788, 1860, 1816, 1771], "editone": [2056, 2086, 2056, 2393, 2235], "editall": [1727, 20138, 20069, 1742, 1746], "queryall": [1583, 1544, 19954, 1525, 1569], "queryone": [1538, 1578, 1542, 1592, 1586], "editgeomone": [2223, 2057, 2079, 2060, 2069], "editgeomall": [2054, 2111, 2199, 2096, 20458], "bufferall": [5329.746943256737, 5496.732351517599, 5477.417775799714, 5864.7956019388575, 5372.292438174789, 5780.802364058495, 5086.4465666612305, 5487.080004658023, 5680.753012672672, 5484.326310564491], "bufferone": [1771.9443401056503, 1686.5525031654781, 1618.1779497695409, 1600.5756789968557, 1620.619190454907, 1511.9917292933596, 1639.4260545506966, 1652.7982329106014, 1633.02032209174, 1663.9418988032485]}