{"visualise": [23998, 24127, 24002, 23700, 24438], "editone": [35867, 17563, 17991, 17562, 17821], "editall": [26313, 8499, 7995, 26405, 7934], "queryall": [7928, 8040, 7875, 7966, 7957], "queryone": [8182, 7858, 7893, 7880, 8253], "editgeomone": [17949, 17821, 17623, 17737, 17637], "editgeomall": [17554, 17755, 18085, 17668, 16696], "bufferall": [1524942869621.6956, 1446163672318.558, 1484033995666.7861, 1469005680172.1204, 1425567491391.6062, 1410222721479.758, 1491515043244.4338, 1491053326051.3477, 1451169502397.432, 1428240771298.2625], "bufferone": [9266.627573284159, 9387.419636509117, 9010.90411438442, 8637.040675803259, 9007.03792401694, 9150.182518709293, 9428.094674877957, 9877.170781998788, 9016.41297950978, 8739.734349297578]}