{"visualise": [1921, 1905, 1807, 1855, 2023], "editone": [1881, 1879, 1994, 39423, 1880], "editall": [1736, 39154, 1709, 1740, 1683], "queryall": [1488, 19814, 1477, 1582, 1492], "queryone": [1517, 1486, 1516, 1469, 1511], "editgeomone": [20251, 2034, 1879, 1883, 1889], "editgeomall": [1991, 1933, 1913, 1887, 1863], "bufferall": [3375.923938079803, 3272.1743002832814, 3518.9458453884163, 3449.954011112929, 3409.030910759613, 3125.3553657785574, 3304.2067379560617, 3415.388487905211, 3309.4417423868654, 3387.3873645905155], "bufferone": [1413.8894788392379, 1442.848155534582, 1381.8326955728485, 1504.6105471078333, 1476.7205953539517, 1333.4954324227338, 1438.7234581646078, 1367.039315898251, 1439.6835195592153, 1424.8978625316686]}