{"visualise": [2318, 2250, 2144, 2236, 2164], "editone": [2855, 2810, 2847, 3113, 2855], "editall": [2019, 39405, 1969, 1917, 1980], "queryall": [1894, 20211, 1965, 1888, 2059], "queryone": [1938, 1916, 1894, 1887, 1853], "editgeomone": [3017, 2865, 2858, 21200, 2944], "editgeomall": [21164, 21199, 2956, 2968, 3158], "bufferall": [5149.404500343458, 5643.877114287454, 5377.908080155846, 5390.302702457146, 5426.771355330737, 5326.208250160455, 5415.6132133291885, 5292.056302788129, 5214.964436887399, 5356.4974225466], "bufferone": [1485.3560212426978, 1494.5041435399555, 1446.1731160161344, 1456.0562942621277, 1431.5052193568388, 1525.6738668424657, 1491.3910436649855, 1377.9168306417891, 1468.9504338531788, 1457.7851408377787]}