{"visualise": [1474, 1522, 1450, 1441], "editone": [1573, 1582, 1572, 39028, 1589], "editall": [1740, 1702, 1743, 1748, 1707], "queryall": [1246, 1364, 19690, 1330, 1354], "queryone": [1394, 1388, 1376, 1334, 1312], "editgeomone": [19895, 1630, 1654, 1597, 19936], "editgeomall": [1620, 1641, 1587, 1669, 1539], "bufferall": [3330.933759818465, 3497.119854790878, 3423.5930778593847, 3607.206058425223, 3311.745939305912, 3434.797753233954, 3482.020827945635, 3363.3642989740865, 3372.58268601633, 3256.611638613048], "bufferone": [1186.3482587580702, 1122.2453453593876, 1158.1820299752294, 1177.186684409798, 1225.9313471049422, 1141.7447665537015, 1139.4346363103205, 1073.9831518029803, 1109.0711281621932, 1164.0995688173498]}