{"visualise": [5703, 5764, 5789, 5706, 5733, 5720, 5588, 5616], "editone": [1861, 20212, 1851, 1837, 1817, 20250, 1946, 1862], "editall": [1883, 1878, 1924, 1861, 1935, 1858, 1894, 1855], "queryall": [1708, 1711, 1704, 20045, 1705, 1770, 1697, 1682], "queryone": [23672, 5262, 5400, 5353, 23688, 5345, 5337, 5812], "editgeomone": [23927, 6024, 5563, 5748, 5576, 5839, 5803, 5923], "editgeomall": [8134, 8099, 8305, 7852, 8269, 7631, 7968, 8105], "bufferall": [4163.191388376921, 4192.671432820718, 3996.425891508478, 4124.68590203357, 4233.569090069856, 4305.74194822133, 4075.9433131755472, 4177.140102133586, 4190.673091892047, 4191.176961116712], "bufferone": [7761.9520441630975, 7852.88900822221, 7864.504704032382, 7765.363331112245, 7966.333869868384, 7364.418236825976, 7705.261373967832, 8239.009216774912, 7727.041894602619, 7837.801886116641]}