{"visualise": [31979, 69852, 32639, 32051, 32912, 32063, 32585, 32364], "editone": [14744, 15298, 15047, 14390, 32767, 15257, 15083, 14743], "editall": [15522, 15132, 14910, 15433, 15324, 15219, 14865, 15936], "queryall": [8833, 8956, 8675, 8737, 9124, 8398, 8836, 8271], "queryone": [30234, 30013, 30652, 48250, 48606, 48449, 29820, 30483], "editgeomone": [31063, 31339, 31755, 31074, 31124, 30880, 31322, 31749], "editgeomall": [44956, 9240, 45272, 45019, 45162, 8866, 8617, 26729], "bufferall": [17805.328929914664, 18009.258557987774, 18250.013837293183, 18849.37485295414, 18873.841136178755, 19564.982900370116, 17581.418611395675, 19329.939228930987, 17221.253290190292, 19581.71049366519], "bufferone": [33882.1990815063, 36676.33765472088, 34387.616859794725, 34178.19669140523, 35389.56868061236, 33134.4685271531, 33708.14912947352, 33143.799554760764, 34921.94774990088, 34703.29902449929]}