{"visualise": [3315, 2820, 2831, 3206, 2650, 2658, 2382, 2535], "editone": [1839, 1769, 1938, 2296, 2381, 2024, 2125, 2351], "editall": [1914, 2131, 2114, 1891, 1901, 1848, 1744, 1821], "queryall": [1696, 20098, 1832, 1779, 1641, 1759, 1833, 1865], "queryone": [3716, 21671, 4734, 21916, 3784, 3059, 3015, 3262], "editgeomone": [2869, 2771, 2711, 2731, 2735, 2554, 2845, 2645], "editgeomall": [3563, 3645, 4035, 4245, 4700, 5520, 6308, 5074], "bufferall": [4629.645554147132, 4763.145702491023, 4622.414220249315, 5057.252917483683, 4621.257061803835, 4852.908151797286, 4585.6630580866, 4859.237640083048, 4856.656656269277, 4786.992052543659], "bufferone": [2307.487304514195, 2286.621833337311, 2295.7176113557125, 2418.8452302335713, 2280.7350336403297, 2389.8270117311213, 2116.7746781730175, 2239.447470930171, 2249.0363713065744, 2357.0600943475674]}