{"visualise": [13693, 13862, 13545, 13905, 13420, 13454, 14052, 13492], "editone": [24284, 6142, 6143, 6368, 6494, 6183, 5958, 24386], "editall": [6348, 24261, 6384, 5942, 6232, 6418, 5856, 6301], "queryall": [22019, 3630, 3723, 22029, 3950, 3832, 3829, 3799], "queryone": [13284, 12761, 50243, 13221, 13088, 13001, 12806, 12960], "editgeomone": [51061, 13437, 13180, 13621, 13080, 13530, 13372, 13502], "editgeomall": [18270, 18931, 19184, 18924, 18557, 18653, 18659, 18882], "bufferall": [23286.006107456, 21806.01699055655, 22320.148687031127, 22605.487916544043, 23000.850400239662, 21845.301471350966, 22047.410059842252, 22692.6126878431, 22355.262098432522, 22355.806889472296], "bufferone": [14770.48647442051, 14845.709892139126, 15157.99970976575, 14968.300348394649, 14774.295382907925, 14682.657467167459, 14575.424662309728, 15265.167546059765, 15811.322051536234, 15231.874257104038]}