{"visualise": [5336, 40144, 2815, 2953, 20993, 2691, 2684, 2866], "editone": [2065, 2135, 2034, 2064, 2073, 2194, 2047, 2141], "editall": [2021, 2102, 2041, 2102, 20420, 2261, 2052, 2030], "queryall": [1770, 1838, 1781, 1802, 1758, 1806, 1779, 1745], "queryone": [2711, 2636, 2671, 2552, 2586, 2516, 2665, 2979], "editgeomone": [2779, 3003, 2752, 3063, 2851, 21122, 2912, 2937], "editgeomall": [41062, 3643, 3831, 3511, 3667, 3669, 3819, 3480], "bufferall": [6481.6484425590115, 6345.818271928229, 6742.369351243636, 6672.6822019017745, 6479.947657979645, 6600.723765586238, 6491.432839302147, 6672.247185991209, 6444.977130538331, 6805.416936267508], "bufferone": [2594.3627963219296, 2318.925120554103, 2584.348380480624, 2519.6644797600156, 2470.231308857706, 2531.2241766536313, 2467.6077316127116, 2561.9568198651464, 2576.3675389019636, 2549.00814028986]}