{"visualise": [3027, 2964, 2959, 3093, 3054, 2761, 2949, 2839], "editone": [2288, 2375, 2290, 2307, 2314, 2399, 2343, 2384], "editall": [2316, 2425, 2332, 2431, 2347, 2320, 2320, 2292], "queryall": [1868, 1935, 1896, 1862, 1915, 1860, 1859, 1905], "queryone": [2726, 2917, 2969, 2916, 3073, 2745, 3135, 2739], "editgeomone": [3062, 2992, 3223, 3157, 3196, 2942, 21307, 3121], "editgeomall": [4240, 3955, 3983, 4200, 3760, 3915, 4042, 22256], "bufferall": [8732.924502709202, 8449.702256852106, 8884.43470073706, 8295.390268505336, 8427.009303433022, 8285.133005956968, 9176.236729728786, 9002.85572273832, 8060.530790348212, 8890.639780675565], "bufferone": [2808.7466181531536, 2639.6878637786594, 2757.1425681558344, 2670.894939901318, 2674.8224523676945, 2633.8614210377245, 2743.6567385520143, 2562.0248067473613, 2646.6749217110673, 2606.7956409950866]}