{"visualise": [7754, 8005, 7948, 8269, 8021, 8318, 8353, 7926], "editone": [20386, 2170, 2139, 2080, 2027, 1996, 1991, 1989], "editall": [20417, 2110, 2021, 2100, 2107, 2039, 2096, 2106], "queryall": [1779, 1741, 1750, 1745, 1744, 1768, 39275, 1762], "queryone": [25790, 7168, 7528, 44765, 7763, 7251, 25818, 7821], "editgeomone": [7721, 7737, 8106, 7825, 7793, 7601, 7900, 25837], "editgeomall": [10204, 10379, 10139, 10503, 10611, 10725, 10797, 10736], "bufferall": [3277.6220570606497, 3564.5735212746717, 3294.312432957786, 3373.906067486631, 3551.1164401558235, 3579.1928047967344, 3239.255103339246, 3705.8307144869273, 3326.430578810695, 3495.888199698677], "bufferone": [9085.479266226163, 8171.0406615515585, 8442.346164425095, 9180.12872957495, 9014.732905192828, 9270.12815902546, 9314.979205532696, 9032.607060794038, 8409.9843757854, 8790.89744848193]}