{"visualise": [3050, 2797, 2790, 3265, 3166, 2794, 2860, 2799], "editone": [2705, 2698, 2685, 2707, 2673, 20995, 2717, 2700], "editall": [2784, 2751, 2681, 2693, 2986, 2662, 2839, 2760], "queryall": [2140, 2054, 2189, 2055, 2031, 2044, 2134, 2202], "queryone": [2759, 21122, 2753, 2881, 2794, 2937, 3113, 2955], "editgeomone": [3151, 3307, 2975, 2975, 3098, 3033, 3000, 2993], "editgeomall": [22028, 3771, 3795, 3980, 21987, 4603, 3752, 4131], "bufferall": [7900.337938812179, 7715.288704690265, 7835.2099340771665, 8049.3179440884605, 7674.9665208114, 7520.506203707411, 8030.071152768163, 8510.454717633498, 7596.716758920737, 7425.246393694445], "bufferone": [2540.154187566936, 2440.4441891318615, 2627.666485177469, 2371.832480550115, 2460.0614369107116, 2450.711892955486, 2432.7904716749445, 2532.8712116741776, 2290.503521683049, 2634.2688781897887]}