{"visualise": [-1], "editone": [-1], "editall": [-1], "queryall": [-1], "queryone": [-1], "editgeomone": [-1], "bufferone": [2658.881769865173, 2971.3892996647855, 2797.8081322805065, 2560.0296221457165, 2777.949073782271, 2669.7457748786965, 2813.042691542522, 2817.8732412797535, 2728.6461045751894, 2633.1050921148963], "editgeomall": [-1], "bufferall": [9746.139389937667, 9856.349863164569, 9723.64948190131, 9022.107238363125, 9569.912135028073, 9759.777796488925, 9977.928659104653, 9152.907671451187, 9659.144140787783, 9871.505348765693]}