{"visualise": [-1], "editone": [-1], "editall": [-1], "queryall": [-1], "queryone": [-1], "editgeomone": [-1], "bufferone": [2220.5112935417856, 2226.14439762056, 2254.877175962112, 2151.627508079295, 2198.1975393827647, 2361.3457452714074, 2217.1679886959087, 2143.359883307781, 2232.370134541635, 2360.8782078999197], "editgeomall": [-1], "bufferall": [4502.591326797427, 4560.390932069174, 4618.201850785229, 4652.371691694609, 4780.884600437066, 5044.408009861935, 4556.4996809827, 4592.643331154382, 4804.59529876782, 4333.3660691924115]}