{"visualise": [-1], "editone": [-1], "editall": [-1], "queryall": [-1], "queryone": [-1], "editgeomone": [-1], "bufferone": [2894.159828749744, 2927.7865344862516, 3062.576318179465, 3055.764643364094, 2926.731923718305, 3055.5592330186764, 3016.1591159759596, 2994.34364866345, 2983.2754846675016, 3094.7944150480453], "editgeomall": [-1], "bufferall": [7584.580806272013, 7481.934973075218, 7182.59494691042, 7483.177680661881, 7071.0385313601255, 7678.185735594966, 7886.209274203383, 7076.45028634285, 7687.98219917983, 7274.919988168142]}