{"visualise": [-1], "editone": [-1], "editall": [-1], "queryall": [-1], "queryone": [-1], "editgeomone": [-1], "bufferone": [58773.61296137041, 56465.763201245245, 56646.1559773714, 59184.067817614516, 57352.63594636568, 56757.39277092028, 54440.83579643744, 54937.953651743155, 57114.24489559532, 56069.00054332913], "editgeomall": [-1], "bufferall": [48773.32562419342, 45100.04494413715, 47556.004702800354, 43917.865879598874, 44600.42200504572, 45103.17420716224, 45582.596957647154, 45795.127915346646, 44427.71696818756, 45640.5234348557]}