{"visualise": [-1], "editone": [-1], "editall": [-1], "queryall": [-1], "queryone": [-1], "editgeomone": [-1], "bufferone": [3561.795208748638, 3660.5262685323787, 3574.3471495866675, 3479.7167233172763, 3504.224043987721, 3274.8929759828525, 3595.7235381970163, 3625.9490218065957, 3500.4895938037025, 3600.262698695263], "editgeomall": [-1], "bufferall": [7207.718985559207, 6636.095838399575, 6658.237268711827, 6935.144985810392, 6733.31424886585, 7284.287964946847, 6872.00766998254, 6874.931895899553, 7077.732697033134, 7335.1337476142435]}