{"visualise": [-1], "editone": [-1], "editall": [-1], "queryall": [-1], "queryone": [-1], "editgeomone": [-1], "bufferone": [10910.797043758235, 11418.043234466319, 11330.809229991719, 11797.545184402949, 10711.636335445657, 10640.142528634726, 11497.831676165073, 11459.721952612415, 11094.19911456306, 11537.95634827829], "editgeomall": [-1], "bufferall": [21017.04409232581, 20062.372417773233, 21334.838854399826, 21379.398728697714, 21023.33498399392, 20733.563101857337, 21312.220833664822, 20509.761853509735, 21085.368562918557, 20391.31345203802]}