{"visualise": [-1], "editone": [-1], "editall": [-1], "queryall": [-1], "queryone": [-1], "editgeomone": [-1], "bufferone": [9949.719780651578, 9825.480878387556, 9806.609115222902, 9893.352797230566, 9822.461185101749, 10117.192334509484, 10140.847033347887, 9467.899243705937, 10200.065490843317, 9259.006708393315], "editgeomall": [-1], "bufferall": [7554.962508085703, 7605.4410329335, 7497.489597066653, 7745.359456118517, 7246.793272608213, 7778.0739181586305, 7625.7870124334795, 7607.6027599925565, 7481.888456146791, 7761.4458859204815]}