{"visualise": [-1], "editone": [-1], "editall": [-1], "queryall": [-1], "queryone": [-1], "editgeomone": [-1], "bufferone": [23065.37911983139, 22134.819542076093, 22330.21832141997, 21745.193732357206, 22561.526459763918, 21401.981783413477, 21804.100012925508, 22495.346981953655, 21538.42959516942, 22110.49814871826], "editgeomall": [-1], "bufferall": [12257.365025625764, 11399.41174615029, 11280.028410871888, 11162.97912995818, 11376.69688168323, 11941.136168496763, 12305.465954974332, 11007.459367243537, 11440.441843432796, 11757.230210365597]}