{"visualise": [58141, 57921, 58039, 58011, 58217, 76370, 59199, 57589], "editone": [1591809596494, 59670, 61511, 60871, 61250, 1591810016466, 61247, 60357], "editall": [1591810266245, 1591810367594, 1591810469353, 1591810617203, 1591810758568, 1591810860724, 1591810964197, 1591811072543], "queryall": [46141, 45685, 45969, 46173, 63619, 46222, 46477, 46479], "queryone": [46106, 45473, 45854, 45777, 45713, 45927, 44357, 45989], "editgeomone": [79219, 62181, 61730, 61205, 61417, 61318, 63865, 61421], "editgeomall": [79437, 61169, 62211, 60854, 62196, 60510, 59793, 62362], "bufferall": [1344250060160.2437, 1427259618219.904, 1334039976057.8042, 1312979727765.4414, 1353402623248.5244, 1312063180341.7344, 1366998032430.6555, 1347491111937.063, 1340859953663.5676, 1403582833796.5623], "bufferone": [37948.50769345936, 36899.07063890292, 37321.475437939705, 36762.00988007647, 38722.8655577627, 35913.9742881595, 36937.80439200702, 38968.31421117561, 40172.49012183907, 35801.16898388391]}