{"visualise": [17976, 17941, 17635, 18819, 17931, 18029, 17909, 17696], "editone": [18091, 17262, 17208, 17227, 17522, 17859, 17005, 18318], "editall": [19798, 19920, 19468, 38557, 38235, 20105, 20300, 20202], "queryall": [14125, 14082, 32587, 14158, 14095, 13850, 14169, 13960], "queryone": [14258, 13998, 14245, 32294, 32324, 14244, 14159, 14223], "editgeomone": [18037, 17801, 17558, 17871, 17625, 17361, 17831, 36449], "editgeomall": [17751, 17874, 17843, 17802, 17830, 17855, 17658, 17576], "bufferall": [1527239545109.6748, 1514089128825.2864, 1429008123335.7478, 1489704776218.008, 1478410301611.6145, 1409783593469.8037, 1502695385270.7722, 1446292223539.277, 1553161773601.6226, 1456930100002.7327], "bufferone": [12308.416389772237, 12842.947030873127, 12317.384603806004, 12398.423137711165, 12194.290170183946, 12317.383128342313, 13318.721600853547, 12900.359568412787, 11938.698871498675, 13139.004665473727]}