{"visualise": [29267, 28772, 29574, 29144, 29693, 29536, 47520, 29246], "editone": [37134, 18766, 37846, 19164, 18734, 18512, 17708, 18097], "editall": [19237, 19172, 56810, 18720, 37688, 19070, 19666, 18467], "queryall": [14424, 13908, 14217, 13890, 13728, 51501, 14283, 14309], "queryone": [32448, 14043, 13909, 13955, 13803, 13705, 14282, 32449], "editgeomone": [18737, 36366, 17916, 18677, 18214, 18707, 19047, 18959], "editgeomall": [17888, 18792, 37012, 18123, 18767, 18601, 18645, 17966], "bufferall": [1465493996573.4407, 1471336204475.5728, 1516950461274.5088, 1473726009132.529, 1455964332039.7585, 1576000495173.7017, 1458239047417.016, 1527205045712.4429, 1511802996877.7197, 1490801395446.1587], "bufferone": [13493.304246952768, 13154.07624867305, 13747.49771546092, 13536.624486047393, 13639.242649470774, 13015.278280262602, 13173.4193789902, 13135.920729035406, 12905.437481126335, 13481.384996823193]}