{"visualise": [1758, 39246, 1819, 1793, 1717, 20115, 1777, 1716], "editone": [1666, 1707, 1695, 1694, 1678, 20049, 1807, 1717], "editall": [1728, 1660, 20140, 1751, 1784, 1670, 1869, 1709], "queryall": [1539, 1590, 1546, 1564, 1581, 19906, 1520, 1674], "queryone": [1559, 1558, 1544, 1717, 1576, 1534, 1559, 1594], "editgeomone": [1657, 1728, 1680, 1678, 1674, 1664, 1818, 1736], "editgeomall": [1758, 1682, 1775, 1678, 1762, 1909, 1763, 1861], "bufferall": [17006.013131526706, 17384.40544375991, 17183.674025197524, 17608.71923230427, 16781.465683318587, 17572.861089507678, 17421.61603977084, 16940.120788801123, 17909.442048088247, 17846.685823817672], "bufferone": [1582.1082170176278, 1712.8075437411837, 1665.2830540809277, 1668.5796011222046, 1686.7958122373245, 1602.0192439526115, 1672.2598536460077, 1615.4477010625574, 1565.903457556995, 1621.5576641855405]}