{"visualise": [1906, 2007, 1914, 20203, 1875, 1812, 1893, 1801], "editone": [1628, 1641, 1797, 1667, 1908, 1734, 1758, 1679], "editall": [1682, 1763, 1653, 1641, 1653, 1693, 1644, 1700], "queryall": [1528, 1549, 1491, 1613, 1499, 1498, 1548, 1559], "queryone": [1551, 1541, 1547, 1525, 1556, 1621, 1545, 1514], "editgeomone": [1677, 1706, 1659, 20037, 1651, 1706, 20063, 1829], "editgeomall": [1679, 1687, 1744, 1701, 1647, 1659, 1688, 1668], "bufferall": [4782.488175537945, 5089.865984428594, 5061.111147873875, 4820.624613379436, 4707.48104417778, 5078.551705072834, 5095.552369155713, 5105.4546041148815, 5278.2762594708, 5024.190539618435], "bufferone": [1640.236816127087, 1629.6469860529999, 1700.3298833935435, 1596.7594050648565, 1598.4057831665798, 1700.800019771958, 1635.6328945211255, 1605.6984011278607, 1549.6821243650713, 1604.5575873289413]}