{"visualise": [9073, 9091, 9698, 9357, 9473, 9482, 27439, 9145], "editone": [27512, 9619, 8847, 8844, 8847, 8951, 9129, 9189], "editall": [9230, 9606, 9293, 9563, 10086, 9522, 9560, 9317], "queryall": [7793, 7677, 7707, 7582, 7677, 7539, 25868, 7624], "queryone": [7635, 7701, 7531, 7430, 7480, 7684, 7891, 7577], "editgeomone": [27432, 9065, 9163, 8797, 9045, 8914, 9023, 9060], "editgeomall": [9131, 9251, 27184, 27389, 8853, 9418, 10037, 9690], "bufferall": [30302.51075184555, 29060.711052550352, 29389.62697358097, 29064.558333976885, 28992.620049960486, 28221.018729489857, 27974.718681215592, 29002.06096590391, 29425.56454399911, 29336.883448819244], "bufferone": [7592.466320566122, 7882.118863271809, 7983.542832768268, 7790.115060151242, 7550.934528284175, 8043.083105415254, 7869.66647419793, 8242.772394054582, 7222.11697771265, 7577.426048299964]}