{"visualise": [1415, 1407, 1451, 1415, 1390, 1471, 1408, 1402], "editone": [1371, 1475, 1382, 19739, 1361, 1399, 1396, 1459], "editall": [1529, 1363, 1477, 1374, 1401, 19722, 1415, 1378], "queryall": [1301, 1293, 1279, 1300, 1269, 1281, 1305, 1305], "queryone": [1322, 1344, 1265, 1283, 19644, 1382, 1310, 1291], "editgeomone": [1367, 1418, 1419, 1487, 1374, 1395, 1451, 1476], "editgeomall": [1442, 1429, 1363, 1368, 1400, 1418, 1364, 1410], "bufferall": [3415.860405138498, 3424.289465856769, 3012.1403617251476, 3303.026169751659, 3243.6179629093886, 3284.2730168506982, 3387.936067212431, 3328.5207110767387, 3340.4245142280392, 3174.8036746715356], "bufferone": [1183.233611257072, 1173.1408770789194, 1160.955042848059, 1201.9224434231965, 1265.8701401837154, 1225.7990248038936, 1169.6603795161573, 1175.1132605412015, 1219.7886251995706, 1210.320347795958]}