{"visualise": [1848, 39346, 20243, 1784, 1776, 1813, 1905, 1928], "editone": [1767, 1794, 1705, 1737, 1700, 1688, 1741, 1756], "editall": [1714, 1695, 1688, 1701, 1854, 1789, 1708, 1735], "queryall": [1518, 1569, 1520, 1514, 1519, 1531, 1537, 1546], "queryone": [1532, 1576, 1575, 1615, 1592, 1524, 1587, 1548], "editgeomone": [1753, 20114, 1824, 1738, 1731, 1752, 20146, 20107], "editgeomall": [1762, 1698, 1703, 1692, 1742, 1695, 1703, 20131], "bufferall": [20655.266952412894, 19779.59774287478, 19774.265404579262, 20964.34853073243, 20030.362207338647, 20828.90866431478, 20894.831426643737, 22640.744077909712, 20700.809168523527, 21215.52757068511], "bufferone": [1385.1415200872862, 1467.2257592861067, 1409.7257831168429, 1433.4026860040944, 1444.965211620788, 1408.561813853161, 1425.082344500743, 1469.0359377093964, 1502.0254918488904, 1419.2753611595087]}