{"visualise": [2728.1277041856224, 2733.974007614364, 2606.6797613671897, 2668.054098187935, 2417.5026645429584, 2721.032905777659, 2683.1253251582802, 2628.371519569679, 2570.9563486908487, 2528.115147715974], "editone": [2299.268231329297, 2352.81938493094, 2404.943332700963, 2323.9326784192067, 2231.6048920055655, 2451.036534958382, 2347.3210987513057, 2236.1636786330287, 2402.4312008866355, 2408.890376931246], "editall": [1642.5814143530913, 1568.9583094459754, 1652.4849577943985, 1681.2731626803416, 1678.4816039841717, 1593.8832665395391, 1591.8301111982387, 1619.7966534668044, 1672.090662754844, 1638.9105916515744], "queryall": [2527.5591450212537, 2561.560831049854, 2557.259765136373, 2568.264737585751, 2593.399047187076, 2606.1380899541655, 2647.2288552311443, 2533.485892977248, 2483.6957895431797, 2589.6199267340617], "queryone": [1188.236984970633, 1152.0798163350305, 1116.9815944753288, 1203.6405517502485, 1171.5451571102208, 1170.9592760629182, 1187.6279637003277, 1178.3894524544894, 1225.7271360119746, 1146.4646466503837], "editgeomone": [2326.0179536109235, 2370.5153356329124, 2446.308405935089, 2146.5639794372155, 2322.6126475747624, 2331.476393074994, 2359.60295317947, 2370.4800093496774, 2280.8844043584004, 2402.8695183850105], "editgeomall": [2414.4642618661765, 2272.3928296446174, 2242.1049186735386, 2288.582760003348, 2184.4897411052484, 2445.006476593449, 2445.384316659172, 2270.472588641645, 2297.3866800375904, 2270.4519080220052], "bufferone": [1138.5643069787398, 1165.2596755554, 1118.9252879821668, 1061.256083798209, 1051.3248592481066, 1061.768770285193, 1102.276063131565, 1122.905510872341, 1161.2764571305963, 1090.750699389447], "bufferall": [5841.499279487776, 6027.194528098766, 5889.634071331095, 6105.650209631134, 5934.627423290449, 5930.848012833051, 6096.536302269165, 5908.201815431346, 5895.093884061598, 6042.460281544354], "decode": [72, 1593372322899, 64, 70, 56]}