{"visualise": [48997.32627488562, 50281.92540982524, 49427.869216666375, 48739.621646834705, 47780.71485713663, 51382.501774401404, 48732.501906079946, 49413.258851638915, 47585.21270012004, 49555.730858721014], "editone": [41975.09360558339, 41546.502951242604, 40082.49497713358, 42120.49744028679, 42091.2870973977, 40734.593588742006, 41415.825574019356, 42877.2853829628, 42943.70347161839, 39952.25703627449], "editall": [24694.868444691434, 24986.344430248784, 24173.12992176212, 26333.924334325533, 26279.196929995152, 26152.10392307198, 23396.263812725236, 27074.39574471068, 26703.486733703994, 24073.228950350604], "queryall": [61718.66821658828, 59420.36128189138, 57465.77974444155, 58429.63578585206, 57767.38173297313, 59537.6634564428, 62844.17126214236, 61484.05069245855, 59058.32095443045, 60653.64631149931], "queryone": [4320.906362943376, 4174.330738199135, 4302.104583275717, 4240.365816137946, 4004.151814514833, 4147.877465944896, 4215.611151781629, 4170.405201872794, 4334.25099323892, 4171.921497493377], "editgeomone": [42311.64707390475, 42914.70825704557, 44364.03015154735, 42637.22823128694, 44548.08142621134, 45552.51326742968, 40512.61983814721, 43190.67018043448, 42644.751334556895, 45300.84393082976], "bufferone": [1393.1399618835185, 1403.0139532929388, 1328.3866254192844, 1336.7906828779235, 1343.7660729329298, 1313.3981854729984, 1304.9309195119376, 1421.2404601387607, 1500.124925528897, 1357.69542104381], "editgeomall": [43014.85142790906, 41906.78601353447, 45392.70954717793, 43356.99981440753, 44436.438980386505, 44044.126335658664, 44950.268681028174, 46643.54482461026, 45750.084212624664, 45104.01828249018], "bufferall": [64187.516980117034, 64031.23802206553, 64870.41095892552, 63583.22901498914, 65037.443589370254, 70623.01216048276, 63612.67316473067, 64862.03097757952, 62510.67202720546, 66493.72579725384]}