{"visualise": [1757.7141423669145, 1767.422324046389, 1768.6071748704253, 1697.7800899652525, 1785.4331203393576, 1727.1358110366582, 1756.622698312919, 1685.259126177768, 1779.1067290266196, 1740.4792706254073], "editone": [1547.1685036690617, 1596.2365404487605, 1695.2032548312393, 1539.428097761349, 1573.5967757289209, 1645.1063303784376, 1545.2957054716792, 1551.9220273755839, 1576.8238347156455, 1530.5753552228775], "editall": [1344.5191976443311, 1307.1767881376718, 1319.2881636145426, 1410.1913786155062, 1321.4331234511092, 1321.8396941943445, 1354.4469015375216, 1302.8530408200652, 1378.6440490651548, 1258.5229724421038], "queryall": [1794.2023304505565, 1717.5097007684974, 1676.433889523214, 1648.97214005981, 1769.0251605355372, 1710.5932102120594, 1701.728644795923, 1722.2628257792437, 1658.8634561004126, 1706.6188656128454], "queryone": [1163.9637480031417, 1160.6534563191676, 1123.3033330547364, 1107.9841758281252, 1116.1216903202994, 1157.903831426062, 1210.6541887250914, 1129.398884243094, 1094.1347415517405, 1086.5443224764385], "editgeomone": [1640.9342990424666, 1592.6336155325366, 1640.0665493466515, 1569.988239401435, 1595.9174930867628, 1643.0110175518437, 1585.057704948832, 1567.9506207733823, 1634.0023226486826, 1572.8210298387742], "editgeomall": [1698.508471372543, 1577.4346396389394, 1674.7880859984718, 1693.4648746514745, 1706.179695280735, 1702.2654636162804, 1685.9687571105292, 1542.6572032289503, 1523.2161041238185, 1646.6739180655657], "bufferone": [1160.0036366109339, 1161.4866500895337, 1103.1324142289016, 1114.60872565106, 1120.2064408928784, 1175.9442282728332, 1095.1662468901206, 1048.401490709526, 1093.4034067174705, 1062.9124403334495], "bufferall": [2521.159459058711, 2506.9009956571294, 2545.0916699853087, 2478.2006199634866, 2418.917931135072, 2423.426405723966, 2427.296724169732, 2479.632135296142, 2601.561818443524, 2619.760823821036], "decode": [22, 22, 28, 26, 23]}