{"visualise": [2230.7785345491925, 2335.4304328173157, 2287.882420292912, 2392.4051799465083, 2290.720344515832, 2359.0676519305175, 2343.345501389121, 2331.8531925829843, 2536.8257573567766, 2334.8524324518817], "editone": [2334.572578479567, 2177.9473024837152, 2129.5758671731933, 2219.378438425921, 2224.3283286265178, 2215.033116267442, 2095.8862270274276, 2269.4862245344766, 2207.389118663881, 2148.8478426387524], "editall": [1608.8851288876326, 1693.3265886563895, 1664.8460264222056, 1566.0709292600327, 1722.8192702123467, 1720.07562664111, 1744.6768733697456, 1690.5125370409849, 1618.8902765118933, 1598.6888296005568], "queryall": [2311.350391035688, 2222.470751261384, 2427.721687168733, 2333.1143194668025, 2330.701925814714, 2070.932207457568, 2396.767586585663, 2336.970185116258, 2287.0246487921077, 2233.259018037588], "queryone": [1136.3776489185082, 1203.5484683665136, 1166.1551632846347, 1277.264541782736, 1263.9704480401156, 1249.0804446880181, 1223.0501222403009, 1200.63842373863, 1242.1815899832777, 1179.744053558249], "editgeomone": [2328.3623082632503, 2335.4692440372824, 2274.8871671399756, 2406.974944115798, 2491.2360119088758, 2395.771937572247, 2486.066638196011, 2378.440993657024, 2305.599425460944, 2311.028082791993], "bufferone": [1101.641811466788, 1152.5730956904663, 1108.0576958514714, 1014.8011430227905, 1102.6133544755764, 1098.5309872174903, 1172.3426514678454, 1079.0822229676476, 1147.8285199186753, 1135.6445684978364], "editgeomall": [2248.076653609708, 2076.9415911729934, 2161.0752059939423, 2117.6336399959737, 2225.5746454812574, 2217.736570434843, 2172.8514627925765, 2075.312712352706, 2154.1172977290485, 2216.240648318635], "bufferall": [2904.605799300635, 2799.2046939146335, 2886.1263977111435, 3059.09730017481, 2918.6808462344225, 2996.976124308556, 2872.2355067714816, 2895.7062870541995, 3001.4449115634193, 2910.2244313909164]}