{"visualise": [96549.97985083758, 97646.88732235656, 107347.72898615996, 97460.9076017211, 102947.35764472613, 102586.38059188979, 101622.90412252511, 104678.26042593822, 98120.67067007786, 100350.40639097484], "editone": [115284.18391461446, 112934.12700212939, 108913.89984881319, 110429.93898121933, 113242.47783136927, 104865.66947582459, 111433.40920166815, 110945.64339741814, 107682.16734529108, 117249.85683659773], "editall": [-1], "queryall": [79943.59097585465, 76917.5990203516, 78204.98916630456, 83317.33340981364, 80289.55333014923, 78580.34236583464, 74929.95787201417, 79403.62469212091, 74772.60730704198, 75549.5198674012], "queryone": [82123.99759176563, 83974.2504128183, 79815.94292490394, 76840.24566287339, 80143.42831729368, 77930.08720512406, 76700.0063778028, 78688.83785687368, 80784.61158244913, 81266.95068426133], "editgeomone": [84762.65481501666, 79399.88815793802, 84668.31954177284, 88527.8857803957, 82517.9909948396, 89581.53073547714, 85476.68000721071, 84638.72736056926, 80473.97336911553, 82704.08030268173], "editgeomall": [84664.90706964613, 85230.78119912575, 86626.83886417469, 82284.9812915839, 92811.08539463252, 83293.07639992183, 84188.32333599811, 79646.98317883087, 81351.01508695564, 85619.73961628412], "decode": [5230, 5145, 5216, 5071, 4969]}