{"visualise": [140393.43527357173, 138751.04974776096, 135102.0085734444, 128152.84768323314, 128057.20842011625, 130652.14549417656, 130620.1593583305, 125545.2381230624, 128880.81776370441, 140045.02920839452], "editone": [40586.47343396439, 37196.49864594847, 39821.34623828768, 39414.87924941405, 40562.45251707165, 39602.32386700672, 37176.341733734436, 39158.59156984881, 40219.64682497395, 39812.986965774995], "editall": [103927.38323165092, 107647.8658567675, 100438.8680018908, 105349.01680601266, 99846.50865027196, 107256.53720525544, 104693.91074803393, 104292.98887981361, 104796.03960361422, 102957.01286063534], "queryall": [84048.77977193969, 80430.10337225927, 82571.1522583751, 82864.23575602032, 83082.83937535899, 81523.41523288538, 87497.50558078615, 87092.04227926089, 83177.52836793786, 83066.54623617358], "queryone": [82106.06366828708, 88580.35294656128, 86752.79109069987, 84932.01972739444, 84518.32012257875, 82683.77384011843, 82747.31409898649, 79677.37021807599, 84365.57479378875, 85755.4608290166], "editgeomone": [84182.87190757778, 84174.3820324389, 83003.0513091775, 80686.82203865841, 80497.589686557, 77668.75731141592, 80533.30664795463, 85914.23695267615, 79166.45148109455, 86249.2051746486], "bufferone": [79844.89959133726, 75926.08431196662, 77041.41125412809, 76579.98581558128, 78163.85973203662, 79656.18478488617, 78918.28313474618, 80596.15747494515, 75985.48015560438, 78879.80518631639], "editgeomall": [-1], "bufferall": [-1]}