{"visualise": [3436.9786067383056, 3223.479260418484, 3131.252766857987, 3289.887488738035, 3133.3805919232555, 3252.841224669458, 3212.9524937519136, 3251.071623887577, 3279.46061850092, 3256.630696992909], "editone": [2614.428852325092, 2874.7978365088525, 2574.1295294927154, 2695.4949250422023, 2734.635720881943, 2582.7647443493934, 2611.6379598353483, 2793.6710553097355, 2625.3613783533524, 2755.045916554439], "editall": [1908.3637331799055, 1775.8088360828658, 1849.3991004338206, 2083.3833173080225, 1875.8542607607135, 1963.221283015048, 1844.338689252416, 1954.6142666423073, 1927.768132417863, 1858.5458256146917], "queryall": [3575.224782620239, 3504.5405976320726, 3562.6803799352306, 3673.9091506681384, 3574.0960335621357, 3740.6586515182225, 3557.4496756206527, 3652.5386588934225, 3425.5650968331156, 3572.134653349264], "queryone": [1355.874447959459, 1406.7864128567212, 1503.3594902431016, 1347.0793937454048, 1321.4305361365032, 1290.2439086309805, 1315.2576717934317, 1399.3172218078764, 1382.6719149778423, 1376.7715759477776], "editgeomone": [2722.3714849001612, 2686.745793835125, 2782.275016156677, 2783.9597489771413, 2775.204491121237, 2589.532903042791, 2747.20343633284, 2629.5927982825333, 2596.8044253995185, 2666.992051745586], "editgeomall": [2791.0460311752236, 2810.6828065490467, 2721.7597646414433, 2741.7707268011186, 2736.5654263367783, 2806.012385577622, 2888.0720331637863, 2590.836871827302, 2837.662304315908, 2656.0436504513], "bufferone": [1164.9261389787603, 1086.3127519984837, 1140.1361262361552, 1118.7037787371423, 1027.6926926421245, 1162.9903502984082, 1132.9405425958018, 1192.5938903976, 1117.0563358903714, 1074.4527032664716], "bufferall": [1956.6919059154893, 1984.522695788841, 2011.7226270150932, 1968.3590941467155, 2021.9818919411373, 2019.9281709181967, 1961.1138218316355, 2022.0932087823126, 1956.9127472215544, 1948.5208149248488], "decode": [54, 51, 50, 46, 49]}