{"visualise": [3285.123574438097, 3310.629715750903, 3277.656040465186, 3405.162134747618, 3299.210558936152, 3275.0035961948847, 3085.3646001290676, 3238.6345394880163, 3084.3330989469137, 3168.2662704568484], "editone": [2753.4483862097577, 2897.0596082238267, 2855.2537434858605, 2934.624903041948, 2829.534455602375, 2943.6594349031475, 2764.841007369589, 2930.855528207759, 2771.5567468170098, 2725.24040754404], "editall": [1738.2160867989057, 1759.0009727678562, 1825.0373450196166, 1764.4881951444013, 1814.8498755774992, 1807.4986761234516, 1791.04855218281, 1818.0705518230805, 1798.7624612576, 1722.4928632313754], "queryall": [3327.5334138452986, 3420.897575611084, 3384.2779985593747, 3458.386653532675, 3420.918747296815, 3170.3199334808915, 3436.3947284477536, 3432.2458063735235, 3420.8403824092347, 3284.502820630319], "queryone": [1373.8574446825737, 1390.4082629893094, 1387.1606505336006, 1367.4928889091848, 1346.966225116014, 1365.7027687535165, 1356.2937605416166, 1333.675324698339, 1369.4993963450281, 1355.3106223837108], "editgeomone": [2617.3899432800613, 2847.053285632648, 2872.5936875297066, 2583.7248572801614, 2736.115573336171, 2791.1992070133083, 2709.3664092978524, 2637.2405459945635, 2845.763960196419, 2814.97605510969], "bufferone": [1154.6702561456918, 1136.7693661148983, 1115.7621918865952, 1110.5379457699555, 1204.974593671046, 1158.8633917997188, 1188.0702813239607, 1088.7368098674897, 1139.0218867788367, 1119.9608719293005], "editgeomall": [2735.7428082653682, 2742.7457267500704, 2621.8789860779675, 2881.1256993564566, 2704.4348444631355, 2856.2988794598914, 2812.421672488397, 2702.410142875763, 2830.458811774922, 2554.4272146031626], "bufferall": [2105.320398664487, 2057.7930840318386, 2042.8207083646128, 2044.2558322333534, 2105.899059284429, 2044.0142983346714, 2025.364724891168, 1903.1071566737687, 2019.319752577586, 2026.2273264263374]}