{"visualise": [20426.772572846916, 19323.227669266093, 19974.762286061738, 19740.02331000042, 20489.641701594952, 19543.73707581679, 19585.198968787194, 19437.158111789682, 19984.312853420655, 19178.533625506105], "editone": [17111.63381290921, 17541.46982607829, 18256.794628626212, 18450.512591152048, 18070.41420499031, 17826.44603344366, 17600.094747116513, 18454.16635867028, 18188.937426009, 18224.527392884265], "editall": [12502.224720882563, 12964.93451367368, 13246.442076005409, 13234.808966086142, 12668.884797300776, 13500.118867645197, 13134.112033917667, 13249.87863402983, 12529.564452897439, 12482.220580286585], "queryall": [23359.62501981577, 23022.547572688578, 23337.24026692447, 23602.847010789264, 24226.544335280603, 24189.42087653011, 23244.172392075696, 24845.16295463752, 23660.549085605144, 22461.341655297496], "queryone": [1945.8253673374122, 1972.2099119764534, 1930.7124539209028, 1885.313437968319, 1848.2732554339168, 1842.5484857061529, 1988.3587394803476, 1880.1316653100102, 1776.1169247330538, 1880.390919417472], "editgeomone": [17402.14638792336, 18340.936588045755, 17310.69733064463, 17273.351491221183, 18109.13356069072, 17597.99170775958, 17412.447695820898, 17490.23169814316, 16685.31389497415, 16673.782220972706], "editgeomall": [17955.252583878755, 18470.892208892554, 18492.17911739124, 17627.77320782966, 17792.723444898063, 17242.654107561637, 17277.7132586834, 19420.09982379923, 18491.70043304524, 16802.63265455587], "bufferone": [1120.1583305006104, 1115.9022042933148, 1091.8067308372017, 1144.269669077636, 1169.8292319524583, 1189.9845355409784, 1068.3525324499878, 1147.1912547396066, 1180.5849754049907, 1106.764743510927], "bufferall": [27579.924117556417, 27056.668272877185, 29375.42087178173, 28859.760970808602, 27840.155704721645, 27815.597088175826, 27318.59748917976, 28870.12774377026, 29070.587988869807, 27761.85884472278], "decode": [950, 942, 951, 957, 959]}