{"visualise": [2609.5639720670197, 2813.9477152760765, 2660.611736051053, 2708.313549422275, 2673.52279953437, 2807.036144278333, 2714.273956244571, 2675.3229682429396, 2674.961107707422, 2597.0259616096155], "editone": [2385.9279342016775, 2425.6578183317433, 2468.283548875305, 2459.5485968608964, 2401.070509008951, 2341.344645082546, 2368.7127024199053, 2455.8348704970163, 2491.620321219133, 2420.1655329915748], "editall": [1680.6010838510913, 1616.8341287276526, 1628.589767566637, 1729.2242350472518, 1602.2941489648958, 1602.7756626513192, 1591.8116386600104, 1649.6718241931674, 1533.210249519412, 1610.7048431726425], "queryall": [2561.889941448546, 2724.9634267093484, 2653.6971047735688, 2734.47358942136, 2687.340113001896, 2732.2390552443535, 2593.048417770112, 2652.054629331788, 2737.7513835511386, 2682.398553078893], "queryone": [1270.5967754967442, 1225.083815115152, 1254.0633890725444, 1334.1824105694143, 1318.3307367503814, 1210.255055894132, 1214.1537952420506, 1221.8521207036129, 1138.496965232076, 1211.5584687447615], "editgeomone": [2475.5269416885194, 2301.8908724310713, 2332.090523700345, 2291.96115630126, 2411.289195592783, 2282.6144326570156, 2315.8468536657842, 2348.560557836732, 2245.962192366986, 2244.578890156244], "bufferone": [1078.875132252655, 1095.2652262617032, 1149.5631345204274, 1013.2427053593398, 1099.4772430241585, 1129.8042795820534, 1048.8675728899757, 1032.774754850818, 1034.310401362622, 1076.8415434857905], "editgeomall": [2425.161047744833, 2426.3654422550253, 2522.8257795350705, 2364.5563364039544, 2444.985683461554, 2346.452690937902, 2516.1392206630308, 2431.4373085193656, 2480.590888362743, 2308.1317670701596], "bufferall": [5984.297800123867, 6142.686806173421, 6156.736761412879, 6224.913856251092, 5868.595088632478, 6062.743061756031, 5993.682110922448, 5773.360837393873, 5989.290733130931, 5934.1149802858035]}