{"visualise": [2458.0251281367628, 2502.4981759747743, 2489.4912130082384, 2327.3556128946543, 2471.126288267178, 2584.941202973955, 2535.2140697650416, 2421.038180905694, 2372.569841454827, 2375.6963743081837], "editone": [2264.3102994540022, 2171.282716303556, 2299.9742500740363, 2232.7688797383894, 2112.452397036584, 2264.516436295349, 2193.2609819295644, 2363.487655098929, 2251.531853298497, 2213.1374250925855], "editall": [1725.1931173525527, 1688.2659134361552, 1776.8005901254394, 1729.6508829295472, 1777.3801249885069, 1703.6890639338174, 1725.9566522075668, 1711.484912853296, 1656.6766600509627, 1673.0451052212527], "queryall": [2406.9701320231775, 2311.3104870542234, 2298.01398663749, 2250.7851991953657, 2204.3237664754784, 2401.216782033813, 2416.1125125071553, 2361.5948592337263, 2420.635345432724, 2251.586915669358], "queryone": [1253.1065721657735, 1228.4170370824147, 1173.9830043946256, 1226.150025648943, 1211.1062395740248, 1186.5651756171071, 1234.0161811871985, 1230.3442647123566, 1314.0455892417415, 1270.9503808451357], "editgeomone": [2098.093075032347, 2128.1518203598716, 2137.9353689391237, 2128.031918956202, 2142.363564172947, 2046.8720945744064, 2101.494593743261, 2243.5081626026335, 2123.2185179299263, 2027.875796437019], "editgeomall": [2278.4043748461886, 2196.5977682031375, 2138.213237464486, 2252.6512220338705, 2198.0201377008525, 2274.270681785614, 2178.954475267566, 2146.6986386784415, 2195.022101181714, 2129.382128576527], "bufferone": [1128.512944740487, 1113.7544067945778, 1132.8539134591804, 1108.6620839035547, 1135.4555179083275, 1114.1332716324941, 1109.1991435359787, 1160.402412123362, 1107.76617260055, 1074.0510499218915], "bufferall": [3062.837364607109, 2979.8885369681316, 3109.0901434977554, 2982.6474489594993, 3171.1912044977926, 3101.4861215431556, 3047.251546337821, 3063.278544805634, 3052.1845591567876, 2980.934391660218], "decode": [53, 52, 55, 52, 68]}