{"visualise": [1895.0574432462663, 1817.5127418345155, 1748.1770661681076, 1867.8851572119684, 1843.9648837561476, 1877.8684417969569, 1719.2925234580468, 1790.0026960670377, 1835.047000735698, 1846.9461542086135], "editone": [1660.7695448601125, 1686.7366246750275, 1696.4669561545277, 1733.0984450702474, 1754.2072451157483, 1621.9004201838386, 1710.7362345822246, 1664.4911908741633, 1709.8875325980257, 1768.8749117516443], "editall": [1308.3681350077245, 1230.9510380862143, 1280.7379965319994, 1325.471475176117, 1316.812402360577, 1299.378522326396, 1320.5841133923461, 1345.7879055611716, 1372.1648164237395, 1278.801111125347], "queryall": [1832.8073103176312, 1777.2811846469017, 1742.5124207512692, 1775.9571506220725, 1871.2572754861403, 1795.0764818060893, 1753.9281348810762, 1716.4688796227147, 1651.8634038414712, 1799.7721912297843], "queryone": [1099.2033321489473, 1138.46337856789, 1176.166821553489, 1113.2001602680787, 1134.4988258706805, 1055.56569017934, 1188.3661361579027, 1125.8541099582683, 1096.6767147496955, 1110.714804441434], "editgeomone": [1692.4571570282494, 1740.4361990572106, 1653.992115601305, 1679.933527525252, 1688.7198284181395, 1659.543212763835, 1730.4598750372634, 1701.2299255305854, 1728.5995894193836, 1660.9110652734933], "bufferone": [1082.8752274749604, 1117.8088918056526, 1199.425687686041, 1112.1449377244285, 1080.6472120650808, 1096.684487489087, 1109.87598688908, 1145.1446145779043, 1164.4085362188273, 1045.2572780999274], "editgeomall": [1612.2819994065112, 1648.6791208434447, 1645.8059030645263, 1595.398939790337, 1685.1180178135833, 1717.7846862277795, 1697.2060417631699, 1699.5009269877235, 1640.3848542467156, 1615.5776042499995], "bufferall": [2616.3618012235693, 2647.649034911943, 2352.430161459645, 2624.9878528470945, 2731.5958983040873, 2518.6796938378448, 2613.299579098411, 2602.075632237304, 2648.725943978054, 2546.8888344055517]}