{"visualise": [59815.289831932365, 59203.6489621896, 57554.107054785156, 57894.12447980423, 62252.96215552615, 61617.14513598065, 63348.32109850686, 64258.02047882611, 62737.74775868905, 61942.8089221489], "editone": [45738.304461660606, 47075.16584403698, 46697.96594985703, 47175.303971679336, 45854.88076117708, 48598.145365746364, 47216.44723173893, 48183.93724142725, 47697.30986707962, 47400.32657679974], "editall": [19056.328151219943, 19548.468736596496, 19332.475876661418, 19407.56823275224, 19241.55161484256, 19401.57119524474, 18729.68124629232, 19622.698657510005, 19523.05719174177, 18995.230790455676], "queryall": [16297.880948688833, 15603.102003406402, 15602.9418315836, 15871.87074126348, 15924.56382542851, 16322.917552553796, 15303.072077015764, 16090.758730543957, 15505.516446882075, 15239.025647494585], "queryone": [4395.59978877019, 4286.325767302162, 3987.7290110393938, 3933.6140360063523, 4196.053716937659, 4075.334900743976, 4220.331591457387, 4232.243167767631, 4311.384890320399, 4241.0086046518745], "editgeomone": [47328.32735376257, 44367.73089970905, 43481.24329523493, 46965.842781124054, 45629.18427155434, 44939.10734314622, 47594.72144302574, 44308.136780229, 45705.20159768918, 46952.835248869094], "bufferone": [1333.7072058843007, 1271.3694253786057, 1258.7297508932168, 1330.527584640399, 1248.0387882119794, 1238.4022044216997, 1320.4215420501432, 1291.2355029224811, 1207.6474224881426, 1393.7700887658468], "editgeomall": [47131.28780050529, 48543.05355527413, 46032.313958760926, 45766.223594147596, 48300.704038532385, 46633.19594913913, 44442.87708169336, 45642.379213200926, 46354.99210431258, 46314.62963396729], "bufferall": [51045.61602429622, 52380.90173378661, 53215.84785759993, 51315.373618362806, 53402.51133113909, 52546.11936406077, 51436.13128280577, 53420.58113219621, 53539.44595182797, 54584.321111810576]}