{"visualise": [58410.874982545865, 57072.37719890763, 58241.00181774752, 59107.8786698121, 55755.36501389724, 55864.73583600307, 56324.35694600854, 59013.46251184199, 58904.36303165067, 58373.3512164332], "editone": [42426.58939378654, 43440.035345179254, 44443.69087616524, 44369.8601188833, 42583.03240205079, 46100.619683205914, 44596.70867148275, 44305.80448717139, 45004.41863562358, 42738.50208935431], "editall": [19066.452891970508, 20013.034492581657, 19127.284466001704, 19026.42550072144, 19447.245705213376, 18678.64927664315, 19071.14357162471, 17854.913548876928, 19396.017176999896, 19295.747054599688], "queryall": [58983.96914906468, 56257.305288320764, 57732.055212339146, 56493.44054466327, 55460.25177453163, 58372.024680087, 55810.69029523746, 52957.84162152596, 54698.818909539805, 53814.233562284935], "queryone": [4384.73813701977, 4249.454115972017, 4120.23627089251, 4452.579239274237, 4108.638383842035, 4421.9917358390785, 4191.987402011211, 4209.30310049614, 3890.377157801755, 4269.572624252654], "editgeomone": [43584.09452893532, 44334.21417483417, 41746.53623794485, 45013.07833899262, 43275.403800863976, 42657.1658297017, 45384.72900836223, 43542.480290301326, 47036.06706149448, 42832.51483228122], "editgeomall": [46513.45310506084, 44045.000439071446, 45645.394601670945, 46498.07975115757, 45488.527415973964, 41599.4426326298, 45442.36343221357, 43913.73431819575, 47689.79072791376, 43704.29542396097], "bufferone": [1239.971027981949, 1323.496340195133, 1330.2420104905336, 1347.177407214466, 1260.4151153603323, 1273.3120062591486, 1355.8885878350454, 1282.9162739223968, 1279.0861382096389, 1332.7499916247548], "bufferall": [50416.26449982296, 49162.23361533355, 50647.11002349921, 51999.67003678965, 53692.26679427212, 49001.93979127965, 50139.72567480971, 50672.08685701761, 49388.43744586124, 50595.50748721734], "decode": [947, 1109, 948, 989, 944]}