{"visualise": [28266.78723429755, 29620.360617953804, 30580.189375450424, 28821.277828390692, 28414.936594518193, 29491.182647451842, 28673.648443789865, 27783.009019261666, 28866.738443680817, 28577.87436930279], "editone": [27805.096324857066, 27774.941945001672, 25753.085962652753, 25824.829348225056, 27702.36314560453, 25950.066172433326, 28018.304483644442, 27824.42526896056, 25600.372562944893, 25332.321243956932], "editall": [13039.438718141602, 12232.74854522385, 12589.51257726373, 12823.631274508676, 13217.559186731429, 12872.075841739546, 12813.852187114991, 11896.677205551561, 12003.886606735658, 12068.5775050039], "queryall": [31839.956173959676, 31448.69705703615, 30737.56767277024, 32815.97500024945, 31100.787049548006, 33080.95282402516, 31965.507850422495, 32349.440173666968, 31599.565081785127, 31917.69325637284], "queryone": [2159.677853090763, 2205.218447047705, 2239.736804539954, 2133.3451666493825, 2306.0192738025735, 2114.2899884877115, 2268.6665918697568, 2223.352800929032, 2241.137191332403, 2292.3658432200396], "editgeomone": [28351.603422497374, 26290.357647154753, 26179.23105557407, 26148.633817499558, 26922.05283778759, 27656.336204257128, 26078.55521229544, 26463.016611116844, 27322.96024826188, 24809.498433100576], "bufferone": [1194.6744758769703, 1204.4119411149118, 1185.1154620156144, 1174.9868723550885, 1148.7438875838575, 1191.0194898320003, 1116.5163179115573, 1220.184082011739, 1131.488780376393, 1180.0991348456048], "editgeomall": [28137.894694944825, 28145.05260189778, 25580.777944114743, 28752.672355153223, 27300.648730621153, 26900.586286302918, 27832.187146698307, 28222.78264132594, 25829.803085513242, 27231.987687504108], "bufferall": [38609.47155559468, 38424.90986085206, 36485.83454593633, 40118.29239532505, 37702.51563534812, 38947.672999178736, 37633.35230547279, 37391.68616136424, 38281.58547600443, 38906.29004088341]}