{"visualise": [47881.046442571256, 50342.91434590744, 49838.77360141369, 49842.68042053085, 49498.8746501754, 51556.65463162776, 49960.94639706457, 47446.6838527825, 49131.89240110888, 50570.941016539255], "editone": [42876.06253620852, 43032.811947324204, 43519.04722304307, 44845.8355167143, 43127.367572318755, 44998.097927804294, 43582.18240935255, 46605.16533843198, 44302.6272754529, 47114.160747048045], "editall": [24359.95166121518, 25792.833392107394, 26565.629355357145, 23907.686540068607, 25000.571928984, 23701.500991262972, 24314.956176176154, 26167.365230598207, 23648.581763115868, 24950.57525756156], "queryall": [59974.56102784608, 59614.1147977147, 55793.72288945147, 58901.087263221874, 54603.93308876025, 57572.28146490389, 57986.7579913794, 61085.34830751396, 56050.67382718094, 58253.013523994574], "queryone": [4517.252262205582, 4473.832566517303, 4385.501110132039, 4376.318343908794, 4143.80192592628, 4316.499455572584, 4247.779903772227, 4315.9748101821215, 4263.205751011152, 4506.870430309814], "editgeomone": [41857.32076983964, 40385.87966163257, 42227.288295809085, 43545.29793088892, 41052.982777667086, 42002.20392573123, 42569.604865495035, 40140.31790766838, 39355.38552017098, 40495.2844024477], "editgeomall": [44107.43764149217, 40854.091554179446, 41793.7497903072, 42738.74479487462, 41198.81591189336, 42000.90885846058, 42578.01550641543, 44947.41591247369, 41488.21846707006, 43187.41878716986], "bufferone": [1327.3595863538956, 1364.7106311113016, 1426.1960446643961, 1387.4371992277634, 1359.4807632922102, 1464.9070024444197, 1271.0012596369413, 1390.324961019438, 1370.3582758738644, 1319.9540164418668], "bufferall": [70900.09167617839, 65342.88822304419, 72237.29659873398, 71075.22591804023, 66193.26231333014, 69479.2906745219, 72239.31718238766, 66948.72017422531, 66124.05627588593, 67497.96793502434], "decode": [1320, 1392, 1328, 1593372663778, 1319]}